age,gender,blood_pressure,cholesterol,bmi,diabetes,hypertension,medication_count,length_of_stay,discharge_destination,actual_readmission,predicted_readmission,readmission_probability
89,Male,130/96,233,35.1,Yes,Yes,10,7,Home,0,0,0.48293417145801404
48,Male,128/92,271,19.7,No,No,1,2,Nursing_Facility,0,1,0.5652880322367271
27,Other,136/82,196,29.8,No,Yes,7,4,Home,0,0,0.43489557424772535
62,Male,136/84,166,32.4,No,Yes,2,6,Nursing_Facility,0,1,0.565777639027575
38,Male,126/84,273,19.1,Yes,Yes,4,9,Home,0,1,0.5013813296529795
41,Male,158/88,240,37.3,No,Yes,4,9,Nursing_Facility,0,1,0.5589685635114772
77,Other,126/70,197,28.9,No,Yes,8,10,Home,0,0,0.4480818175146912
78,Other,110/94,187,37.6,Yes,No,9,4,Nursing_Facility,0,1,0.5881376569466173
22,Male,150/80,173,34.5,No,No,1,5,Home,0,0,0.40507912674783514
20,Male,133/71,219,34.9,Yes,Yes,0,6,Home,0,0,0.4516241612245989
18,Male,157/89,220,26.8,Yes,Yes,4,5,Home,0,0,0.4708127714223608
58,Female,153/74,253,38.5,No,No,5,10,Rehab,0,1,0.5541936332949494
48,Male,156/97,287,24.1,Yes,No,10,5,Home,0,0,0.45992885663076427
54,Other,153/75,197,19.2,No,No,2,2,Home,0,0,0.4337787698852788
63,Other,150/89,160,19.5,No,No,7,8,Home,0,0,0.4086789731699293
55,Other,119/86,210,35.0,No,No,3,9,Home,0,0,0.400125337418577
77,Male,116/70,234,27.7,Yes,Yes,4,9,Home,1,0,0.4760721585877795
29,Other,120/98,172,32.8,Yes,No,7,7,Home,0,0,0.4353912142391749
88,Other,139/75,300,31.1,Yes,No,8,6,Home,0,0,0.4571610280027555
36,Male,147/93,255,39.4,No,No,3,2,Nursing_Facility,0,1,0.5292956705733548
26,Other,111/77,238,19.6,Yes,Yes,5,8,Home,0,0,0.496112886614206
56,Other,124/73,255,21.7,Yes,No,8,2,Home,0,0,0.45374873223938395
28,Female,160/100,268,22.7,No,No,8,4,Home,0,0,0.4091792461534573
60,Female,116/72,288,25.3,Yes,No,9,1,Home,0,0,0.4672909567250255
80,Other,146/80,252,25.0,Yes,No,2,1,Rehab,1,1,0.6095036662183939
51,Other,160/88,174,27.0,Yes,No,1,2,Home,0,0,0.4401863798469403
31,Other,114/86,187,25.7,No,No,3,4,Home,0,0,0.41259029735473474
23,Other,118/84,177,31.8,No,No,1,7,Rehab,0,1,0.5534310334446175
67,Other,148/72,216,20.0,No,Yes,6,4,Home,0,0,0.4627652571524749
35,Female,117/80,228,21.5,Yes,No,4,2,Rehab,0,1,0.6085881963575174
78,Male,151/71,290,28.8,Yes,Yes,0,8,Home,0,0,0.4881662341458625
22,Female,126/80,199,39.4,Yes,No,8,1,Home,1,0,0.419071956193888
72,Other,134/81,227,39.9,Yes,Yes,6,3,Home,0,0,0.46615352047750475
41,Other,122/79,279,24.2,No,Yes,8,6,Home,0,0,0.45848403244113006
66,Other,121/78,233,32.0,Yes,No,3,6,Rehab,0,1,0.5976853421796715
88,Female,144/85,277,38.5,No,Yes,1,4,Home,0,0,0.427497122136088
32,Male,145/93,231,35.4,Yes,No,5,1,Rehab,0,1,0.5876208822736999
53,Male,113/94,298,37.4,No,No,3,3,Nursing_Facility,0,1,0.5411751180704818
23,Male,120/89,276,32.6,No,No,4,5,Home,0,0,0.3978588571941308
20,Other,117/77,269,28.6,Yes,Yes,8,3,Home,0,1,0.5014685718116997
44,Male,125/95,273,36.4,No,Yes,9,1,Home,0,0,0.4474034508387008
55,Male,136/72,189,21.7,Yes,No,6,4,Home,0,0,0.4429218677728916
38,Other,142/75,257,38.2,No,No,8,8,Rehab,0,1,0.5528426055574289
61,Other,153/100,195,39.3,No,Yes,1,8,Home,0,0,0.42632317715971885
85,Female,142/72,226,35.3,Yes,Yes,8,9,Home,1,0,0.4588970620525861
71,Female,151/81,225,25.5,No,Yes,9,5,Nursing_Facility,0,1,0.5796515534039441
37,Male,135/72,272,33.3,No,No,8,2,Home,0,0,0.3974885584380331
61,Female,128/99,241,35.5,Yes,No,7,6,Rehab,0,1,0.5946283691699982
69,Male,117/85,250,29.6,Yes,Yes,2,2,Rehab,0,1,0.629737363285159
25,Male,112/92,169,21.8,Yes,No,8,1,Rehab,0,1,0.5975469932369122
47,Male,122/74,211,33.8,Yes,No,0,4,Rehab,0,1,0.5940765341845958
66,Female,115/84,205,21.6,Yes,No,3,8,Home,0,0,0.44501938371812894
37,Other,138/83,177,35.0,Yes,Yes,8,4,Home,0,0,0.47421820287469957
31,Female,120/77,263,31.8,No,Yes,4,4,Home,0,0,0.4383287809912775
18,Other,134/92,232,22.9,No,Yes,3,9,Home,0,0,0.4492441804383888
33,Other,144/71,169,36.2,No,Yes,8,2,Home,0,0,0.445180663060839
47,Female,156/75,209,25.2,Yes,No,5,6,Rehab,1,1,0.5907924355605594
86,Other,150/82,278,34.3,No,Yes,0,8,Home,0,0,0.4403172475916714
20,Other,124/81,219,38.6,No,No,2,1,Nursing_Facility,1,1,0.5462487078895958
59,Male,111/72,240,32.0,No,Yes,1,10,Home,1,0,0.4298653398891655
38,Other,149/91,299,30.8,Yes,No,2,1,Home,0,0,0.44790609012854377
34,Other,113/90,162,22.4,No,No,4,6,Home,0,0,0.40770861792075697
88,Other,156/79,299,23.4,Yes,No,8,4,Home,0,0,0.46705541114777466
33,Other,141/84,300,32.7,No,Yes,5,2,Home,0,0,0.4480596565143055
34,Female,116/84,297,39.8,No,No,4,5,Home,0,0,0.39723957677013305
84,Female,152/96,242,20.3,No,No,0,10,Home,0,0,0.4083789666912402
59,Other,158/78,190,38.7,No,Yes,7,9,Home,1,0,0.42149943412056806
65,Male,143/85,291,21.9,Yes,No,4,3,Home,0,0,0.4544547612365888
47,Male,111/89,158,36.7,Yes,No,10,10,Home,0,0,0.4192711599229557
56,Other,120/100,289,39.5,No,Yes,4,1,Nursing_Facility,0,1,0.582399214950028
49,Female,134/89,196,34.7,Yes,Yes,2,4,Home,0,0,0.4688226622742553
52,Female,132/91,159,33.5,No,Yes,6,4,Home,1,0,0.42876586412574746
34,Male,137/96,289,18.9,No,No,0,10,Rehab,0,1,0.5898510614947908
74,Female,151/94,189,34.4,No,Yes,1,3,Home,0,0,0.42798041189365876
29,Other,120/92,192,23.0,No,No,1,3,Home,0,0,0.4155574007461273
86,Other,146/94,203,38.6,No,Yes,3,5,Home,0,0,0.42491139214820883
79,Male,160/82,196,32.4,No,Yes,1,10,Home,0,0,0.422218327787446
56,Other,117/99,233,25.7,No,No,2,4,Rehab,0,1,0.571757619598078
79,Other,140/79,213,28.7,No,No,1,2,Home,0,0,0.4109446164457829
66,Male,145/76,299,18.9,Yes,Yes,10,9,Rehab,0,1,0.6538146473625821
72,Male,126/74,242,22.3,Yes,No,1,8,Home,0,0,0.44762176315343777
38,Male,114/97,154,31.0,Yes,No,1,3,Rehab,1,1,0.5830747209431352
30,Female,153/100,211,24.7,No,Yes,4,7,Home,0,0,0.4457205233513113
64,Male,136/95,206,34.5,No,Yes,5,3,Rehab,0,1,0.5856306392605657
48,Other,144/94,195,25.1,No,Yes,7,3,Home,0,0,0.46059032070055295
47,Female,124/78,249,38.1,Yes,No,8,5,Home,0,0,0.4193867567415541
53,Other,120/97,258,26.5,Yes,No,8,9,Home,0,0,0.4626829622499373
41,Female,160/83,232,31.5,Yes,Yes,8,10,Home,0,0,0.4621657267989574
45,Female,113/87,167,22.7,Yes,Yes,1,1,Home,1,0,0.47154857106735065
32,Female,147/91,150,26.9,No,Yes,0,3,Home,0,0,0.43667675525866034
57,Female,126/90,155,20.9,Yes,No,2,1,Home,0,0,0.4462531363121703
37,Male,112/84,191,33.5,No,No,6,3,Home,0,0,0.40256576542977734
76,Male,134/84,159,30.6,No,No,3,6,Home,0,0,0.4009440005023738
61,Other,127/89,300,21.2,Yes,Yes,8,6,Rehab,0,1,0.6619859710955222
33,Male,159/82,271,26.3,Yes,Yes,0,2,Home,0,0,0.47909914843720763
48,Male,139/94,217,32.6,No,Yes,3,4,Rehab,0,1,0.5926749381012214
71,Other,135/90,208,24.6,No,Yes,0,8,Home,0,0,0.44808614545866116
41,Other,110/94,273,28.4,No,No,8,9,Home,0,0,0.4330489225333761
20,Male,150/85,214,32.2,No,No,1,9,Nursing_Facility,0,1,0.5253291145460328
48,Male,129/95,156,19.0,No,Yes,2,9,Rehab,0,1,0.5918580276220253
24,Other,148/78,207,19.1,Yes,Yes,8,8,Home,0,0,0.49158196409926247
27,Female,130/80,150,32.7,No,Yes,6,10,Nursing_Facility,0,1,0.5571516391286315
21,Other,114/71,269,21.5,No,No,2,3,Rehab,0,1,0.5832962047134376
57,Female,159/84,159,24.5,Yes,Yes,2,2,Home,0,0,0.4762114127063976
85,Male,149/100,253,30.6,Yes,No,0,7,Home,0,0,0.44088494051314964
20,Female,136/99,205,35.9,No,No,7,9,Home,0,0,0.378367270776374
81,Male,147/79,246,27.2,Yes,Yes,1,10,Home,0,0,0.47782548906985145
77,Female,113/83,197,30.3,Yes,Yes,1,3,Home,0,0,0.4763995720342174
60,Other,146/88,199,26.0,No,No,6,9,Home,0,0,0.40828180114290186
24,Male,149/85,212,25.8,Yes,Yes,0,6,Home,0,0,0.48487611010292686
87,Male,112/97,186,31.7,No,Yes,10,3,Rehab,0,1,0.592657403790861
78,Other,145/100,236,24.8,No,Yes,4,3,Home,0,0,0.4574589266435829
63,Female,140/87,272,35.5,No,Yes,0,1,Rehab,0,1,0.5940075387613813
84,Male,150/76,226,25.0,No,Yes,2,10,Rehab,0,1,0.6071520389747491
74,Male,155/76,166,32.9,No,No,6,9,Home,1,0,0.3863531612351206
56,Female,120/84,213,21.4,No,Yes,7,6,Rehab,0,1,0.6042902993447007
60,Other,143/70,217,22.6,Yes,Yes,0,5,Home,0,0,0.4752916104011172
73,Female,134/93,173,32.6,No,No,3,9,Home,0,0,0.3863687465749879
75,Other,144/82,233,19.6,No,Yes,0,2,Home,0,0,0.45495935974794427
32,Male,123/81,160,22.9,Yes,Yes,9,4,Home,0,0,0.4890930441670102
23,Female,112/93,249,25.3,Yes,No,8,3,Rehab,0,1,0.61224878938085
34,Male,127/77,263,20.2,Yes,Yes,0,9,Rehab,1,1,0.6527723343478236
73,Other,146/80,269,34.8,Yes,No,6,6,Rehab,0,1,0.5962626552244238
28,Female,118/100,269,29.4,No,No,3,2,Rehab,0,1,0.5759602809842927
50,Female,129/76,239,38.7,Yes,Yes,2,5,Home,1,0,0.45502450924832405
62,Male,150/76,181,27.8,Yes,No,0,4,Rehab,1,1,0.5989363382318947
74,Other,139/85,196,20.9,Yes,Yes,6,9,Nursing_Facility,0,1,0.6248251154793062
21,Female,132/85,300,26.6,No,No,10,2,Rehab,0,1,0.573831147388259
34,Other,125/72,232,22.8,No,No,0,10,Home,0,0,0.41634652512982656
46,Male,142/89,289,22.2,Yes,No,3,7,Home,0,0,0.4431810998114869
61,Female,127/93,158,32.0,Yes,Yes,4,9,Home,0,0,0.4642867188072783
73,Other,133/94,162,21.9,Yes,Yes,0,6,Home,0,0,0.4773722523995166
72,Female,110/85,267,18.0,Yes,Yes,6,3,Rehab,0,1,0.6579511195316036
37,Female,148/85,277,25.1,Yes,No,8,8,Home,0,0,0.4540301044451322
36,Female,149/75,223,23.4,No,No,4,1,Home,1,0,0.40458515960629327
24,Male,137/81,186,32.8,Yes,No,6,3,Home,0,0,0.42729482375328814
36,Other,129/77,288,20.1,Yes,No,3,4,Nursing_Facility,0,1,0.6079824038253633
26,Female,150/84,150,34.4,Yes,No,6,9,Home,0,0,0.40939330310980493
66,Male,128/87,221,30.2,No,No,1,3,Home,0,0,0.3997425001719842
40,Female,128/83,221,28.1,No,No,1,10,Home,0,0,0.40844190046092055
77,Male,112/97,242,39.0,Yes,Yes,6,9,Home,0,0,0.458464699172952
89,Other,130/95,208,39.8,No,Yes,8,10,Home,0,0,0.4299687813650774
23,Male,115/71,230,29.1,No,No,5,6,Rehab,0,1,0.553661465323707
85,Other,149/79,184,25.3,No,Yes,4,4,Home,0,0,0.4393026161291778
24,Other,155/95,203,24.2,No,No,0,3,Nursing_Facility,0,1,0.5493412809028765
31,Female,123/73,233,19.1,No,No,0,7,Home,0,0,0.40805197890693995
53,Female,136/96,193,39.2,Yes,No,10,7,Home,0,0,0.423493164163126
70,Male,115/100,299,36.0,No,Yes,3,7,Home,0,0,0.43544739757615225
54,Female,143/83,164,18.9,Yes,Yes,1,3,Home,0,0,0.48383996723680406
78,Other,155/91,205,35.6,Yes,No,6,7,Home,0,0,0.4288366727382611
48,Female,128/94,278,32.5,No,Yes,1,10,Home,0,0,0.4283733421278695
73,Male,155/79,163,20.7,Yes,Yes,9,5,Nursing_Facility,0,1,0.614007281332702
30,Female,124/97,232,37.8,Yes,No,4,5,Home,0,0,0.4358501782046489
39,Other,116/96,249,23.7,Yes,No,9,3,Home,1,0,0.45488361746570966
22,Female,158/88,164,35.1,No,No,2,8,Home,0,0,0.3792790436123918
60,Female,121/98,259,28.8,Yes,No,8,5,Rehab,0,1,0.6062545932523602
42,Other,136/81,284,33.4,No,Yes,6,6,Home,0,0,0.4507122073303631
19,Female,110/95,192,24.6,No,No,9,8,Home,0,0,0.41972204071584923
52,Female,134/74,253,23.8,No,No,0,8,Nursing_Facility,0,1,0.5524908791408326
70,Female,150/72,175,34.0,Yes,Yes,3,1,Home,0,0,0.4800996990758729
35,Female,122/74,215,31.6,Yes,Yes,10,7,Home,0,0,0.47762930561110667
69,Female,123/91,280,35.9,Yes,No,7,9,Home,0,0,0.4264750542623917
87,Female,131/95,203,23.8,Yes,Yes,3,3,Home,0,0,0.4811352010552532
62,Other,146/97,166,26.7,Yes,No,6,4,Rehab,0,1,0.5945604550506356
60,Male,122/92,162,31.2,Yes,No,8,6,Rehab,0,1,0.5824793528783964
61,Female,115/79,283,18.7,Yes,No,5,4,Home,0,0,0.4555574060349171
88,Other,138/98,160,33.4,Yes,No,3,4,Home,1,0,0.43750350089278056
69,Female,130/83,194,28.7,Yes,Yes,6,1,Home,0,0,0.46412944298738806
55,Female,139/97,279,34.9,No,Yes,4,1,Nursing_Facility,0,1,0.5852719271115012
36,Female,138/86,165,19.2,Yes,No,3,8,Home,0,0,0.4424521270529437
42,Female,159/96,252,34.1,No,Yes,9,4,Home,0,0,0.4381276514452766
72,Female,121/97,247,29.5,Yes,Yes,8,4,Home,0,0,0.48706459161566507
51,Male,129/78,252,25.1,Yes,No,7,3,Home,0,0,0.4527416989005202
77,Male,129/95,184,26.8,No,No,6,7,Rehab,0,1,0.5541355301646216
68,Other,155/88,178,21.7,Yes,Yes,3,1,Rehab,0,1,0.649621382489635
55,Other,145/77,239,18.5,Yes,No,10,4,Rehab,0,1,0.6324670979334557
61,Other,119/82,297,21.1,No,No,3,9,Home,0,0,0.4293399136273894
47,Other,136/94,172,21.2,No,No,9,4,Home,0,0,0.4186709945252078
32,Other,158/90,290,33.3,No,Yes,2,6,Home,0,0,0.44648105038124086
90,Male,111/77,210,37.1,Yes,No,0,4,Home,1,0,0.42642587998058695
84,Male,151/89,156,39.0,Yes,No,6,1,Home,0,0,0.4255729088113696
26,Female,151/83,164,22.3,Yes,Yes,6,9,Home,0,0,0.48472258951563957
71,Other,137/99,244,24.5,No,Yes,10,3,Home,0,0,0.46798754030334144
60,Male,141/86,289,38.6,No,Yes,6,4,Home,0,0,0.4427868865464126
35,Male,143/95,183,28.8,No,No,6,3,Home,0,0,0.3941943917054398
65,Other,127/99,243,23.5,Yes,Yes,10,9,Home,0,1,0.5175521034399502
34,Male,139/77,184,36.8,No,No,4,7,Home,0,0,0.3749921515239732
79,Male,116/93,181,19.2,No,Yes,2,6,Home,0,0,0.4392419172288956
62,Female,148/85,218,26.9,Yes,Yes,6,2,Home,0,0,0.4810888414569994
56,Female,130/70,260,27.0,No,Yes,10,9,Home,0,0,0.4475553938949904
87,Male,126/75,230,25.5,Yes,Yes,3,10,Home,0,0,0.4654634045152013
68,Other,129/90,232,38.9,Yes,No,1,10,Home,0,0,0.4276832952937674
62,Male,146/87,209,37.4,Yes,Yes,10,4,Nursing_Facility,0,1,0.5954956759569915
27,Other,121/99,278,32.5,Yes,Yes,7,2,Rehab,0,1,0.6376244232577528
43,Male,118/93,197,24.0,Yes,Yes,7,7,Home,0,0,0.4683700157046316
84,Female,129/77,229,30.3,Yes,No,9,9,Home,0,0,0.44161606335863796
35,Other,138/97,164,26.3,No,Yes,10,6,Home,0,0,0.44067452474550767
40,Male,110/86,151,18.0,No,No,5,8,Rehab,0,1,0.5769005031417406
68,Female,156/83,162,23.0,Yes,No,4,8,Home,0,0,0.4448373603633216
51,Male,115/82,278,23.2,No,Yes,1,3,Home,0,0,0.4446015205473413
74,Other,113/86,245,20.8,Yes,No,9,1,Home,0,0,0.45924812279978955
21,Male,145/72,198,36.3,Yes,Yes,5,8,Home,0,0,0.45295560699429915
51,Other,139/98,269,20.3,Yes,No,7,5,Home,0,0,0.45667546384959906
84,Female,128/86,221,27.5,No,Yes,10,3,Home,1,0,0.4554595504008533
22,Other,112/75,193,25.8,Yes,No,10,2,Home,0,0,0.4470957596384831
24,Other,140/87,160,21.7,Yes,Yes,4,7,Home,0,0,0.4790551140239324
61,Male,153/79,291,20.5,Yes,No,6,6,Home,0,0,0.47333128391507673
67,Female,126/80,258,31.3,No,No,10,7,Rehab,1,1,0.5640647361857539
85,Female,149/91,197,39.4,Yes,No,8,7,Rehab,0,1,0.5779801764687382
21,Female,123/72,288,32.9,Yes,No,3,2,Nursing_Facility,0,1,0.5944899586147552
86,Male,143/76,169,22.7,Yes,Yes,6,7,Home,1,0,0.47335143659636086
63,Female,114/96,286,34.9,Yes,Yes,7,1,Home,0,0,0.4706467607871728
66,Male,153/76,199,34.1,Yes,No,6,6,Nursing_Facility,0,1,0.5751366914602758
24,Male,123/91,293,20.4,Yes,No,1,3,Nursing_Facility,0,1,0.5887956842451144
31,Male,112/72,209,18.9,Yes,Yes,7,7,Nursing_Facility,1,1,0.6283201064659057
36,Other,116/81,165,39.1,Yes,Yes,1,3,Home,0,0,0.4574619186149084
47,Female,140/70,177,36.9,No,Yes,7,3,Home,0,0,0.43030931620554475
55,Other,126/80,299,38.1,No,No,10,4,Rehab,0,1,0.5653187846589901
41,Female,135/71,195,26.9,No,Yes,10,4,Home,0,0,0.4450536060319769
67,Male,126/77,228,24.8,No,No,9,10,Home,0,0,0.4197896726095899
34,Other,127/72,249,18.8,No,Yes,4,3,Home,0,0,0.4662095498153298
48,Male,132/95,250,32.2,No,No,5,3,Home,0,0,0.39887815530707965
56,Female,142/73,197,35.3,No,Yes,6,6,Rehab,1,1,0.5894791097802158
39,Other,116/73,180,28.8,No,Yes,1,2,Rehab,1,1,0.5996523224616286
60,Female,138/90,225,39.8,Yes,No,6,4,Home,0,0,0.41993908000947655
71,Male,129/74,208,25.4,No,Yes,10,7,Home,0,0,0.4494004096209254
60,Other,117/83,218,30.9,Yes,No,8,1,Home,0,0,0.4419702591261469
72,Female,157/82,157,34.8,Yes,Yes,8,3,Home,0,0,0.4582848970779987
23,Female,140/93,219,26.2,No,No,7,6,Rehab,0,1,0.5743348456578204
60,Male,137/86,230,21.0,No,Yes,1,10,Home,0,0,0.45687530329631704
49,Male,157/97,285,30.6,Yes,No,10,5,Home,1,0,0.44416445945781363
27,Female,160/91,159,29.5,Yes,Yes,8,6,Home,0,0,0.4663262285139498
70,Female,155/95,214,34.1,No,No,2,9,Rehab,0,1,0.5487218924326985
45,Female,132/84,283,29.2,Yes,No,3,8,Home,0,0,0.4396927265733368
28,Female,148/89,263,39.3,No,Yes,5,2,Home,0,0,0.42326470966903473
60,Female,154/78,270,24.9,Yes,No,10,9,Home,0,0,0.4585091645137017
46,Male,119/75,276,38.0,Yes,No,6,8,Home,0,0,0.4333852184369293
20,Male,120/91,254,34.1,No,No,1,10,Home,1,0,0.39271706822420754
62,Other,146/78,186,32.3,Yes,Yes,3,8,Home,1,0,0.46608848327205715
26,Male,148/80,190,28.1,No,Yes,0,6,Home,0,0,0.43568241132764485
23,Female,127/80,287,19.1,Yes,No,4,1,Home,0,0,0.4702429779384014
21,Female,151/71,269,28.9,No,Yes,4,8,Nursing_Facility,0,1,0.5925247960830897
65,Male,133/79,227,33.4,Yes,No,6,1,Home,0,0,0.43110939272640675
34,Other,126/89,233,24.6,No,No,5,7,Home,0,0,0.42888909230828276
52,Female,126/72,152,30.1,Yes,No,8,8,Rehab,0,1,0.6048588455442939
61,Female,133/70,221,23.2,No,No,5,2,Rehab,0,1,0.5695327568944347
25,Male,116/89,256,37.4,Yes,Yes,1,6,Home,0,0,0.45500007638093193
26,Other,144/98,204,23.6,No,Yes,7,6,Home,0,0,0.4458241442509453
64,Other,131/96,257,28.9,No,Yes,8,4,Home,0,0,0.448831369552874
74,Female,116/95,210,26.9,Yes,No,7,5,Home,0,0,0.4476664145107657
56,Other,135/96,177,23.5,Yes,No,8,4,Home,0,0,0.4537543871004019
80,Male,144/93,162,37.7,No,No,7,6,Home,0,0,0.40514503530937096
80,Female,117/95,160,24.4,No,Yes,10,9,Nursing_Facility,0,1,0.580080291973823
68,Female,156/93,235,29.7,Yes,No,7,7,Rehab,0,1,0.6098816938934939
34,Female,151/86,187,29.5,Yes,Yes,3,6,Rehab,0,1,0.62028260942207
27,Female,154/86,219,18.1,Yes,No,6,7,Home,0,0,0.45732032392517036
22,Other,143/77,252,21.3,No,Yes,1,4,Rehab,0,1,0.6187168338071669
61,Male,131/94,288,21.9,No,Yes,0,1,Rehab,0,1,0.6066190427860195
32,Male,136/100,237,38.3,No,No,4,6,Home,0,0,0.3823003968040617
19,Other,141/96,281,25.5,Yes,No,7,4,Home,0,0,0.4537814439975998
22,Other,141/86,225,26.2,Yes,Yes,8,6,Nursing_Facility,0,1,0.6330264110516329
79,Female,116/76,168,18.5,No,Yes,8,4,Home,0,0,0.4453607833817504
70,Other,135/74,207,38.5,Yes,No,2,7,Home,1,0,0.4144431029330882
75,Male,141/89,151,31.6,Yes,Yes,6,4,Home,0,0,0.4674999016784065
42,Other,156/100,152,26.6,Yes,No,4,6,Home,1,0,0.4287950107015913
18,Male,134/80,153,27.5,No,No,7,6,Rehab,0,1,0.5567990082016491
55,Other,138/72,220,24.9,No,Yes,0,8,Home,0,0,0.44047581051828216
81,Female,128/85,170,27.3,No,Yes,10,3,Home,0,0,0.44063135065248804
90,Female,115/79,256,38.6,Yes,No,6,5,Rehab,1,1,0.5824860245514313
67,Female,110/83,162,30.6,No,Yes,8,3,Home,0,0,0.43160223524725755
60,Male,131/86,174,24.5,Yes,No,9,5,Home,0,0,0.4422319328106838
41,Male,112/80,263,20.9,No,Yes,7,6,Rehab,0,1,0.616277231148735
41,Female,148/72,217,32.0,No,Yes,2,4,Rehab,0,1,0.5950801906972802
20,Female,127/91,243,38.3,No,No,8,9,Nursing_Facility,0,1,0.5336657456000263
66,Other,122/73,215,33.8,Yes,Yes,5,9,Home,1,0,0.4741593147895195
38,Female,128/81,273,39.6,Yes,No,6,4,Home,0,0,0.4303841065847737
64,Female,152/70,279,18.5,Yes,No,7,9,Rehab,0,1,0.6243062179095836
55,Male,112/77,203,18.4,Yes,No,7,3,Home,1,0,0.4551014120372618
48,Female,136/99,284,34.8,No,Yes,0,5,Rehab,0,1,0.5820939616129378
82,Male,113/99,204,25.7,No,No,10,5,Home,0,0,0.41818125094187836
77,Male,121/77,164,18.2,No,Yes,10,4,Home,0,0,0.43988743450389806
34,Female,144/73,195,39.5,No,No,8,9,Home,0,0,0.3746371390108001
24,Female,116/92,253,19.1,No,Yes,10,7,Home,1,0,0.45936805448148604
37,Male,121/85,162,22.2,No,Yes,3,8,Nursing_Facility,0,1,0.5886532931181482
22,Other,112/86,219,35.6,Yes,Yes,0,6,Home,0,0,0.463656014532221
71,Male,129/71,251,38.8,No,No,9,7,Nursing_Facility,0,1,0.5271523035924653
90,Female,151/72,218,24.6,No,No,0,3,Nursing_Facility,0,1,0.5543836388401121
86,Female,140/81,207,22.5,Yes,Yes,8,4,Home,0,0,0.4833865753509219
53,Male,133/77,236,24.8,Yes,Yes,6,9,Home,0,0,0.48838462113322195
20,Male,120/82,151,25.0,No,No,0,6,Rehab,0,1,0.5667859168296129
89,Male,153/87,255,24.6,Yes,No,5,10,Nursing_Facility,0,1,0.5855516082810271
62,Female,113/96,189,28.1,Yes,Yes,0,10,Home,0,0,0.4729941233481626
42,Female,122/79,166,36.5,No,Yes,6,7,Home,0,0,0.41840198727255384
39,Female,159/81,185,32.2,No,No,4,4,Home,0,0,0.4033250766642966
89,Female,142/76,167,25.7,No,No,0,10,Home,0,0,0.4000909587471739
89,Other,112/98,282,22.5,Yes,No,6,6,Home,0,0,0.4667277753509817
31,Other,146/87,227,23.3,Yes,Yes,7,1,Home,0,0,0.48486006342455784
26,Male,120/97,234,25.3,No,Yes,5,2,Home,0,0,0.45420040580476256
61,Male,157/77,220,37.9,No,No,5,7,Home,0,0,0.3842805647830249
61,Female,153/89,190,20.1,No,No,1,7,Home,0,0,0.40964410901611714
19,Female,121/71,271,37.1,No,No,5,2,Rehab,1,1,0.5653668831417868
73,Female,159/92,178,29.7,Yes,Yes,6,1,Home,0,0,0.4742353943804366
66,Female,141/86,191,20.4,Yes,Yes,10,2,Home,1,0,0.49831847685521635
70,Male,130/96,163,19.3,Yes,No,3,4,Home,0,0,0.4611398248495909
60,Male,157/76,268,26.3,No,Yes,7,7,Home,0,0,0.4537667509118688
33,Other,127/92,258,19.4,Yes,No,3,4,Home,0,0,0.46964235016096983
18,Female,157/70,153,25.8,Yes,No,7,5,Home,1,0,0.4341021459454448
69,Female,157/92,178,34.2,Yes,Yes,4,8,Rehab,0,1,0.6229575190108284
84,Other,160/84,217,36.1,Yes,Yes,1,2,Home,0,0,0.4674731793641494
59,Female,110/82,228,18.3,Yes,Yes,5,7,Home,0,0,0.47677944784490506
38,Female,131/74,184,23.1,Yes,No,2,8,Home,0,0,0.44031301255032623
73,Other,114/78,225,34.7,No,No,8,9,Rehab,0,1,0.5494994985919498
87,Female,148/81,205,38.6,Yes,Yes,8,1,Home,0,0,0.4580049621990392
77,Other,157/86,257,21.0,No,Yes,5,7,Rehab,0,1,0.6199553817158054
65,Male,115/95,263,39.1,Yes,No,0,10,Rehab,0,1,0.5894641355780526
66,Other,127/88,238,19.3,No,Yes,0,3,Home,0,0,0.46004791607680745
30,Female,135/71,280,31.6,Yes,No,2,2,Home,0,0,0.445803147104206
25,Male,125/75,158,35.3,No,Yes,10,5,Home,0,0,0.4181659051704411
71,Female,159/80,293,29.8,Yes,Yes,4,6,Home,0,0,0.47182230031414324
57,Other,118/90,201,18.6,Yes,Yes,2,6,Home,0,0,0.4869418903599943
44,Female,137/72,222,20.5,No,Yes,8,9,Home,0,0,0.4436532036484982
19,Female,158/97,225,30.2,No,Yes,7,10,Home,0,0,0.4460098384056203
26,Other,113/78,252,25.4,No,No,5,1,Home,0,0,0.4223428059105009
83,Other,138/71,153,30.6,Yes,No,0,3,Home,0,0,0.4261831947067763
82,Other,115/96,155,33.1,No,No,4,10,Rehab,0,1,0.5542781563267333
26,Other,136/72,258,35.0,No,Yes,9,6,Home,0,0,0.4373330625792667
75,Other,116/97,285,32.5,No,Yes,3,5,Home,0,0,0.44604850672371726
64,Female,138/88,172,36.8,Yes,Yes,3,8,Home,0,0,0.4469643008944126
70,Other,144/91,233,18.9,Yes,Yes,3,6,Rehab,1,1,0.6556723932860992
52,Male,146/90,173,22.5,No,No,10,4,Nursing_Facility,0,1,0.5495101955040951
43,Male,152/92,276,22.6,Yes,Yes,6,9,Nursing_Facility,0,1,0.6247822519941577
84,Male,120/76,152,26.8,No,Yes,9,6,Home,0,0,0.43514411191385866
59,Male,135/82,219,22.8,No,No,8,3,Home,0,0,0.42286815301575076
42,Male,119/95,172,20.8,No,Yes,4,10,Home,0,0,0.44556135219515436
77,Male,129/82,194,26.2,Yes,No,9,2,Home,0,0,0.4497420191379463
24,Male,157/79,282,23.4,Yes,Yes,10,1,Home,0,0,0.49834415017929456
23,Other,140/97,259,18.0,No,Yes,1,5,Rehab,0,1,0.6184703651503971
40,Other,144/88,253,37.6,No,Yes,8,6,Home,0,0,0.43428830138266167
47,Other,111/73,288,19.9,No,No,0,4,Home,0,0,0.43707716296634014
71,Other,153/82,263,33.4,Yes,No,6,4,Rehab,0,1,0.6085117033660009
26,Female,138/100,253,32.1,Yes,No,7,6,Home,0,0,0.43846880449217596
80,Other,131/79,256,22.8,No,No,6,8,Home,0,0,0.43031606978311543
57,Other,117/73,254,26.4,Yes,No,7,5,Rehab,0,1,0.6034478185205234
31,Male,154/80,274,21.5,No,Yes,10,2,Home,0,0,0.4427793004053739
73,Female,135/83,250,39.8,No,No,0,8,Home,0,0,0.41351401893864503
37,Female,133/92,247,29.7,Yes,No,3,3,Home,0,0,0.4504903770335826
46,Male,120/96,254,18.3,Yes,Yes,9,8,Home,0,0,0.4924898905105862
42,Female,147/89,206,27.4,Yes,No,4,7,Rehab,0,1,0.5947476443509089
36,Other,160/80,242,34.4,Yes,Yes,1,9,Rehab,0,1,0.6289563642524985
87,Male,149/96,172,38.7,Yes,No,2,1,Home,0,0,0.4118521800490654
69,Male,118/94,271,24.3,Yes,No,4,7,Home,0,0,0.43979703382166724
48,Male,115/85,213,20.4,No,Yes,4,4,Home,0,0,0.45922541140122625
35,Male,132/80,193,28.2,Yes,Yes,9,9,Home,0,0,0.47801747561507174
82,Other,113/89,260,19.1,Yes,Yes,2,8,Home,0,1,0.5088364702843482
24,Male,147/81,218,33.3,No,No,4,7,Home,0,0,0.39582615486686235
59,Other,116/77,291,23.7,No,Yes,3,4,Home,0,0,0.457131891872168
30,Other,128/95,294,30.9,No,No,4,5,Home,0,0,0.42081455384123506
65,Male,136/80,180,33.9,Yes,No,3,5,Home,0,0,0.4336329751093936
27,Other,149/92,240,23.9,Yes,Yes,6,4,Rehab,0,1,0.6452404613749189
83,Other,151/89,234,25.5,No,No,9,10,Home,0,0,0.4259749346340147
29,Other,137/84,249,39.2,Yes,No,1,4,Home,0,0,0.44040538106541544
42,Female,113/92,213,31.8,No,No,1,2,Home,0,0,0.3904731181146329
90,Male,158/71,243,38.2,No,Yes,9,9,Nursing_Facility,0,1,0.5665048562262927
88,Other,151/71,153,21.7,No,Yes,7,8,Rehab,1,1,0.6165396909823417
30,Female,122/82,294,26.7,Yes,Yes,2,8,Nursing_Facility,0,1,0.6190330759860169
43,Female,121/77,267,21.3,Yes,Yes,3,2,Home,0,0,0.4809456629001773
47,Female,146/99,168,24.5,Yes,Yes,1,4,Rehab,0,1,0.6287423118299842
21,Male,155/97,214,29.4,Yes,Yes,10,9,Home,0,0,0.4645327279933006
56,Other,122/96,213,29.7,Yes,Yes,10,6,Rehab,1,1,0.6350591066330247
73,Male,120/96,294,37.5,Yes,No,9,1,Nursing_Facility,0,1,0.5795767627993761
41,Male,117/94,249,36.2,No,No,6,1,Home,0,0,0.39928731029543757
85,Other,127/76,188,19.5,Yes,No,7,8,Home,0,0,0.45126022365497437
90,Female,125/73,196,22.1,No,No,7,9,Home,0,0,0.40149706741376906
41,Female,156/70,272,29.1,No,Yes,0,5,Home,1,0,0.459482679029791
73,Male,136/86,268,28.9,Yes,Yes,1,3,Home,0,0,0.479845412136589
66,Female,116/87,252,35.3,No,No,7,4,Home,1,0,0.41063829177274813
87,Female,149/87,199,19.2,No,No,10,3,Home,0,0,0.4192403754130826
37,Male,138/100,237,29.6,Yes,Yes,1,7,Nursing_Facility,1,1,0.6097442847445419
19,Male,154/81,229,37.3,Yes,No,6,8,Rehab,0,1,0.5884046330747719
61,Male,119/76,169,28.4,No,No,3,3,Home,1,0,0.3911977031116142
79,Male,126/98,190,39.5,Yes,Yes,5,10,Home,0,0,0.44945111531842585
42,Male,146/73,216,27.0,Yes,No,10,8,Home,0,0,0.45588354956066685
72,Other,129/89,221,34.6,No,No,8,4,Home,0,0,0.4115342743714513
43,Female,111/93,263,18.1,Yes,No,4,6,Home,0,0,0.46224504547214246
85,Male,118/98,182,21.3,No,Yes,8,1,Home,0,0,0.44396984054874633
37,Male,122/90,290,19.0,No,Yes,5,3,Home,0,0,0.4612410732761159
56,Male,128/89,184,39.6,Yes,Yes,1,4,Rehab,0,1,0.6133403883391388
48,Other,114/78,271,33.5,No,No,10,2,Home,1,0,0.401317958712555
48,Other,113/92,204,36.4,Yes,Yes,9,9,Rehab,0,1,0.6149325214185842
47,Female,146/71,180,22.9,Yes,No,2,3,Home,0,0,0.4496293836893643
69,Male,123/73,179,25.4,No,No,4,3,Home,0,0,0.3956742482110899
68,Female,113/81,232,33.3,Yes,Yes,1,6,Home,0,0,0.4697879210566129
71,Male,118/99,206,35.8,Yes,Yes,10,2,Home,0,0,0.45432278115268093
75,Other,125/100,182,26.4,Yes,Yes,4,5,Rehab,0,1,0.6261809633000616
20,Other,137/90,177,30.6,Yes,Yes,6,5,Rehab,0,1,0.6283823225110681
39,Female,146/97,227,33.6,No,Yes,8,6,Nursing_Facility,0,1,0.5665065750952017
76,Female,154/75,220,18.5,No,Yes,8,6,Home,0,0,0.46356005791081467
62,Other,136/98,273,23.2,Yes,Yes,6,5,Home,0,0,0.49315888962602356
57,Other,115/88,275,36.7,Yes,No,4,6,Home,1,0,0.42907035408627614
32,Other,147/80,288,29.0,Yes,No,2,5,Rehab,0,1,0.6041716216705131
40,Female,147/71,285,27.5,No,No,3,4,Rehab,1,1,0.5743393942709886
18,Female,136/81,196,35.6,Yes,Yes,3,7,Home,0,0,0.4621719994493107
86,Other,110/96,179,33.2,Yes,No,7,10,Home,0,0,0.42959880263198663
35,Other,148/88,152,34.3,No,No,7,2,Home,0,0,0.38764750419400923
37,Female,148/73,204,22.5,Yes,Yes,5,3,Home,1,0,0.4831795720542886
53,Other,159/94,233,22.3,No,No,5,7,Home,0,0,0.43147933611237616
63,Male,147/88,300,29.1,Yes,Yes,4,2,Nursing_Facility,0,1,0.6400873440569974
27,Male,122/91,190,27.2,Yes,Yes,2,6,Home,0,0,0.46349762753535984
41,Male,136/99,178,31.2,Yes,No,7,6,Home,0,0,0.4160899499054876
29,Other,137/96,246,18.5,Yes,Yes,5,10,Rehab,0,1,0.6593664511173922
46,Male,116/73,262,20.6,Yes,No,9,9,Home,0,0,0.45755212143138485
64,Other,132/95,171,38.8,Yes,No,1,10,Home,0,0,0.415542744049632
23,Male,122/78,287,26.6,No,Yes,8,3,Home,1,0,0.44939154882855464
52,Female,155/84,267,38.6,No,No,9,3,Nursing_Facility,0,1,0.541442143799231
82,Other,118/94,201,27.4,Yes,Yes,10,5,Home,0,0,0.4722033815336766
55,Other,119/79,203,28.5,Yes,No,10,5,Home,0,0,0.4377616247935376
20,Male,112/84,240,38.1,Yes,Yes,3,8,Home,0,0,0.46521951033714926
51,Female,135/85,219,18.8,No,Yes,0,3,Rehab,0,1,0.6174956852952379
43,Other,150/96,276,19.8,No,No,4,9,Home,0,0,0.42566834826698674
65,Female,111/88,196,26.2,Yes,No,3,5,Home,0,0,0.4366792151234388
74,Female,113/86,213,18.3,No,No,4,10,Home,0,0,0.41218646044740265
25,Male,147/84,249,36.2,No,No,8,6,Home,0,0,0.3907213105654741
26,Male,143/70,178,31.9,Yes,No,3,1,Home,0,0,0.41662792378027674
25,Other,134/72,161,28.1,Yes,Yes,3,5,Home,0,0,0.47069962289072126
87,Other,130/73,178,18.3,Yes,Yes,3,9,Rehab,1,1,0.6423710836599704
34,Female,146/73,247,38.5,No,No,0,10,Home,0,0,0.4036215749485026
82,Female,143/88,186,29.3,No,Yes,3,4,Home,1,0,0.429516968701485
48,Female,110/79,199,29.9,Yes,No,2,6,Home,0,0,0.442322586958805
64,Male,126/79,196,22.2,Yes,No,2,8,Home,1,0,0.4493069095974906
53,Male,153/88,158,30.8,Yes,No,9,10,Rehab,0,1,0.5773877150090697
53,Male,158/93,233,29.9,Yes,No,1,3,Home,1,0,0.4357337539637942
75,Other,110/89,220,24.1,Yes,No,7,5,Rehab,0,1,0.6225709136229712
44,Other,116/95,253,20.2,Yes,No,10,10,Home,0,0,0.46666231313422024
47,Other,133/78,238,28.8,No,Yes,9,8,Rehab,1,1,0.6186644538748541
49,Male,143/79,180,33.6,No,Yes,3,5,Home,0,0,0.4324557767042693
36,Male,132/94,210,23.3,Yes,Yes,1,9,Home,0,0,0.4736584632139601
58,Other,147/77,239,28.5,Yes,No,4,7,Nursing_Facility,0,1,0.6060051045685688
86,Female,149/85,228,30.4,Yes,Yes,1,8,Home,0,0,0.48406696349035805
78,Other,148/70,288,24.0,No,No,5,2,Home,0,0,0.4320605291417057
28,Male,157/97,219,31.2,Yes,Yes,6,3,Home,1,0,0.4669773366743422
55,Male,120/71,294,25.5,Yes,Yes,5,3,Home,1,0,0.47510179112308903
60,Female,140/77,231,34.6,No,Yes,4,3,Home,0,0,0.447922240371973
80,Male,112/94,225,18.2,Yes,Yes,3,3,Home,0,0,0.4803767480404242
90,Other,138/95,245,21.0,Yes,No,5,2,Home,0,0,0.4728247757256211
52,Female,141/70,236,36.8,Yes,Yes,8,7,Home,0,0,0.4685127918869351
28,Male,114/77,161,31.2,No,No,5,2,Rehab,0,1,0.5605641132580484
55,Male,155/93,205,20.0,No,Yes,1,9,Rehab,0,1,0.6091504909615033
81,Female,147/71,244,29.6,Yes,Yes,6,4,Home,1,0,0.4783904773729418
26,Other,154/90,246,34.5,No,No,9,9,Home,0,0,0.4021584949317892
51,Male,111/90,181,18.3,Yes,No,3,9,Home,0,0,0.4439431334628618
41,Male,153/95,229,39.1,No,Yes,9,9,Rehab,1,1,0.5904480925300635
71,Male,130/76,276,27.4,Yes,Yes,1,7,Home,0,0,0.48160870938119893
61,Male,157/78,285,31.2,Yes,Yes,0,2,Nursing_Facility,0,1,0.6388867470943258
76,Male,148/91,208,28.7,Yes,Yes,0,5,Rehab,0,1,0.6177844396002492
47,Female,135/88,160,20.6,No,Yes,4,10,Home,0,0,0.4504724340855756
60,Male,134/95,166,23.2,No,No,1,6,Home,0,0,0.4119975708803507
66,Other,138/91,176,21.8,No,No,9,4,Home,0,0,0.4141279628804437
22,Female,121/75,230,18.7,Yes,No,9,6,Home,0,0,0.461156534131203
41,Female,130/85,278,39.1,No,Yes,10,5,Home,0,0,0.42183633467220377
60,Other,141/76,224,39.3,No,No,10,10,Rehab,0,1,0.5635664501994159
19,Other,133/85,200,29.2,No,Yes,2,4,Nursing_Facility,0,1,0.5857583302256186
90,Female,117/86,284,31.8,Yes,No,2,2,Home,0,0,0.4478064438246741
40,Male,138/95,178,18.6,Yes,Yes,6,8,Home,0,0,0.4900129883132115
51,Male,160/99,155,23.1,Yes,Yes,2,2,Home,0,0,0.4801062686013851
46,Male,148/100,199,34.3,No,No,0,6,Home,0,0,0.39075062038102343
56,Other,143/76,269,38.7,No,No,5,2,Home,0,0,0.40136485517796167
21,Male,160/85,161,28.0,No,Yes,2,2,Rehab,0,1,0.586239956479424
52,Other,120/76,241,33.9,Yes,Yes,8,4,Home,0,0,0.4768025181589842
55,Male,148/77,278,20.9,No,Yes,9,7,Rehab,0,1,0.6222619978515136
46,Male,152/90,200,31.1,Yes,No,6,6,Home,0,0,0.4212212931233954
25,Female,132/96,226,35.3,No,No,1,8,Home,1,0,0.3870319168799022
30,Male,134/80,298,32.0,No,Yes,0,2,Home,0,0,0.4417239309187973
62,Male,146/94,238,29.6,No,No,4,7,Home,0,0,0.4006483147933785
28,Female,133/86,285,23.3,No,No,10,4,Rehab,0,1,0.5739766193890701
63,Female,112/94,251,29.9,Yes,No,3,6,Home,0,0,0.43118280475580045
59,Other,113/97,213,25.9,No,Yes,6,1,Home,0,0,0.4465670696587458
79,Other,120/83,169,34.2,Yes,No,0,1,Rehab,0,1,0.5939070826892143
29,Female,138/72,260,24.7,Yes,Yes,5,8,Home,1,0,0.47645798646794274
27,Female,124/93,275,36.2,No,Yes,0,5,Home,1,0,0.43221505304773783
87,Other,135/94,281,25.4,Yes,Yes,6,10,Home,0,0,0.4895805882464918
23,Other,159/99,264,33.5,No,Yes,3,5,Rehab,0,1,0.5981615993663464
45,Male,141/83,182,31.4,Yes,No,7,8,Home,0,0,0.42261804033644595
63,Female,138/79,278,36.2,No,No,5,6,Nursing_Facility,0,1,0.5400552814395148
73,Female,149/85,288,22.0,Yes,Yes,3,3,Nursing_Facility,0,1,0.6454967231170252
82,Male,133/85,159,23.9,No,No,0,5,Rehab,0,1,0.567385840621897
68,Female,151/71,150,18.5,Yes,Yes,3,10,Home,1,0,0.48798762481002317
42,Female,130/91,156,37.2,No,Yes,6,2,Home,0,0,0.41750857638976796
84,Male,136/90,287,33.6,Yes,Yes,2,10,Home,0,0,0.46711867213256864
46,Other,126/91,228,19.6,Yes,Yes,5,6,Home,0,1,0.50606774667211
71,Other,116/71,222,39.6,Yes,Yes,3,9,Home,0,0,0.46696594928960317
72,Male,138/81,274,29.3,No,No,0,10,Home,0,0,0.4129142987717504
24,Male,150/85,298,21.2,No,Yes,3,7,Rehab,0,1,0.6069917051005912
50,Other,130/83,294,30.2,No,Yes,1,5,Home,0,0,0.4401012560882848
48,Female,159/97,235,28.2,Yes,Yes,1,7,Home,1,0,0.4800414519503173
77,Female,121/73,281,26.3,Yes,No,2,3,Home,0,0,0.470006689589448
65,Other,160/74,237,33.9,Yes,Yes,2,8,Home,0,0,0.4751521612503845
43,Female,133/75,250,31.3,Yes,No,5,7,Home,0,0,0.4363282722183846
25,Female,132/76,179,39.8,Yes,No,4,9,Home,0,0,0.4197389939097021
51,Female,157/76,188,34.5,Yes,No,5,6,Home,0,0,0.4325526048548639
57,Female,160/98,198,37.2,Yes,Yes,2,9,Home,0,0,0.46222207088123435
57,Other,126/80,196,25.7,No,No,2,2,Nursing_Facility,0,1,0.5497598281794067
20,Male,115/75,236,30.6,No,No,7,4,Home,0,0,0.4067737907787649
74,Other,140/99,197,19.8,No,Yes,8,2,Rehab,0,1,0.6139420763209467
62,Other,117/79,211,19.3,No,No,1,2,Home,0,0,0.4219427585589334
56,Male,160/74,226,35.6,No,Yes,5,7,Home,0,0,0.4306209100606009
71,Other,136/73,204,28.9,No,No,7,10,Home,0,0,0.4062148361869199
89,Male,148/97,292,20.9,Yes,Yes,3,10,Nursing_Facility,0,1,0.6208604353665894
43,Male,122/75,196,36.1,Yes,Yes,1,6,Home,0,0,0.44474774005458995
43,Female,128/75,167,28.1,No,Yes,4,1,Home,0,0,0.43232125314200087
81,Male,139/97,242,27.9,No,No,6,1,Home,0,0,0.4167825947936868
44,Other,135/95,153,37.8,Yes,No,7,5,Home,0,0,0.448955349424013
29,Male,147/75,277,33.5,Yes,Yes,10,9,Home,1,0,0.46243241744459196
61,Male,133/85,296,22.0,Yes,No,9,4,Rehab,0,1,0.6248436367461488
90,Other,124/81,231,34.3,No,Yes,6,5,Home,0,0,0.4503792354487498
51,Female,148/82,172,33.8,No,No,7,1,Home,0,0,0.3907987269769388
48,Male,126/75,208,19.6,No,Yes,10,4,Home,1,0,0.4416864817695814
74,Male,159/100,286,34.4,Yes,No,2,2,Nursing_Facility,1,1,0.5877280478242645
26,Female,154/71,251,22.0,No,Yes,5,1,Home,0,0,0.4580935156687881
38,Female,113/77,225,28.5,No,No,6,6,Home,0,0,0.4171961116991459
78,Other,154/72,154,35.7,No,Yes,8,3,Home,0,0,0.42577347399267246
66,Other,140/94,293,19.2,No,Yes,4,8,Home,0,0,0.4729415219994474
39,Other,144/94,293,20.3,No,Yes,4,9,Nursing_Facility,0,1,0.6156190201141112
74,Other,134/100,163,28.9,Yes,No,3,1,Home,0,0,0.44406390784903826
26,Male,134/74,297,21.1,No,No,10,6,Home,0,0,0.42402739270363354
27,Other,153/82,219,31.2,No,No,10,2,Home,0,0,0.4139815835100489
62,Other,125/71,294,22.9,No,Yes,7,7,Rehab,0,1,0.6208117004436938
65,Female,126/83,273,27.5,No,No,3,2,Nursing_Facility,0,1,0.5555470242894937
19,Other,122/95,294,31.6,Yes,No,5,4,Home,0,0,0.44894642679899266
90,Male,155/90,179,19.6,No,No,8,2,Nursing_Facility,0,1,0.5648509460820472
77,Female,148/91,218,25.0,Yes,Yes,9,10,Nursing_Facility,0,1,0.6104139224385026
71,Male,128/70,263,20.7,Yes,No,3,4,Home,0,0,0.4477460261810748
65,Male,112/89,243,32.3,No,No,1,8,Home,0,0,0.3965099384505854
55,Female,157/80,298,22.0,No,No,0,6,Home,0,0,0.4297570990168573
82,Female,120/80,178,19.4,Yes,Yes,2,2,Home,0,0,0.4880463657682684
87,Female,120/97,229,31.1,No,No,4,6,Home,0,0,0.41308385418967586
64,Female,152/83,193,24.7,No,No,4,2,Rehab,0,1,0.5657136838051834
90,Female,137/99,169,31.0,No,No,10,9,Home,0,0,0.4071117009710022
61,Other,139/79,271,28.5,No,Yes,0,7,Home,1,0,0.44639966882362986
86,Male,146/94,183,34.0,No,No,3,7,Rehab,1,1,0.5466715511613994
36,Male,130/98,262,32.7,No,No,1,8,Rehab,1,1,0.5487946219736978
67,Other,152/88,296,22.1,No,Yes,5,7,Rehab,0,1,0.6204785292765973
32,Female,144/74,225,28.9,Yes,Yes,9,4,Home,0,0,0.48928879895017874
64,Other,133/78,188,33.2,No,Yes,4,10,Rehab,1,1,0.6034345921941177
22,Other,146/83,241,23.7,No,No,1,2,Home,1,0,0.42405993079438364
47,Other,116/99,253,30.6,No,Yes,3,6,Home,0,0,0.44740579621773874
83,Female,120/77,195,22.0,Yes,Yes,7,4,Nursing_Facility,0,1,0.622861298731004
19,Female,141/74,252,29.3,Yes,No,9,10,Home,0,0,0.444751665415116
32,Male,132/70,204,35.1,No,Yes,0,8,Nursing_Facility,1,1,0.5668756638359356
22,Female,117/98,212,19.4,Yes,No,2,7,Home,0,0,0.4518352723282434
25,Other,111/88,257,36.7,No,Yes,1,1,Home,0,0,0.432485605599814
39,Female,130/87,274,38.0,Yes,Yes,3,5,Nursing_Facility,0,1,0.6117591341485167
19,Other,116/94,278,22.8,No,No,4,10,Home,1,0,0.4324675951340797
75,Other,152/77,286,20.9,Yes,No,7,3,Rehab,0,1,0.6244795925858606
87,Other,129/95,191,31.4,Yes,Yes,10,7,Home,0,0,0.4667461219516998
61,Other,123/76,187,37.5,Yes,Yes,1,1,Home,0,0,0.45289205318012804
19,Other,114/82,165,30.1,Yes,Yes,0,8,Home,0,0,0.4708369028252442
68,Other,131/72,290,38.5,No,No,5,10,Home,0,0,0.40606140811212277
78,Other,110/94,188,32.5,Yes,No,10,6,Home,0,0,0.45467041211767156
29,Other,131/94,204,25.1,No,Yes,8,2,Rehab,0,1,0.6005800665965466
81,Other,118/78,235,36.2,Yes,Yes,7,1,Home,0,0,0.47632797049405806
67,Male,132/74,206,38.0,No,Yes,2,1,Rehab,0,1,0.5746780345180101
77,Other,112/97,171,39.5,No,No,2,7,Home,0,0,0.38737643007491124
46,Other,144/75,253,30.9,No,No,5,6,Home,0,0,0.40291661121832323
65,Male,122/72,227,22.8,No,No,9,9,Rehab,0,1,0.577296661498817
74,Female,112/75,289,20.5,Yes,Yes,1,10,Home,0,0,0.4902538615525255
20,Female,149/93,288,36.1,No,Yes,8,7,Home,1,0,0.43983180699066116
55,Male,156/86,191,22.3,No,No,4,1,Home,0,0,0.4136034755644344
85,Other,154/82,236,29.1,No,No,9,2,Home,0,0,0.4080095256161264
54,Male,110/94,179,26.1,Yes,No,2,10,Home,1,0,0.4488820284588106
31,Male,116/84,185,23.8,No,No,2,1,Home,0,0,0.4061922601503132
25,Female,154/89,194,39.0,No,Yes,8,5,Home,0,0,0.414602423953645
49,Other,116/94,227,34.0,No,Yes,4,7,Home,0,0,0.44563036053129657
66,Female,126/92,187,28.9,Yes,No,5,7,Rehab,0,1,0.5971365963629662
34,Female,111/100,215,18.7,No,Yes,10,2,Home,0,0,0.45653048926881284
83,Female,124/77,257,33.1,No,No,9,2,Rehab,0,1,0.5791345149966812
26,Female,158/84,254,34.2,No,Yes,1,3,Home,0,0,0.4299195837842354
74,Female,134/86,279,36.5,No,No,2,7,Nursing_Facility,0,1,0.5569141600160857
35,Other,144/96,262,25.0,No,No,8,3,Home,0,0,0.41708044103238556
55,Female,148/72,156,32.4,Yes,Yes,5,1,Home,0,0,0.46566146732030944
27,Male,133/100,197,29.6,No,No,9,2,Rehab,0,1,0.5511191438547292
64,Other,144/100,153,39.2,No,No,2,1,Nursing_Facility,0,1,0.5273261806177317
45,Other,149/92,215,23.5,Yes,No,2,7,Home,0,0,0.44915922867623714
63,Female,148/79,199,32.7,No,Yes,4,7,Home,0,0,0.41924373855517744
72,Female,140/87,290,20.8,Yes,No,8,1,Home,0,0,0.46453083963967073
40,Female,155/83,265,39.1,Yes,Yes,5,3,Home,0,0,0.4641797652712182
89,Female,140/71,161,37.1,No,No,4,6,Home,0,0,0.3864623106457567
30,Female,135/80,277,36.5,No,Yes,10,8,Home,0,0,0.44242365424075203
85,Other,146/78,248,37.6,Yes,Yes,7,6,Rehab,1,1,0.6278340553457961
79,Other,151/76,237,19.1,Yes,Yes,2,5,Home,0,1,0.5023243176667055
65,Female,147/86,193,32.6,Yes,No,8,5,Home,0,0,0.43582244822336963
83,Female,148/77,260,36.6,Yes,Yes,7,2,Home,0,0,0.4770160190884056
36,Female,125/85,249,25.5,No,Yes,7,2,Rehab,1,1,0.6117143524208045
20,Male,116/79,208,20.4,No,Yes,10,4,Home,0,0,0.44619912593831595
27,Male,134/82,157,30.9,No,No,6,9,Home,0,0,0.3764822958005771
73,Female,160/100,278,22.6,Yes,Yes,4,8,Rehab,0,1,0.6345635148385921
37,Male,140/100,170,25.3,Yes,No,8,2,Rehab,0,1,0.6022648083886405
24,Female,110/87,274,28.3,No,No,4,2,Home,0,0,0.4096758169202045
35,Other,127/99,183,34.8,No,Yes,2,10,Rehab,0,1,0.6103192799372449
80,Female,145/77,271,36.9,No,No,10,6,Home,0,0,0.4109754279648314
88,Male,144/70,247,28.8,No,Yes,4,5,Home,0,0,0.4345231318730671
87,Male,140/83,222,22.8,Yes,No,2,2,Home,0,0,0.44140629583156155
33,Male,115/99,163,25.1,No,No,2,2,Home,1,0,0.3953314424469766
47,Male,126/88,297,33.2,No,Yes,2,6,Home,0,0,0.43546052400058377
49,Other,128/94,273,35.4,Yes,Yes,7,4,Home,0,0,0.46944660315590403
31,Female,150/97,239,32.4,No,No,7,3,Home,0,0,0.40843901895355145
57,Other,143/76,248,24.6,No,Yes,2,2,Home,1,0,0.4523348375506526
59,Female,131/73,264,36.8,No,Yes,8,1,Home,0,0,0.4355356729642932
70,Female,132/88,248,24.1,No,No,4,7,Home,0,0,0.4136640108757379
48,Other,157/79,215,26.2,Yes,Yes,0,8,Nursing_Facility,0,1,0.6247483873199067
72,Other,134/78,197,29.9,No,Yes,5,8,Home,0,0,0.43138449041170795
37,Male,155/87,195,22.8,Yes,Yes,9,3,Rehab,0,1,0.6362081227233205
38,Male,123/91,230,21.1,Yes,Yes,2,8,Home,0,0,0.47156405325360823
59,Other,111/95,218,34.3,No,Yes,8,8,Nursing_Facility,0,1,0.5736215251465753
27,Other,133/86,172,24.8,No,No,10,10,Home,0,0,0.4006187020089184
23,Male,135/79,267,35.7,Yes,Yes,4,9,Nursing_Facility,0,1,0.6027071045533605
61,Male,121/91,221,31.3,Yes,Yes,9,9,Home,0,0,0.4699511224832406
58,Male,127/77,226,20.4,Yes,No,3,8,Home,0,0,0.4606536560574422
51,Female,114/88,206,29.1,No,No,7,3,Home,0,0,0.41942405152049267
31,Other,128/81,161,28.9,Yes,No,8,2,Home,0,0,0.4396076973313137
77,Female,150/82,168,22.8,No,No,10,1,Home,0,0,0.41267330676356506
82,Male,112/89,283,29.4,Yes,Yes,0,8,Home,0,0,0.4744324764966546
46,Other,131/83,190,19.4,Yes,No,6,6,Home,0,0,0.45024197094014606
58,Female,141/100,209,22.0,No,Yes,0,5,Home,0,0,0.4568235611963648
79,Female,113/82,189,35.7,No,No,7,8,Home,0,0,0.39406989657819985
18,Other,113/72,167,30.6,No,No,4,2,Home,0,0,0.40174867351405547
55,Other,111/97,260,34.1,Yes,No,5,7,Nursing_Facility,0,1,0.5784979980412683
64,Female,111/78,176,28.4,Yes,No,0,2,Home,0,0,0.44317918392443906
33,Other,126/94,166,29.7,No,Yes,0,5,Rehab,0,1,0.5867038891816767
85,Male,126/88,171,19.7,Yes,Yes,6,4,Home,0,0,0.4795651616880258
58,Other,113/87,291,30.2,Yes,Yes,7,2,Home,0,0,0.4846044856493053
79,Other,138/74,283,26.6,No,Yes,6,4,Home,0,0,0.44870106789282094
80,Male,157/86,280,18.5,No,No,0,9,Home,0,0,0.4236775185327565
67,Female,114/74,215,31.4,Yes,Yes,7,9,Home,0,0,0.4629923966880052
72,Male,112/93,159,34.0,No,Yes,2,7,Rehab,0,1,0.5830402525069301
44,Other,134/85,171,30.0,Yes,Yes,5,8,Home,0,0,0.4779282193353077
74,Female,147/71,298,29.3,Yes,No,8,8,Home,0,0,0.4502244954028755
59,Male,133/94,292,35.1,No,Yes,2,1,Home,0,0,0.4344338820510259
50,Female,153/71,231,32.8,Yes,No,9,8,Nursing_Facility,0,1,0.5775228924668486
24,Male,147/92,270,24.2,Yes,Yes,1,8,Home,1,0,0.47762576723144046
44,Female,140/79,189,39.7,No,No,9,10,Home,0,0,0.38474394180561233
73,Female,138/93,294,39.2,Yes,No,2,7,Home,0,0,0.41737512458069337
46,Male,123/98,197,26.1,No,Yes,4,7,Home,0,0,0.4336694555255579
79,Female,122/98,163,34.7,No,Yes,10,9,Home,0,0,0.4202653864831002
65,Female,118/82,192,31.6,No,Yes,1,2,Rehab,0,1,0.5858161875834593
22,Female,127/94,293,26.7,Yes,Yes,1,5,Home,0,0,0.48711858985212003
18,Female,134/85,234,38.3,Yes,No,5,8,Home,0,0,0.4323853813150251
73,Other,155/95,155,37.6,Yes,No,4,6,Home,1,0,0.4189653317657364
41,Male,158/85,259,34.1,No,No,10,10,Home,1,0,0.40326430284766684
19,Male,143/71,204,18.0,Yes,Yes,1,2,Home,0,0,0.48570979366196526
23,Other,143/93,166,29.8,Yes,Yes,6,4,Rehab,0,1,0.6405962855681953
67,Other,153/90,159,23.8,Yes,No,1,5,Home,0,0,0.44504003206282466
58,Female,131/80,277,24.7,Yes,Yes,0,7,Home,0,0,0.4875267271021449
21,Other,110/83,233,36.4,No,No,7,2,Home,0,0,0.4016585768198106
52,Other,117/97,231,36.2,Yes,No,4,9,Nursing_Facility,0,1,0.5756798819432063
35,Other,127/71,273,32.3,Yes,No,7,6,Home,0,0,0.44070187024036617
69,Other,148/90,162,34.2,Yes,No,10,7,Home,0,0,0.41917885642359065
35,Other,149/80,267,19.8,No,Yes,6,4,Home,0,0,0.46817439246223214
26,Female,113/74,289,18.1,Yes,No,7,9,Home,0,0,0.4787168571234677
30,Male,132/93,201,32.1,Yes,No,2,3,Rehab,0,1,0.5881596311240455
49,Female,158/90,280,21.7,No,No,9,9,Home,1,0,0.4263070321988552
69,Male,142/86,199,20.2,No,Yes,5,6,Nursing_Facility,0,1,0.5816237220371898
51,Other,116/79,167,23.0,Yes,No,6,6,Rehab,0,1,0.6024883415652551
77,Female,124/100,186,32.3,Yes,No,5,10,Rehab,0,1,0.5855348323736176
81,Male,128/74,206,35.6,No,No,8,1,Home,0,0,0.4117814494036802
54,Other,126/98,205,19.7,No,Yes,10,1,Home,0,0,0.4603348474782954
25,Female,116/80,234,21.9,Yes,No,1,5,Rehab,0,1,0.60583679902414
35,Female,139/87,176,29.8,No,No,9,6,Home,0,0,0.40429142280544605
58,Other,115/98,252,38.6,Yes,Yes,4,9,Home,0,0,0.4611438763755212
49,Female,139/88,253,27.4,Yes,No,7,2,Home,0,0,0.4601110223352299
55,Other,118/73,299,18.6,Yes,Yes,4,1,Rehab,0,1,0.6673335249245655
42,Male,153/71,227,19.9,No,No,9,1,Home,0,0,0.42243794618540265
34,Female,157/72,230,20.2,No,Yes,5,3,Rehab,0,1,0.60357627585098
57,Other,155/94,197,34.9,Yes,Yes,4,1,Rehab,0,1,0.6247899252292989
20,Other,125/81,254,33.2,No,No,10,5,Home,0,0,0.41017236920563716
33,Male,134/81,300,22.1,Yes,No,10,9,Home,0,0,0.45853840064451434
28,Other,110/93,151,37.4,Yes,Yes,3,3,Home,1,0,0.4722814443266595
59,Other,122/72,175,27.1,Yes,Yes,6,8,Rehab,0,1,0.6366194109390522
51,Female,152/70,212,23.2,No,Yes,6,10,Home,0,0,0.44817822906413735
27,Female,139/90,218,18.6,Yes,No,10,10,Home,0,0,0.44676849297416915
23,Female,159/92,226,18.2,Yes,No,10,2,Home,0,0,0.4630868533773367
49,Other,134/71,204,26.0,No,Yes,2,4,Home,0,0,0.44539884833122456
85,Female,123/78,184,18.2,No,No,5,6,Rehab,1,1,0.5775769169279303
77,Male,147/79,224,32.9,No,No,5,3,Home,0,0,0.40323505631651657
58,Male,160/91,257,30.0,No,No,3,5,Home,0,0,0.40730910661489933
38,Female,119/95,200,34.0,No,No,2,1,Home,0,0,0.4006117321188218
88,Female,141/98,295,31.3,No,No,0,9,Rehab,0,1,0.5761715972523394
87,Other,121/76,266,34.8,Yes,Yes,8,1,Rehab,0,1,0.6422956419625702
20,Female,134/92,267,21.4,Yes,No,8,1,Home,0,0,0.4576602108638374
30,Female,113/94,151,40.0,Yes,Yes,0,2,Home,0,0,0.44567951613215373
60,Female,121/91,208,25.8,Yes,No,3,3,Home,0,0,0.44440376830592404
84,Male,118/86,293,34.0,Yes,Yes,9,1,Rehab,0,1,0.6328296561450285
46,Male,157/91,165,25.6,No,No,3,8,Home,0,0,0.4005039290319319
61,Other,124/75,232,34.3,No,No,5,3,Home,0,0,0.40124846594066443
24,Male,132/89,275,20.9,Yes,Yes,0,8,Rehab,0,1,0.6425191262862647
69,Other,159/75,242,24.1,Yes,Yes,10,4,Home,0,0,0.48922232713212443
53,Other,126/92,279,26.3,Yes,Yes,8,7,Home,0,0,0.49440351147334205
37,Female,124/99,162,20.2,Yes,No,6,2,Home,1,0,0.44841363428796815
76,Male,110/91,177,32.3,No,No,3,2,Rehab,1,1,0.5448448263766419
63,Male,142/75,207,25.3,No,No,3,2,Home,1,0,0.40125949455718485
50,Female,138/83,295,37.0,No,Yes,10,4,Home,0,0,0.44754329368785467
84,Female,124/77,182,35.0,Yes,No,4,8,Home,0,0,0.43623272300815014
70,Female,144/89,192,18.0,No,Yes,2,7,Home,0,0,0.4544596245812331
83,Other,153/91,173,24.9,No,No,3,9,Home,0,0,0.4154058770035143
72,Other,117/73,227,21.3,Yes,Yes,10,3,Home,1,0,0.4862032227063617
58,Other,114/90,211,28.6,No,Yes,8,6,Rehab,0,1,0.6025404987686135
44,Female,150/81,299,29.9,Yes,No,9,2,Rehab,0,1,0.6091984527814437
42,Other,124/70,178,28.1,No,Yes,7,10,Home,0,0,0.43227337263313453
37,Other,120/96,237,37.6,No,No,4,3,Rehab,0,1,0.5584931620290395
72,Other,118/91,225,28.1,No,Yes,3,8,Home,0,0,0.45008449741362805
20,Female,153/71,160,30.3,Yes,No,10,2,Home,0,0,0.43332032065804255
22,Female,120/90,242,28.1,No,Yes,7,6,Rehab,0,1,0.5963210347309117
20,Other,145/75,189,22.9,Yes,No,8,9,Home,0,0,0.43338187301830683
61,Female,127/84,174,24.8,Yes,No,2,9,Home,1,0,0.43392234360889115
18,Other,144/87,202,20.9,No,Yes,3,8,Home,0,0,0.4539089805369798
72,Male,125/73,275,30.3,Yes,Yes,7,9,Home,0,0,0.4644812295311061
21,Female,114/88,204,30.6,Yes,Yes,10,8,Rehab,0,1,0.6401807760067733
56,Male,138/92,183,39.5,Yes,No,10,7,Home,0,0,0.4198540678606086
50,Other,117/92,216,36.3,Yes,Yes,6,1,Home,0,0,0.47598796101140944
32,Female,143/89,266,31.4,Yes,Yes,8,10,Home,0,0,0.48073479624728926
71,Male,147/85,255,29.3,No,Yes,9,10,Rehab,0,1,0.6016995444560774
28,Male,119/94,170,30.7,Yes,Yes,9,5,Home,0,0,0.4601341692676154
43,Other,160/71,247,23.6,Yes,Yes,0,10,Home,0,0,0.47566887123914087
67,Other,160/92,256,33.0,No,No,10,6,Rehab,0,1,0.5682978466328849
56,Male,123/70,166,39.4,Yes,Yes,3,8,Rehab,0,1,0.6044121908092839
47,Female,143/90,290,24.6,Yes,Yes,6,2,Home,0,0,0.48127547665413445
86,Other,146/89,165,23.6,No,Yes,0,2,Rehab,1,1,0.6174274936760983
58,Male,136/100,279,36.4,Yes,Yes,4,3,Home,0,0,0.46068126017988525
83,Other,134/76,186,24.1,Yes,Yes,1,1,Home,0,0,0.4792025158967494
78,Other,138/85,201,18.6,Yes,Yes,2,8,Home,0,0,0.4870742278940272
82,Other,154/78,238,22.4,Yes,Yes,9,8,Home,0,0,0.4991822254839813
27,Male,135/93,182,21.5,Yes,No,0,10,Home,0,0,0.4437769254791636
20,Other,138/87,200,39.8,No,Yes,9,7,Home,0,0,0.4307554261191483
60,Female,132/93,156,32.1,Yes,Yes,10,2,Home,1,0,0.4647481540890417
25,Male,146/86,169,21.6,No,Yes,8,9,Home,0,0,0.42661079300438853
72,Other,112/87,227,21.0,Yes,No,5,5,Home,0,0,0.47466851241372743
44,Other,153/88,278,26.8,No,No,7,8,Home,0,0,0.4118565137985915
90,Female,124/73,166,33.8,No,Yes,6,3,Home,0,0,0.4179877535521286
49,Female,131/70,261,27.3,No,No,9,8,Home,0,0,0.40335053696169354
69,Male,118/99,219,36.5,No,No,6,1,Home,0,0,0.3857736493893708
34,Other,118/96,163,29.7,No,Yes,5,10,Home,0,0,0.44451752782337817
35,Male,112/86,283,20.9,No,No,8,7,Nursing_Facility,0,1,0.5635720923050758
71,Male,148/74,275,26.2,No,No,8,5,Nursing_Facility,0,1,0.5561245594429439
59,Male,152/74,208,38.3,Yes,Yes,1,5,Home,0,0,0.4587969175913829
32,Female,133/80,256,35.7,No,No,9,10,Rehab,0,1,0.5687860139789049
77,Other,138/93,298,29.3,No,Yes,1,5,Home,0,0,0.43846837701097735
29,Female,133/73,224,38.1,Yes,Yes,2,8,Home,0,0,0.4502370600929779
58,Male,130/88,169,30.2,No,No,3,3,Nursing_Facility,0,1,0.5242835413218031
54,Male,144/93,246,30.1,Yes,Yes,0,10,Home,0,0,0.4893683516694656
79,Other,141/90,175,33.6,Yes,No,7,4,Home,0,0,0.4384662655488296
36,Other,148/70,155,25.1,No,Yes,7,3,Nursing_Facility,0,1,0.5869126924582863
26,Other,115/89,298,36.6,No,No,9,8,Home,0,0,0.4015690759340304
49,Female,156/87,270,38.2,No,No,5,2,Home,0,0,0.39539451194232383
46,Female,131/83,294,35.8,Yes,Yes,3,2,Rehab,1,1,0.6255273717322792
24,Male,134/92,261,31.1,Yes,Yes,4,1,Home,0,0,0.4724784785676345
87,Female,131/89,198,39.5,No,No,3,9,Home,1,0,0.37971829351261677
80,Male,136/82,179,25.0,Yes,No,8,9,Home,0,0,0.4337275310768352
45,Female,122/98,151,24.2,No,Yes,3,8,Home,0,0,0.4301876215988592
42,Female,123/72,291,35.3,Yes,Yes,0,2,Home,0,0,0.48414614885186563
19,Other,130/73,264,35.9,Yes,No,6,1,Home,0,0,0.4376729547420676
62,Male,151/83,163,35.5,Yes,No,4,1,Home,0,0,0.43285809741412096
59,Female,114/80,262,28.4,Yes,Yes,1,2,Rehab,0,1,0.6407674102089772
86,Other,122/78,248,23.6,No,Yes,9,6,Home,0,0,0.45830366122093114
84,Male,144/92,205,18.4,Yes,No,2,2,Rehab,0,1,0.6117058324169199
36,Female,131/83,261,34.6,No,Yes,8,3,Rehab,0,1,0.5913504674233971
63,Female,156/100,163,26.9,No,Yes,5,5,Nursing_Facility,0,1,0.5667370618076788
84,Male,110/96,204,25.2,Yes,No,9,3,Home,0,0,0.4419904261295736
78,Female,156/82,191,26.5,No,Yes,9,2,Home,0,0,0.4427687056247872
86,Female,131/76,268,26.2,Yes,Yes,4,7,Home,0,0,0.483949543332653
81,Other,118/82,178,27.7,Yes,No,2,6,Home,0,0,0.43583988181364214
50,Female,158/85,291,19.5,Yes,Yes,1,2,Home,0,1,0.5000820743012766
22,Other,141/81,232,19.1,Yes,Yes,6,7,Home,0,0,0.4982658230081377
64,Female,121/81,222,39.0,No,No,9,1,Home,0,0,0.3921946379826007
22,Other,144/75,248,39.2,Yes,Yes,2,10,Home,0,0,0.45312476147791825
21,Other,140/76,167,37.0,No,Yes,0,6,Home,0,0,0.42079191686677453
57,Other,137/71,243,22.3,Yes,No,3,3,Rehab,1,1,0.6067858958892466
70,Male,110/97,260,19.7,Yes,No,7,9,Home,1,0,0.45956695923344976
55,Male,136/76,182,34.9,No,Yes,4,7,Rehab,0,1,0.5881468846137186
24,Male,155/97,183,22.6,No,No,6,2,Home,0,0,0.4043820787898669
66,Female,142/93,214,30.6,Yes,No,7,6,Nursing_Facility,1,1,0.572539232520371
54,Male,114/99,209,29.2,Yes,Yes,8,10,Home,0,0,0.46723937703156565
24,Other,138/73,205,23.1,No,Yes,6,4,Home,0,0,0.4431588043453105
39,Other,133/90,150,34.8,No,Yes,3,10,Home,0,0,0.42188596220470725
53,Other,110/71,201,25.4,No,Yes,2,8,Rehab,0,1,0.6273667403255032
45,Other,110/72,253,21.3,Yes,Yes,2,7,Home,0,0,0.49888520734069053
60,Other,112/85,232,20.3,No,Yes,0,1,Home,0,0,0.45558734539797857
81,Other,135/71,283,38.8,Yes,No,2,7,Home,0,0,0.4405100090195609
27,Female,159/74,214,33.0,No,No,4,7,Home,0,0,0.39252610369400515
72,Male,143/93,224,27.9,Yes,No,10,8,Rehab,1,1,0.6132919936692826
37,Female,111/93,299,39.7,No,No,6,9,Home,0,0,0.39892363878789755
83,Male,153/77,161,25.7,Yes,No,5,8,Home,0,0,0.42991119334006556
61,Other,141/82,279,26.8,Yes,No,7,5,Home,0,0,0.4488407691095888
33,Male,120/89,181,25.1,Yes,Yes,3,7,Rehab,0,1,0.622465276375221
55,Female,151/79,182,26.2,No,No,6,4,Home,0,0,0.40318743103265525
58,Male,122/95,279,29.8,Yes,No,6,5,Home,0,0,0.4441882958455203
46,Male,154/97,295,27.5,No,No,9,1,Home,0,0,0.41599019894926137
32,Male,127/70,251,20.4,Yes,No,1,7,Home,1,0,0.44219737356267336
24,Other,138/70,273,19.3,No,Yes,2,1,Rehab,0,1,0.6289774409508954
28,Female,131/78,229,24.8,No,Yes,8,1,Home,0,0,0.4481221251910568
67,Male,146/84,204,23.1,Yes,Yes,0,5,Home,0,0,0.47652023448175024
86,Male,132/95,269,21.5,No,No,0,9,Home,0,0,0.4136240680558459
38,Male,159/84,244,24.3,No,Yes,4,3,Home,0,0,0.45035729863525314
27,Male,123/91,220,22.4,No,No,9,8,Home,0,0,0.403014725609813
59,Other,137/92,224,35.4,Yes,No,9,9,Rehab,0,1,0.5996000525716955
37,Other,154/73,254,24.5,No,No,5,3,Rehab,1,1,0.5870328422347588
34,Other,117/79,160,21.1,No,No,1,7,Home,0,0,0.40913242430471936
74,Female,132/89,263,19.4,Yes,Yes,3,2,Rehab,0,1,0.6512001868117245
37,Female,128/87,287,18.2,No,Yes,1,5,Home,0,0,0.4595907918081671
31,Female,153/82,174,35.5,Yes,Yes,1,3,Nursing_Facility,0,1,0.6003607482097512
41,Female,128/86,206,21.9,Yes,Yes,4,3,Home,1,0,0.4921152470138366
90,Male,137/90,194,36.1,Yes,Yes,8,8,Nursing_Facility,0,1,0.6001130441784991
33,Other,160/96,154,33.0,Yes,Yes,7,5,Home,1,0,0.45710204471849464
42,Other,150/93,268,20.7,No,No,1,4,Home,0,0,0.42063757849187217
47,Other,143/95,293,32.0,No,No,10,10,Home,0,0,0.4093591900973966
55,Male,110/83,294,25.1,Yes,Yes,5,7,Home,0,0,0.4858306418493015
74,Female,139/86,161,33.9,No,Yes,6,7,Home,0,0,0.4171598088203708
28,Male,130/72,277,39.7,Yes,No,2,5,Nursing_Facility,0,1,0.5693250092844314
49,Male,143/71,164,19.5,No,No,4,4,Home,0,0,0.41157282863606054
66,Other,135/83,260,25.5,Yes,No,10,3,Rehab,1,1,0.6408438360117431
73,Female,119/95,176,34.9,No,Yes,2,2,Home,0,0,0.4307724078281859
74,Other,120/90,202,23.4,No,No,5,10,Home,0,0,0.41033674248095503
64,Female,130/97,150,34.6,Yes,Yes,3,5,Home,0,0,0.4561498283879436
19,Female,140/72,285,37.6,No,Yes,5,8,Home,0,0,0.44712068104967456
54,Other,124/86,256,18.3,Yes,Yes,2,3,Nursing_Facility,0,1,0.6389547405214124
36,Other,147/75,179,31.1,Yes,No,4,9,Home,0,0,0.42434050742694546
46,Male,153/97,192,20.1,No,No,2,8,Home,0,0,0.4180064729858299
26,Male,118/95,226,21.9,Yes,No,4,2,Rehab,1,1,0.606366898312206
49,Female,143/93,227,37.1,No,No,1,2,Home,0,0,0.406002487365088
51,Other,145/75,187,33.0,No,Yes,7,7,Home,0,0,0.4191158623270477
81,Other,129/81,284,18.5,No,No,6,9,Rehab,0,1,0.5983247274518425
36,Other,132/97,231,34.6,Yes,Yes,5,6,Nursing_Facility,1,1,0.6166233400440111
65,Other,117/83,173,24.0,Yes,No,4,8,Home,0,0,0.4415694776468584
68,Other,147/82,191,36.5,Yes,No,9,4,Nursing_Facility,0,1,0.5704654518459152
47,Other,144/77,266,21.6,Yes,No,9,6,Home,1,0,0.4650368135054419
54,Other,133/86,155,36.8,Yes,No,9,8,Home,0,0,0.416043301044943
64,Female,115/92,289,39.5,Yes,Yes,7,3,Home,0,0,0.4650279113161953
63,Male,116/70,280,35.5,No,Yes,2,1,Rehab,0,1,0.596824340780219
54,Male,130/76,176,18.8,Yes,No,5,7,Home,0,0,0.44898293115125854
68,Male,153/81,172,29.4,No,Yes,2,1,Home,0,0,0.4238266592463018
61,Female,137/72,184,37.8,No,Yes,7,3,Rehab,0,1,0.5752100282740534
43,Other,158/71,213,26.5,Yes,Yes,1,6,Home,0,0,0.4769373050792073
64,Male,116/82,164,38.2,No,No,0,9,Nursing_Facility,0,1,0.5126004091065555
22,Male,121/74,290,25.2,Yes,Yes,9,7,Rehab,0,1,0.6413672712343319
90,Male,124/79,154,37.2,Yes,Yes,1,5,Rehab,0,1,0.6157212354991941
47,Other,126/84,266,24.1,No,Yes,1,8,Nursing_Facility,0,1,0.6050446139672218
36,Other,147/100,219,33.2,Yes,No,1,6,Nursing_Facility,0,1,0.5667313754311359
66,Other,136/97,255,37.8,No,Yes,8,8,Home,0,0,0.44385397653007386
69,Male,130/70,182,29.5,Yes,No,8,2,Home,0,0,0.4355647256778355
56,Other,157/81,236,36.5,Yes,No,7,8,Home,0,0,0.4368831623611797
73,Female,130/96,280,32.7,No,No,1,6,Home,0,0,0.42105865390504776
33,Other,114/73,184,23.3,Yes,No,2,4,Home,0,0,0.4414047806267381
51,Male,141/90,248,24.0,Yes,Yes,9,2,Home,1,0,0.4901677649988235
25,Male,139/71,160,28.9,Yes,Yes,7,1,Home,1,0,0.455231437658107
38,Male,131/95,183,21.9,No,Yes,9,5,Home,1,0,0.4445443158019028
40,Male,126/88,293,30.6,No,No,2,1,Home,0,0,0.4074430016191605
80,Male,119/94,256,34.1,No,No,10,6,Home,0,0,0.40018629692262037
75,Female,119/97,189,33.7,No,No,8,6,Home,0,0,0.39861765042839525
50,Male,158/74,283,25.5,Yes,Yes,8,8,Rehab,0,1,0.6432120535418685
26,Female,133/84,159,32.7,No,No,4,2,Home,0,0,0.3930713179393532
87,Other,124/88,206,23.6,Yes,Yes,8,6,Rehab,0,1,0.6392115118169486
20,Female,142/91,189,27.2,Yes,Yes,1,6,Rehab,0,1,0.6393689133244698
43,Male,115/99,242,19.8,No,No,0,2,Rehab,0,1,0.5719754017659148
63,Male,149/82,210,39.2,No,No,3,9,Nursing_Facility,0,1,0.5271091187449624
28,Female,143/89,292,32.2,Yes,No,8,9,Home,0,0,0.44890321685729684
42,Other,113/83,191,29.1,No,Yes,9,6,Rehab,1,1,0.6080134152933896
35,Other,132/75,230,18.4,Yes,No,6,2,Home,1,0,0.4723725706266021
41,Male,155/83,276,37.7,No,Yes,0,7,Home,0,0,0.4268415734700741
52,Female,133/76,250,19.8,No,Yes,7,7,Rehab,0,1,0.6167711754283809
45,Other,127/82,278,33.3,No,Yes,6,3,Home,0,0,0.43987418277882784
89,Female,110/100,199,36.8,Yes,No,0,8,Home,0,0,0.41584695014740186
68,Female,156/94,285,28.7,Yes,Yes,3,6,Rehab,0,1,0.6463851417020415
34,Other,144/88,224,30.0,No,No,4,5,Home,0,0,0.40682496519012434
45,Female,153/90,176,36.1,No,No,8,7,Home,0,0,0.39062769908813055
82,Other,160/70,214,30.6,Yes,No,0,3,Home,0,0,0.43588660232778415
30,Male,127/91,285,24.5,Yes,No,4,4,Home,0,0,0.45272588434375494
23,Other,121/82,256,23.8,No,Yes,7,1,Nursing_Facility,0,1,0.6020234095607168
60,Male,133/73,299,21.5,Yes,No,3,8,Rehab,0,1,0.610114124381251
52,Female,127/73,295,29.0,Yes,Yes,7,5,Home,0,0,0.49033076177298274
25,Female,154/99,227,31.5,Yes,No,8,9,Rehab,1,1,0.5892923668872251
44,Male,157/96,299,22.6,Yes,Yes,5,8,Rehab,0,1,0.6421652810769564
22,Other,132/79,274,33.9,Yes,Yes,7,5,Home,0,0,0.4699393714875519
57,Male,120/77,294,34.2,No,Yes,4,10,Rehab,0,1,0.5942772017158651
25,Other,140/81,151,21.0,No,No,2,4,Home,0,0,0.40974221242638853
39,Female,145/86,182,37.2,Yes,Yes,8,5,Home,0,0,0.4481673635004111
22,Female,122/92,229,22.5,No,No,2,5,Home,0,0,0.4082179253973265
74,Female,157/89,181,31.6,No,No,6,5,Home,0,0,0.3958604055654563
21,Male,124/81,258,27.1,Yes,No,7,4,Home,0,0,0.45592860070651614
62,Female,135/73,174,26.0,No,No,10,4,Home,0,0,0.4371433958245197
59,Other,132/83,229,39.0,No,No,9,5,Home,0,0,0.3971610606051134
71,Female,151/97,192,36.3,No,Yes,0,5,Rehab,0,1,0.5728644144875299
85,Other,122/98,289,38.3,Yes,No,2,3,Home,0,0,0.4360619642380029
87,Other,148/81,289,33.4,No,Yes,3,1,Home,0,0,0.4450839750976353
51,Male,117/79,219,26.3,Yes,No,2,3,Home,0,0,0.4388335542062067
90,Male,122/87,191,30.2,No,Yes,4,4,Home,0,0,0.42277839519812493
22,Female,126/77,290,28.3,Yes,Yes,6,6,Home,0,0,0.4914577623973552
66,Other,122/79,174,38.5,No,No,10,3,Home,0,0,0.3935157003153646
47,Male,154/72,235,28.2,Yes,No,2,10,Rehab,0,1,0.5922441867032755
38,Male,121/79,252,18.7,Yes,Yes,3,1,Home,0,0,0.49418712335368686
69,Female,133/99,213,35.3,Yes,Yes,10,5,Rehab,0,1,0.6270072310095833
19,Other,115/70,292,18.4,No,No,0,2,Rehab,0,1,0.5935365344805132
87,Female,153/74,252,18.1,No,No,4,2,Rehab,0,1,0.5897932173035663
86,Other,111/100,245,27.2,Yes,Yes,8,8,Home,0,0,0.48610123223898266
56,Female,110/86,287,28.2,No,Yes,3,7,Home,1,0,0.455132008852015
67,Female,159/86,199,29.4,Yes,No,3,10,Home,0,0,0.43274606072114796
22,Other,141/94,250,18.9,Yes,Yes,10,2,Home,0,0,0.49573955406487064
85,Other,156/71,274,24.4,Yes,Yes,2,3,Home,0,0,0.4977831176357519
73,Male,139/75,299,18.3,Yes,Yes,1,3,Home,0,1,0.5010455163400257
38,Female,144/94,189,23.9,No,No,1,3,Home,0,0,0.4188287514332554
28,Female,138/75,180,24.7,Yes,Yes,10,3,Home,0,0,0.4638100496277626
42,Male,131/95,277,32.5,No,Yes,10,9,Nursing_Facility,0,1,0.580068221365424
37,Male,157/91,245,33.6,Yes,No,1,3,Rehab,0,1,0.5929396659822719
19,Female,136/84,299,28.8,Yes,No,10,9,Home,0,0,0.45005822650366606
53,Male,115/79,165,37.2,Yes,No,0,5,Home,0,0,0.4072913786214258
85,Other,150/77,206,19.0,Yes,No,2,3,Home,0,0,0.4536892449307434
47,Other,160/72,262,37.2,Yes,No,0,5,Home,0,0,0.43076970098538553
83,Female,126/81,199,19.1,No,Yes,4,4,Home,0,0,0.45205018648525275
43,Female,146/78,296,31.9,No,Yes,8,2,Home,0,0,0.4451436208448693
52,Male,138/96,273,39.6,Yes,No,2,3,Home,0,0,0.4292722616156055
26,Other,151/91,191,37.4,Yes,Yes,4,4,Home,1,0,0.4551159509322781
39,Other,122/94,157,35.8,Yes,Yes,1,9,Home,0,0,0.46066930108700577
41,Male,132/85,250,24.4,Yes,Yes,10,4,Rehab,0,1,0.635355289558698
22,Female,156/82,242,31.4,Yes,Yes,2,7,Home,0,0,0.4679629434878224
82,Male,152/73,282,34.1,No,Yes,2,3,Rehab,0,1,0.5931756789498092
71,Other,133/75,256,27.9,Yes,No,4,7,Home,0,0,0.44857719545861213
25,Male,135/93,191,23.8,No,Yes,7,2,Home,1,0,0.4481731234411805
62,Female,112/93,224,32.0,Yes,Yes,4,4,Rehab,0,1,0.631155313927783
57,Other,114/89,239,35.6,Yes,Yes,4,2,Home,0,0,0.4669264539941469
25,Other,137/79,278,20.7,Yes,No,7,8,Home,0,0,0.4670931511750509
37,Female,123/73,158,38.9,Yes,No,3,5,Rehab,0,1,0.5648613741256979
38,Female,150/98,291,26.1,Yes,Yes,5,10,Rehab,1,1,0.6366273031386397
67,Other,127/93,262,25.9,Yes,Yes,0,10,Home,0,0,0.49047005918392766
59,Female,148/77,299,23.5,Yes,No,10,5,Home,1,0,0.46686846168848517
24,Male,159/99,223,37.3,Yes,Yes,7,2,Home,0,0,0.45864692923525
63,Male,111/73,189,18.4,Yes,Yes,10,3,Home,0,0,0.49453897660916957
65,Other,129/82,266,34.5,No,No,7,7,Home,0,0,0.41520072779204675
56,Male,118/74,170,24.0,Yes,Yes,4,4,Home,0,0,0.47547705418160685
65,Female,143/100,271,18.0,Yes,No,8,4,Rehab,0,1,0.6178616039116649
37,Female,157/71,270,27.4,Yes,Yes,9,2,Home,0,0,0.4740735822404425
44,Female,156/78,194,23.0,No,Yes,9,4,Home,0,0,0.4482841384111598
35,Female,130/81,294,20.3,No,No,0,8,Home,1,0,0.4331464442759159
77,Other,119/85,283,31.6,No,Yes,2,8,Home,0,0,0.4370484824576216
47,Other,112/71,195,32.5,Yes,Yes,0,3,Nursing_Facility,0,1,0.6013393989427526
27,Other,135/70,162,39.9,No,Yes,10,9,Rehab,0,1,0.5866936167190642
75,Female,129/76,244,18.7,Yes,Yes,7,9,Home,0,0,0.4882392030510894
33,Male,125/97,264,20.1,Yes,No,8,5,Home,0,0,0.4567172255150971
23,Female,147/78,284,20.2,No,Yes,2,1,Home,0,0,0.4552531859221012
85,Male,110/83,252,30.1,No,No,8,9,Home,0,0,0.4061905067307916
74,Male,145/93,155,24.5,Yes,No,0,6,Nursing_Facility,0,1,0.573240350101432
44,Male,149/70,183,29.4,Yes,Yes,10,8,Home,0,0,0.47080641831160125
39,Male,144/80,202,21.8,No,No,7,2,Home,0,0,0.42640802196241573
56,Female,153/86,154,37.3,No,Yes,3,4,Home,0,0,0.42756776816115494
56,Other,115/92,251,23.5,No,Yes,2,1,Home,0,0,0.45367930664854644
86,Male,117/81,293,26.6,No,No,5,2,Home,1,0,0.41417029980243325
35,Other,126/84,238,20.7,Yes,Yes,9,1,Home,0,1,0.5082346698538589
53,Male,151/75,199,36.9,Yes,Yes,1,7,Home,1,0,0.4550113237654535
23,Female,115/88,244,21.7,Yes,Yes,0,8,Rehab,0,1,0.6299110874573502
57,Other,119/76,240,18.8,Yes,No,2,2,Home,0,0,0.4559259431801307
51,Other,158/94,247,24.6,No,No,7,7,Rehab,0,1,0.5876999112355151
83,Other,155/92,248,20.7,No,No,0,8,Rehab,1,1,0.5830805384280109
50,Female,122/89,175,28.1,Yes,Yes,7,7,Rehab,0,1,0.6241741020860033
24,Other,153/78,290,30.4,No,No,9,10,Rehab,0,1,0.5714226205695304
72,Other,153/73,201,31.3,No,No,5,6,Home,0,0,0.41231659001657944
48,Male,117/70,219,20.4,No,Yes,3,8,Home,0,0,0.44198393673300573
52,Other,136/83,157,39.7,Yes,No,0,6,Home,0,0,0.42326919862879986
20,Male,118/74,212,27.8,Yes,Yes,0,3,Rehab,0,1,0.629620263505936
57,Female,137/76,300,19.0,Yes,Yes,9,7,Home,1,0,0.49724230778324635
45,Female,154/78,240,36.5,Yes,Yes,4,6,Rehab,0,1,0.6267756042277678
47,Female,140/70,288,24.2,No,No,5,4,Home,0,0,0.4284511997649567
41,Male,110/70,267,27.7,Yes,No,1,10,Home,1,0,0.4370824538997986
30,Female,155/97,297,19.9,Yes,No,1,6,Home,0,0,0.4549153822717621
83,Male,157/82,251,34.9,No,Yes,6,3,Home,0,0,0.43316394846287803
46,Male,128/100,208,34.6,No,Yes,5,8,Rehab,0,1,0.5749174763883439
67,Female,128/77,201,35.4,No,Yes,3,3,Home,0,0,0.41609011927903505
37,Other,112/96,174,21.5,No,Yes,9,3,Home,0,0,0.4519235563889224
33,Female,148/94,299,34.6,No,No,3,4,Nursing_Facility,0,1,0.5467843946103847
52,Other,113/76,297,25.4,No,No,0,3,Home,1,0,0.42732762250034945
20,Other,121/91,153,33.2,No,No,7,10,Home,0,0,0.3943935429772297
21,Male,139/78,218,18.8,Yes,Yes,10,9,Home,0,0,0.4860105573261538
33,Male,128/83,167,23.7,Yes,No,6,2,Rehab,0,1,0.6057884183643264
72,Other,141/87,181,27.8,Yes,Yes,4,2,Home,0,0,0.47463937164061903
87,Male,117/83,204,39.9,No,No,2,2,Home,0,0,0.38335496675458347
27,Other,120/81,153,26.4,Yes,Yes,6,10,Home,0,0,0.4706536126235417
18,Male,110/85,165,39.8,No,Yes,8,5,Home,0,0,0.41706996933541307
31,Male,123/93,160,19.6,Yes,Yes,5,6,Home,0,0,0.49485405833866275
86,Other,137/80,190,20.0,No,No,3,1,Rehab,1,1,0.5838649406217147
23,Male,121/72,205,26.1,No,No,0,8,Home,0,0,0.4086631322239982
43,Female,116/95,174,19.2,Yes,Yes,1,2,Home,0,0,0.4862642721884178
75,Male,119/76,167,28.3,No,Yes,2,1,Home,0,0,0.4254713952884757
47,Female,156/74,205,31.6,Yes,Yes,4,2,Home,0,0,0.46507217386800853
57,Female,111/74,211,34.2,Yes,No,3,9,Home,0,0,0.4236792997136091
88,Female,110/76,251,24.3,Yes,No,4,1,Home,0,0,0.4640455127058401
70,Other,117/93,289,37.9,No,Yes,3,7,Home,0,0,0.43435037331722637
87,Male,122/76,171,38.2,Yes,No,3,9,Home,0,0,0.4086401656672566
61,Female,115/73,270,27.1,No,Yes,9,7,Rehab,0,1,0.6087840272681535
69,Female,111/89,203,38.4,No,No,3,4,Nursing_Facility,0,1,0.5311351449678746
28,Female,134/71,197,30.0,Yes,No,9,9,Rehab,0,1,0.5928648980659148
59,Male,113/83,229,35.9,No,Yes,3,6,Nursing_Facility,1,1,0.5750664305342562
21,Female,148/73,277,31.5,No,No,3,1,Rehab,0,1,0.5688287016402735
39,Other,156/83,213,21.5,No,No,5,3,Home,0,0,0.4262906126562302
63,Female,158/83,277,28.5,No,Yes,5,9,Nursing_Facility,1,1,0.5878592177720677
86,Female,140/77,287,26.6,No,Yes,7,7,Home,0,0,0.46812678504926336
80,Other,119/85,282,19.3,No,No,9,7,Home,0,0,0.4259365635837079
31,Other,131/87,188,35.0,Yes,Yes,3,9,Home,0,0,0.46459552662948844
52,Male,124/75,258,35.5,No,Yes,10,9,Nursing_Facility,0,1,0.5691056689533806
53,Male,139/97,152,24.5,Yes,No,10,7,Home,0,0,0.44263094360390126
31,Female,128/85,251,33.1,Yes,Yes,1,2,Nursing_Facility,0,1,0.6107145044368086
29,Female,132/95,257,39.7,Yes,Yes,6,6,Rehab,0,1,0.6149512916336823
69,Male,122/87,159,21.0,Yes,Yes,1,9,Nursing_Facility,0,1,0.6029029293576931
21,Female,155/88,217,28.2,Yes,Yes,6,8,Home,0,0,0.4787362935949175
80,Female,123/71,249,26.3,No,Yes,0,10,Home,0,0,0.4325537257675754
67,Other,125/90,173,31.6,No,Yes,8,3,Home,0,0,0.45005222199675526
35,Other,150/85,275,38.9,Yes,No,3,3,Home,0,0,0.4284799545612873
57,Female,128/81,249,37.1,No,Yes,9,3,Nursing_Facility,0,1,0.5745066026919561
81,Male,159/78,295,23.8,Yes,Yes,9,8,Home,0,0,0.4995857096350843
37,Female,126/73,229,37.9,Yes,Yes,0,4,Nursing_Facility,0,1,0.59640820827466
79,Other,132/74,210,18.0,No,Yes,3,5,Home,0,0,0.45261747221720855
82,Female,148/74,219,20.1,No,No,3,6,Rehab,0,1,0.5761431733912318
71,Female,139/74,172,36.1,No,Yes,6,2,Home,0,0,0.42600828277016206
25,Male,140/81,176,36.1,Yes,No,2,7,Home,0,0,0.41542231007432073
54,Other,111/74,293,22.8,No,Yes,3,9,Home,0,0,0.4563188643957271
62,Female,156/78,263,27.4,Yes,Yes,6,1,Home,0,0,0.48605151476270064
32,Male,137/70,173,26.2,No,Yes,0,9,Nursing_Facility,0,1,0.583081013740035
45,Male,150/86,291,37.2,Yes,Yes,10,9,Rehab,0,1,0.6204949745413276
52,Male,153/90,248,36.0,Yes,Yes,3,6,Home,0,0,0.4642354053543271
83,Female,155/79,173,19.5,Yes,Yes,4,1,Home,0,0,0.47900200224888273
84,Other,142/96,235,20.4,Yes,No,0,9,Home,0,0,0.44735858104052145
77,Other,115/100,295,21.7,No,Yes,1,1,Nursing_Facility,1,1,0.6069362514601458
51,Male,156/76,161,39.2,No,No,5,9,Home,0,0,0.3773951282183361
81,Male,116/72,298,36.4,No,No,1,9,Home,0,0,0.4083718448239005
25,Male,135/73,218,34.3,Yes,No,7,6,Home,0,0,0.45862608838840485
23,Other,160/91,224,21.2,No,No,6,4,Home,0,0,0.4240661041003024
27,Male,138/70,242,34.6,Yes,Yes,5,4,Home,0,0,0.4711198207885863
75,Male,143/79,218,38.5,Yes,No,8,10,Home,0,0,0.43157810938472524
66,Female,120/77,284,24.0,Yes,No,0,9,Rehab,0,1,0.6095373317537678
59,Male,128/84,288,31.7,Yes,No,4,10,Nursing_Facility,1,1,0.5704558264897899
32,Female,136/72,267,26.8,No,No,7,1,Rehab,0,1,0.5729596789379134
23,Female,154/75,263,37.8,Yes,Yes,8,10,Home,1,0,0.46972171670423074
40,Female,130/88,277,37.2,Yes,Yes,0,8,Rehab,1,1,0.6108107525602576
24,Other,113/76,268,32.7,No,Yes,5,9,Rehab,1,1,0.6036856850783608
45,Other,119/99,199,19.9,Yes,No,2,8,Nursing_Facility,0,1,0.6044527757808739
53,Other,142/85,153,34.7,No,No,5,8,Nursing_Facility,0,1,0.5246545174173526
78,Male,111/86,252,18.0,Yes,No,3,6,Home,0,0,0.4662064812272597
53,Male,113/85,166,31.4,Yes,Yes,5,1,Home,0,0,0.46580072555184543
85,Male,143/91,206,19.3,Yes,No,9,9,Rehab,1,1,0.6078864124062086
69,Male,142/95,273,30.5,No,Yes,1,9,Home,0,0,0.44302524160896445
60,Other,155/74,202,36.5,No,No,10,2,Home,0,0,0.4118341520793058
40,Female,129/87,161,32.7,No,Yes,4,3,Nursing_Facility,0,1,0.5655796118955441
55,Female,158/80,281,24.7,Yes,Yes,7,4,Home,1,1,0.5059337951568311
77,Female,152/83,214,20.2,Yes,Yes,5,7,Rehab,0,1,0.6400090362260928
57,Female,122/76,225,21.2,No,No,9,1,Home,0,0,0.41432340238486237
49,Female,115/82,186,35.8,Yes,No,3,7,Nursing_Facility,0,1,0.5561504795878477
64,Male,137/88,299,24.5,Yes,No,1,5,Home,1,0,0.47907627546976256
24,Female,140/89,202,25.2,No,No,7,6,Home,0,0,0.40124199296818286
62,Other,141/88,166,36.5,No,Yes,2,6,Home,1,0,0.43556119685575645
77,Female,113/94,244,21.1,No,Yes,9,8,Rehab,0,1,0.6142382767921591
74,Female,124/82,250,19.4,Yes,Yes,1,2,Rehab,0,1,0.6472733586402816
31,Male,152/94,256,24.9,No,No,2,7,Nursing_Facility,0,1,0.5587118183772122
33,Male,149/99,156,31.2,Yes,Yes,0,7,Home,0,0,0.4514946869564698
26,Male,142/91,183,20.8,Yes,No,8,1,Rehab,1,1,0.6199020334176936
51,Other,150/71,234,27.5,No,Yes,6,6,Rehab,0,1,0.6108242589878848
62,Other,128/74,282,28.0,Yes,No,7,4,Home,0,0,0.47210194577889636
71,Male,138/74,259,35.1,No,No,4,8,Home,0,0,0.3888298269842124
34,Other,125/85,262,20.6,Yes,Yes,8,5,Home,0,1,0.5015908002954566
80,Other,113/71,233,24.1,No,No,9,10,Home,0,0,0.42185147129613954
59,Other,140/73,160,21.8,Yes,No,6,5,Home,0,0,0.4498853621656628
87,Other,141/96,182,28.2,Yes,No,4,1,Rehab,0,1,0.5992934281230828
46,Other,118/76,205,18.6,Yes,Yes,6,10,Home,0,0,0.4826057536522816
56,Male,129/82,219,31.5,Yes,Yes,3,6,Home,0,0,0.4730501072409534
71,Male,112/94,244,25.7,Yes,No,5,2,Home,0,0,0.43815983660492236
45,Other,152/79,263,35.6,Yes,No,3,5,Home,1,0,0.4367612998049558
72,Other,158/86,159,37.4,No,No,6,5,Rehab,0,1,0.5515815310345317
53,Other,125/99,188,37.7,Yes,Yes,0,1,Home,0,0,0.4578874625992117
37,Other,136/92,199,27.7,No,No,3,7,Home,0,0,0.40220338416075463
71,Male,132/91,258,28.5,Yes,Yes,9,8,Home,0,0,0.48234925573330295
39,Female,119/97,199,30.9,Yes,No,5,10,Rehab,0,1,0.5924313647432237
71,Male,117/74,183,34.4,Yes,Yes,9,1,Home,0,0,0.4629460603372588
24,Male,114/75,189,39.2,Yes,Yes,7,7,Nursing_Facility,0,1,0.5868403677349037
78,Other,116/90,282,29.9,No,Yes,2,7,Home,0,0,0.4544054534309327
42,Male,131/70,273,25.0,Yes,No,2,1,Rehab,0,1,0.599522751229053
22,Female,136/96,166,21.5,No,No,6,3,Rehab,0,1,0.5707434149509414
66,Female,131/79,176,29.2,Yes,No,10,9,Rehab,0,1,0.5993948592732687
34,Male,110/99,154,22.0,Yes,Yes,5,5,Home,0,0,0.47508737333406603
36,Male,157/100,162,22.0,Yes,No,2,6,Home,0,0,0.42811730812480275
31,Female,142/70,183,18.2,No,No,6,5,Home,0,0,0.41081491482138444
29,Female,124/73,260,37.7,Yes,Yes,7,6,Nursing_Facility,0,1,0.595425373764003
40,Female,151/94,211,39.2,Yes,Yes,7,5,Home,0,0,0.4584401589517509
53,Other,125/73,238,38.3,Yes,No,9,7,Home,0,0,0.4220325746981308
29,Male,154/85,299,27.9,No,No,4,3,Home,0,0,0.41565376639596496
63,Female,160/97,217,22.0,No,No,1,3,Home,0,0,0.43106683520649197
37,Female,124/78,213,26.9,Yes,Yes,6,10,Rehab,0,1,0.6202833920104385
30,Other,114/100,275,19.8,No,Yes,7,5,Rehab,1,1,0.6206553913530933
60,Male,112/75,248,30.4,Yes,Yes,7,4,Nursing_Facility,0,1,0.6131507068563259
83,Other,132/92,181,26.6,Yes,Yes,4,3,Home,0,0,0.47688028980366465
76,Female,116/99,268,28.9,No,Yes,6,2,Rehab,0,1,0.6100658203641739
85,Female,147/85,157,36.4,Yes,No,5,2,Rehab,0,1,0.5837946438412086
51,Male,142/87,258,28.3,No,No,1,7,Rehab,0,1,0.5720753425893385
30,Female,138/89,276,25.5,Yes,No,8,2,Rehab,0,1,0.6246981771241996
82,Other,126/87,271,31.3,Yes,No,8,4,Home,0,0,0.43862871117226565
34,Other,145/79,268,21.6,Yes,Yes,7,1,Nursing_Facility,0,1,0.6367822719524608
70,Male,151/89,152,22.8,Yes,No,4,8,Home,0,0,0.444691876250414
31,Male,134/89,169,35.0,No,Yes,3,1,Nursing_Facility,0,1,0.5706668541306421
35,Female,136/71,292,37.8,Yes,No,2,8,Home,0,0,0.4328380200483822
36,Other,150/80,222,38.0,Yes,No,5,2,Home,0,0,0.4516299250064376
67,Other,118/77,210,38.2,Yes,No,5,7,Rehab,0,1,0.5779666180559678
83,Other,114/83,187,36.9,Yes,Yes,8,2,Home,0,0,0.47469453216386437
32,Other,157/98,221,31.9,No,No,7,2,Home,0,0,0.40682693551195603
54,Other,115/91,211,21.3,Yes,No,10,5,Rehab,0,1,0.618933789415171
50,Female,123/85,196,30.6,No,Yes,6,2,Home,0,0,0.4406410250866412
29,Female,140/94,153,33.7,Yes,No,6,4,Rehab,0,1,0.588531158990058
70,Female,111/98,222,21.8,No,Yes,0,2,Home,0,0,0.4473436470772434
18,Female,134/85,183,32.2,Yes,Yes,1,2,Nursing_Facility,1,1,0.6104872914238351
81,Male,143/86,226,29.5,Yes,Yes,3,10,Home,0,0,0.4631683303973587
31,Male,113/81,223,25.0,Yes,No,3,4,Nursing_Facility,1,1,0.586611463345461
26,Male,123/75,250,23.0,Yes,No,6,8,Home,0,0,0.4429595202235636
89,Male,111/82,268,30.1,Yes,No,7,7,Home,1,0,0.4532874069226342
81,Female,120/83,243,38.6,No,Yes,6,2,Home,0,0,0.43378117197230537
45,Female,114/86,195,36.4,No,Yes,6,4,Home,0,0,0.42764873996262276
75,Male,114/98,192,18.5,Yes,Yes,8,2,Rehab,0,1,0.6464553635805077
61,Female,117/90,191,30.4,No,Yes,7,6,Rehab,1,1,0.5871921511286133
65,Female,126/81,300,37.8,No,No,10,4,Rehab,0,1,0.5641675160469352
53,Other,124/81,164,33.8,Yes,Yes,8,9,Home,0,0,0.4746695345927245
58,Male,140/96,291,37.9,No,No,6,5,Home,0,0,0.40771193560071356
22,Other,131/92,241,20.8,No,No,0,4,Home,0,0,0.4182030527244153
46,Female,119/83,288,25.8,No,No,10,2,Nursing_Facility,0,1,0.5931040580045519
43,Other,118/83,217,31.7,No,No,3,9,Home,0,0,0.41189883292895874
36,Male,135/81,222,40.0,Yes,Yes,2,5,Home,0,0,0.4487713007184319
24,Other,134/84,294,37.2,No,No,0,7,Home,0,0,0.4108473011778775
63,Male,132/87,294,18.3,No,Yes,8,2,Home,0,0,0.46728565219820306
67,Male,151/74,278,30.8,No,Yes,1,9,Home,0,0,0.4335153478916798
51,Female,128/90,219,21.3,Yes,No,9,3,Home,0,0,0.46819740437009105
46,Other,142/95,186,27.8,Yes,No,6,3,Home,0,0,0.44842684717152553
23,Male,150/72,207,32.4,No,No,8,1,Home,1,0,0.4164797561366544
23,Other,148/71,210,34.8,Yes,Yes,8,7,Home,1,0,0.47134397942316536
44,Male,132/89,191,29.2,No,Yes,7,7,Home,0,0,0.4323518062243738
41,Female,114/86,218,29.7,No,No,2,5,Rehab,0,1,0.5638461356347212
76,Other,160/74,229,34.3,No,Yes,7,3,Rehab,0,1,0.6033008364301368
54,Female,149/86,195,23.5,Yes,Yes,1,3,Home,0,0,0.49261574587308316
18,Male,127/73,151,24.8,Yes,Yes,5,9,Home,0,0,0.47178296584626445
63,Other,145/80,262,35.0,Yes,Yes,8,4,Home,0,0,0.47938132371280734
32,Female,148/98,165,20.6,No,No,6,5,Home,0,0,0.4240507624247185
24,Female,118/77,277,36.3,No,No,0,10,Home,0,0,0.38488108264809096
73,Female,138/70,184,27.7,No,Yes,0,10,Home,0,0,0.4380808223877332
51,Female,156/92,254,21.3,No,Yes,8,7,Home,0,0,0.4533588005322743
84,Female,123/73,206,35.0,Yes,Yes,2,1,Nursing_Facility,1,1,0.5956385270506195
88,Male,113/70,193,24.8,Yes,No,3,3,Home,0,0,0.4487085937711624
24,Other,110/84,196,23.7,Yes,Yes,2,8,Home,0,0,0.482411285969382
50,Female,136/79,221,33.3,Yes,Yes,7,1,Home,0,0,0.47504118057267064
33,Female,153/83,204,32.4,Yes,No,7,8,Nursing_Facility,0,1,0.5651969206289178
84,Female,131/84,267,21.5,No,No,8,2,Nursing_Facility,0,1,0.5618485684385541
61,Male,147/100,251,29.1,No,Yes,9,7,Home,0,0,0.43259544139240985
75,Female,122/70,209,32.6,Yes,Yes,4,6,Home,0,0,0.4546886302173098
90,Male,146/91,190,39.8,No,Yes,0,8,Home,0,0,0.4081052238283886
42,Female,143/95,201,28.1,Yes,Yes,8,1,Home,1,0,0.4697150993779362
78,Female,125/90,158,28.1,No,Yes,2,10,Home,0,0,0.4420415282485171
63,Female,121/72,190,22.3,No,Yes,6,10,Home,0,0,0.45192566546302654
32,Male,135/81,281,37.4,No,No,2,3,Home,0,0,0.39327069644578616
79,Other,133/92,167,33.5,Yes,Yes,5,9,Home,1,0,0.47406061022411883
72,Male,135/99,215,36.9,Yes,No,3,3,Home,0,0,0.4242083373417203
81,Other,136/95,283,34.4,Yes,No,6,7,Home,0,0,0.44334625597555916
90,Male,128/78,192,30.8,No,Yes,9,4,Rehab,0,1,0.5960198867295148
90,Other,160/84,296,19.2,Yes,No,0,2,Nursing_Facility,0,1,0.6094546072217519
83,Female,143/72,248,39.4,No,No,8,3,Home,1,0,0.39510926945786945
86,Male,154/71,294,37.7,No,Yes,7,10,Home,0,0,0.4368991993885527
64,Female,127/88,234,20.2,Yes,No,6,8,Home,0,0,0.4536148311484414
38,Male,151/76,228,23.4,No,No,3,9,Home,0,0,0.4149904752492582
40,Other,117/73,213,29.2,Yes,Yes,4,7,Rehab,1,1,0.623830649385244
41,Other,117/90,276,28.6,No,No,6,1,Home,0,0,0.4141218762877531
84,Male,117/79,252,29.7,Yes,No,1,10,Nursing_Facility,1,1,0.5764817728638718
67,Male,139/88,253,23.6,No,No,9,1,Home,0,0,0.4317651587173471
35,Male,154/81,186,24.9,Yes,Yes,3,10,Home,0,0,0.4748794557097487
47,Male,160/94,195,30.5,Yes,Yes,4,9,Nursing_Facility,0,1,0.6042941539341026
28,Male,138/72,173,23.7,No,No,6,7,Home,1,0,0.3978038540560508
85,Male,112/71,216,21.9,Yes,Yes,5,8,Home,0,0,0.474172227064728
29,Other,130/77,201,35.3,No,No,10,6,Home,0,0,0.39590284736675474
29,Female,137/75,165,30.9,Yes,No,5,10,Home,0,0,0.4240395587750874
43,Other,132/79,282,27.2,Yes,Yes,6,2,Rehab,0,1,0.6402684148404594
33,Female,128/77,151,34.4,No,No,1,6,Home,0,0,0.3745913458528408
37,Female,125/75,167,35.4,Yes,Yes,9,8,Home,0,0,0.45403063992037584
65,Male,143/74,221,39.7,No,No,10,7,Home,0,0,0.3821484266195973
35,Male,122/87,261,25.8,No,Yes,2,1,Home,0,0,0.4363364847285017
56,Other,125/86,210,35.3,No,Yes,4,6,Home,0,0,0.43848159794978736
80,Male,127/70,180,26.4,Yes,No,0,5,Home,1,0,0.4267025296372164
23,Female,150/82,300,30.8,No,No,9,4,Nursing_Facility,0,1,0.5537706797662227
52,Other,160/81,232,23.3,Yes,No,7,3,Home,0,0,0.45471096399526184
84,Other,134/80,263,29.7,No,Yes,3,6,Nursing_Facility,0,1,0.5910031135021834
68,Male,156/83,214,30.2,Yes,Yes,1,7,Home,0,0,0.4717294088380194
36,Male,155/84,165,31.4,No,No,9,7,Home,0,0,0.39443038096574323
59,Female,149/72,189,28.5,Yes,Yes,10,6,Home,0,0,0.4716713524127118
80,Other,148/78,237,29.8,No,Yes,6,1,Home,0,0,0.44910280177751494
82,Female,129/96,292,27.7,No,No,3,6,Home,0,0,0.4142319927568622
28,Female,159/85,253,25.8,Yes,No,3,1,Home,0,0,0.4507910295216189
89,Other,139/79,251,35.7,Yes,Yes,4,3,Home,0,0,0.4728053979526078
85,Male,142/83,208,39.7,No,No,2,5,Home,0,0,0.38770984880165377
34,Other,130/76,164,38.3,Yes,No,9,4,Home,0,0,0.42757786264903297
46,Male,122/86,226,38.2,Yes,No,4,4,Home,1,0,0.4132356890372608
55,Male,148/74,246,20.9,No,No,9,8,Home,0,0,0.4177845754291902
87,Male,121/72,164,38.3,No,Yes,7,6,Home,0,0,0.42586861586421004
64,Other,135/82,296,36.4,Yes,Yes,9,10,Home,0,0,0.4852611224527775
45,Female,137/74,208,33.1,No,No,3,8,Nursing_Facility,0,1,0.5315499547935615
80,Female,150/72,246,25.2,No,Yes,5,4,Home,0,0,0.4678962400897795
59,Female,147/96,224,24.7,Yes,Yes,0,2,Home,0,0,0.4730796645635093
25,Other,148/76,199,32.1,Yes,Yes,9,8,Home,0,0,0.46518499901012794
78,Female,116/92,300,34.4,Yes,Yes,7,9,Home,0,0,0.47664443740244744
76,Male,117/90,153,34.2,No,Yes,6,9,Home,0,0,0.4141062292901703
53,Female,142/82,206,29.6,Yes,Yes,10,5,Rehab,0,1,0.6323762978054187
85,Other,155/81,238,22.9,Yes,No,8,6,Nursing_Facility,0,1,0.5972874368039273
80,Male,133/99,284,34.6,No,Yes,4,8,Home,0,0,0.43865685506600327
49,Male,110/73,164,38.9,No,Yes,8,5,Home,1,0,0.422924299540124
77,Female,146/88,232,30.6,No,No,9,3,Rehab,0,1,0.5645588423490503
69,Other,143/70,216,32.6,Yes,Yes,5,5,Home,0,0,0.4626285634252826
48,Female,155/99,266,25.7,Yes,Yes,5,9,Rehab,0,1,0.6475275944550273
75,Other,126/93,286,19.1,Yes,No,3,3,Home,0,0,0.4615574824835399
39,Male,117/98,239,18.3,No,Yes,7,8,Home,0,0,0.45729801505852274
89,Other,135/74,267,18.1,No,Yes,1,8,Home,0,0,0.4524228899191929
33,Other,160/87,284,31.0,Yes,Yes,8,5,Home,0,0,0.473894879350612
65,Male,123/89,286,25.5,No,No,3,4,Home,0,0,0.4126029439372674
68,Other,124/91,238,34.5,Yes,Yes,4,5,Home,0,0,0.4652341085153481
86,Female,124/85,168,18.9,No,Yes,8,6,Home,0,0,0.44214460586036264
61,Male,132/73,291,34.0,No,No,8,1,Home,0,0,0.4202944489160938
44,Male,138/98,266,30.3,Yes,Yes,4,8,Home,0,0,0.47912903754531583
19,Other,137/87,271,20.4,No,No,3,6,Home,0,0,0.4331605199032859
34,Male,111/97,224,32.9,Yes,Yes,4,9,Home,0,0,0.4588837674263799
63,Female,133/89,201,21.7,Yes,Yes,2,4,Home,0,0,0.48400475234565
80,Female,132/86,254,23.0,Yes,No,8,2,Home,0,0,0.45513535143795236
35,Female,135/73,284,33.1,No,No,2,3,Home,1,0,0.43560436146155496
59,Other,144/92,216,39.2,Yes,No,4,7,Home,1,0,0.42727733509177634
82,Male,149/87,153,35.9,Yes,Yes,10,6,Home,1,0,0.4526494783012064
73,Male,121/75,221,38.1,Yes,No,0,6,Home,0,0,0.426294083806993
89,Other,113/97,233,29.0,Yes,Yes,3,2,Home,0,0,0.4785544999149427
23,Other,149/78,207,24.4,No,Yes,3,5,Rehab,1,1,0.6052722349103568
89,Male,148/74,279,22.0,No,Yes,9,10,Home,0,0,0.4547190663183387
24,Other,137/84,192,19.3,No,No,2,4,Home,1,0,0.4293448627649014
78,Male,116/100,277,23.1,Yes,Yes,9,9,Nursing_Facility,0,1,0.6334414471491732
90,Male,141/92,192,21.7,No,No,1,1,Home,0,0,0.4052153960147701
79,Female,153/91,155,18.8,Yes,Yes,10,4,Rehab,1,1,0.6477461064514993
31,Male,155/83,184,21.6,Yes,Yes,3,7,Home,0,0,0.47549208556076117
59,Other,146/85,239,33.9,Yes,Yes,4,2,Home,0,0,0.4832945632283391
24,Other,112/96,150,37.2,No,Yes,1,7,Home,1,0,0.4184209386153791
86,Other,152/83,299,38.3,Yes,Yes,6,4,Home,1,0,0.4739514512641217
41,Male,139/74,234,33.4,No,No,2,10,Home,0,0,0.3954811716745402
22,Male,150/82,230,26.8,No,Yes,0,8,Home,0,0,0.4354001756490469
48,Male,148/99,237,35.4,Yes,No,6,9,Home,1,0,0.4322527667766068
30,Female,114/79,272,35.2,Yes,No,6,7,Rehab,0,1,0.5965837003775575
53,Male,131/87,251,25.1,No,Yes,10,9,Rehab,0,1,0.6091213517913547
72,Other,113/94,202,25.9,Yes,Yes,2,4,Rehab,0,1,0.6385543988336009
36,Male,135/75,288,21.2,Yes,No,9,10,Home,0,0,0.45452749387652613
42,Male,112/83,150,18.1,Yes,No,5,2,Home,1,0,0.44729710231354464
38,Female,140/88,300,19.7,Yes,Yes,10,9,Rehab,0,1,0.6578793940189871
42,Female,122/82,226,36.3,Yes,No,3,6,Home,0,0,0.42383734949315754
88,Other,124/100,228,39.0,Yes,Yes,0,4,Home,0,0,0.46168264510165036
24,Male,159/93,234,23.5,No,No,0,7,Home,0,0,0.4068929850343691
78,Female,157/77,265,18.8,Yes,No,9,6,Rehab,1,1,0.6164652284914421
54,Female,114/99,258,25.2,No,Yes,10,3,Home,0,0,0.45127324335266916
42,Female,134/94,220,29.9,Yes,No,10,9,Rehab,0,1,0.5934215181167749
83,Female,124/90,170,29.6,Yes,No,2,2,Home,1,0,0.4313357473660167
64,Female,122/80,167,29.6,Yes,Yes,9,10,Home,0,0,0.4624217897589055
83,Female,154/94,269,30.6,No,Yes,0,7,Rehab,0,1,0.597359920987275
89,Other,149/72,232,23.9,Yes,Yes,9,2,Nursing_Facility,0,1,0.6316836986973495
33,Other,110/90,257,21.9,No,Yes,4,1,Home,0,0,0.46511567685907823
22,Male,145/97,252,19.9,No,Yes,7,3,Home,1,0,0.4627539506011143
25,Male,158/79,260,35.2,Yes,No,4,9,Home,0,0,0.4253845327268236
56,Male,148/76,282,36.6,Yes,Yes,7,9,Rehab,0,1,0.6197853124334007
52,Male,158/86,262,36.9,Yes,No,6,10,Rehab,0,1,0.5890213419463681
33,Other,130/92,170,31.8,No,Yes,7,5,Rehab,1,1,0.6004687445118042
65,Other,152/72,196,22.6,Yes,No,0,5,Home,0,0,0.44127554677054653
78,Other,154/70,214,29.6,Yes,Yes,7,9,Home,0,0,0.47650831904116187
48,Other,159/98,175,26.6,No,No,6,1,Home,0,0,0.41635329283621514
74,Female,112/92,185,31.5,Yes,Yes,4,2,Rehab,1,1,0.6195568020810289
18,Female,113/87,162,33.2,Yes,No,6,2,Home,0,0,0.4215629492390625
46,Other,125/78,259,26.4,Yes,Yes,9,4,Home,0,0,0.4975846415192417
22,Female,141/75,186,28.2,No,Yes,6,7,Home,0,0,0.4302946177176543
24,Female,156/89,267,33.6,No,Yes,1,10,Rehab,0,1,0.5906355563854526
61,Male,145/86,198,38.3,Yes,No,2,10,Home,0,0,0.4085392138023532
74,Female,127/80,212,37.9,Yes,No,5,1,Home,0,0,0.43458386908627844
77,Female,160/95,152,22.9,Yes,No,5,4,Nursing_Facility,0,1,0.5727329864522911
74,Female,148/99,253,24.0,Yes,No,0,2,Home,0,0,0.45529947480147415
23,Female,129/80,150,33.5,Yes,Yes,8,3,Home,0,0,0.4689432272271137
60,Female,129/99,227,24.0,Yes,Yes,6,10,Rehab,0,1,0.632981159646523
71,Male,151/100,211,23.6,No,No,1,6,Home,0,0,0.4122124130173684
62,Other,154/90,285,23.0,No,No,5,10,Home,0,0,0.4235161029592489
62,Other,142/77,258,26.5,Yes,Yes,4,2,Home,0,0,0.48361936770353653
38,Male,146/93,254,31.5,Yes,Yes,6,1,Home,0,0,0.4802694830896242
75,Female,136/85,223,39.7,Yes,Yes,4,8,Home,0,0,0.46300738101855765
40,Male,114/76,256,33.4,No,Yes,4,1,Home,0,0,0.44257455663644624
89,Male,146/91,269,20.7,No,Yes,6,2,Home,0,0,0.4530125948810917
26,Male,114/96,250,35.0,No,No,8,5,Nursing_Facility,1,1,0.5332428126068753
56,Male,120/93,276,37.3,No,No,8,5,Home,0,0,0.39651364167788
34,Female,125/80,271,36.6,No,Yes,8,9,Rehab,0,1,0.5981445823687798
89,Other,115/89,256,19.5,Yes,Yes,8,1,Home,0,0,0.49675276251870887
38,Other,119/76,272,22.1,Yes,Yes,2,5,Home,0,0,0.4868854325981213
56,Other,131/79,279,19.3,No,Yes,9,8,Home,0,0,0.4731259415553484
63,Male,144/80,221,34.9,Yes,No,10,10,Home,0,0,0.4418960951529149
44,Female,118/82,194,20.9,No,Yes,4,5,Rehab,0,1,0.6011499782991836
69,Female,159/98,185,26.0,No,No,5,2,Rehab,0,1,0.5724885379281325
30,Other,125/74,242,35.8,Yes,Yes,0,3,Home,0,0,0.45742966470245056
45,Male,160/94,244,36.8,Yes,Yes,0,8,Home,0,0,0.45883663436042055
86,Female,120/72,211,37.0,Yes,No,10,8,Home,0,0,0.42721952404732705
60,Other,153/85,168,35.3,Yes,Yes,5,3,Home,0,0,0.469403012517122
87,Male,131/98,175,24.0,Yes,Yes,5,10,Home,0,0,0.47762538156994144
59,Other,138/88,254,28.6,No,No,6,4,Home,0,0,0.41045340599412566
35,Female,140/100,214,32.7,Yes,Yes,0,7,Home,0,0,0.4668637624781287
31,Other,146/82,294,25.8,No,Yes,7,7,Home,0,0,0.46517436993483724
43,Female,117/93,288,20.4,No,Yes,1,7,Home,0,0,0.45329867858599565
44,Female,130/71,289,31.7,No,Yes,6,8,Home,0,0,0.4448462868820955
84,Other,137/80,197,21.9,Yes,No,7,1,Home,0,0,0.45883432245095135
54,Other,112/87,224,30.7,No,Yes,2,10,Home,0,0,0.4539024541384259
67,Male,147/94,215,21.9,No,No,3,9,Home,1,0,0.4212198648250654
85,Female,119/72,230,21.0,No,Yes,8,2,Home,0,0,0.4646138750987484
81,Male,153/97,296,31.2,Yes,No,6,10,Home,0,0,0.4512892149882154
82,Male,147/100,272,20.9,No,Yes,9,1,Rehab,0,1,0.610570642861344
32,Other,136/83,199,27.1,Yes,Yes,0,4,Home,0,0,0.482159384995179
33,Male,153/83,250,22.1,Yes,No,4,8,Nursing_Facility,0,1,0.5833068481006749
75,Other,123/85,275,22.5,No,No,4,5,Home,0,0,0.43331543336113276
66,Male,127/73,228,36.1,Yes,No,1,4,Home,0,0,0.4328609320705177
53,Other,122/85,243,26.2,Yes,No,4,7,Home,1,0,0.4422593354162919
80,Male,149/92,247,31.5,Yes,No,5,8,Rehab,1,1,0.5955033402172474
18,Other,143/88,294,24.3,No,Yes,8,5,Nursing_Facility,0,1,0.596237503594813
71,Female,117/77,297,21.3,Yes,No,1,4,Home,0,0,0.4747564381128972
57,Female,148/81,276,34.9,No,No,8,3,Home,0,0,0.4022426454073584
59,Female,154/89,271,31.0,Yes,Yes,0,5,Rehab,0,1,0.626702913043107
70,Male,148/83,247,32.3,Yes,No,8,9,Home,0,0,0.4444056454624096
83,Female,156/98,295,33.8,Yes,Yes,7,5,Home,0,0,0.4889789585211942
29,Male,159/76,247,36.4,Yes,No,3,7,Home,0,0,0.4232837449887253
26,Other,155/79,187,23.5,No,No,5,9,Rehab,0,1,0.5650142838506588
61,Female,112/96,157,31.9,No,Yes,10,9,Home,0,0,0.4269950218987952
19,Female,118/78,295,21.1,Yes,No,0,8,Home,0,0,0.45768386843641706
85,Other,126/75,196,34.1,No,Yes,8,4,Rehab,0,1,0.5855257869072458
60,Male,128/97,172,38.4,No,No,1,6,Home,0,0,0.3786394107054564
61,Male,148/73,218,37.0,No,No,8,5,Rehab,0,1,0.5533645112317219
69,Other,149/100,217,23.0,Yes,Yes,9,5,Home,1,0,0.4944417403380639
56,Male,115/72,153,38.8,No,No,3,7,Home,1,0,0.39289051041480055
74,Other,121/100,156,37.9,Yes,No,2,10,Home,0,0,0.4083267819466217
26,Male,115/71,225,30.2,Yes,No,0,5,Home,0,0,0.424425627742437
86,Male,132/92,257,38.4,Yes,No,0,6,Rehab,0,1,0.5831448590682086
82,Male,152/94,205,19.1,No,Yes,6,5,Home,0,0,0.4592266606887942
19,Male,135/73,218,32.5,Yes,No,1,4,Rehab,0,1,0.6176171232449894
73,Female,140/70,236,39.6,No,Yes,3,4,Rehab,0,1,0.5917546963403681
42,Other,135/81,263,25.5,No,Yes,9,8,Home,0,0,0.4512723753063354
80,Male,145/91,179,37.2,Yes,No,6,7,Home,0,0,0.41739238027938924
23,Female,149/93,234,35.4,No,No,0,1,Nursing_Facility,0,1,0.5403092621324899
25,Male,152/79,279,38.9,No,Yes,1,4,Home,0,0,0.4244654048096351
54,Male,131/74,185,28.9,No,Yes,7,5,Home,0,0,0.4338224925416232
39,Female,147/100,271,38.6,Yes,Yes,5,9,Rehab,0,1,0.6118276101564409
73,Male,145/93,222,30.4,No,No,1,1,Rehab,0,1,0.559696368581306
25,Male,146/91,191,21.4,No,Yes,4,7,Nursing_Facility,0,1,0.5766866618964689
53,Female,115/90,211,33.0,Yes,Yes,7,5,Nursing_Facility,0,1,0.6084904580488147
41,Male,148/85,199,18.3,Yes,Yes,5,10,Home,0,0,0.4845865907108841
78,Other,156/92,231,24.0,Yes,No,10,8,Nursing_Facility,0,1,0.5948743701957541
52,Male,110/88,264,24.1,No,Yes,6,6,Home,0,0,0.44137036143933184
83,Female,128/90,248,22.2,No,Yes,8,3,Home,0,0,0.47092448002790643
46,Other,146/92,234,39.1,No,No,4,1,Home,0,0,0.39850115860806606
32,Male,156/93,289,36.4,No,Yes,9,6,Home,0,0,0.4450434069138485
34,Male,153/88,199,24.6,No,No,4,7,Rehab,0,1,0.5557853098852553
52,Other,157/84,274,30.4,Yes,No,4,5,Nursing_Facility,0,1,0.587774356784608
21,Male,127/83,211,22.3,Yes,No,0,10,Rehab,1,1,0.5973411365619009
72,Male,154/90,259,35.2,Yes,Yes,4,3,Home,0,0,0.46614523236488425
90,Female,141/97,184,33.7,No,No,8,3,Home,0,0,0.3939424757074795
64,Male,141/80,274,20.1,Yes,No,1,3,Rehab,0,1,0.6168247615527962
75,Male,111/97,235,26.9,No,No,7,5,Home,0,0,0.4065754564835941
49,Female,157/70,157,35.9,No,No,9,7,Home,0,0,0.3869580362594773
37,Male,110/91,187,34.9,Yes,No,1,10,Rehab,1,1,0.5699679814573952
33,Female,128/91,224,36.0,Yes,No,7,5,Home,0,0,0.4371171697252
61,Female,160/75,236,34.3,Yes,No,6,4,Home,0,0,0.4365022618122041
30,Other,113/89,291,29.7,Yes,Yes,2,9,Home,0,0,0.4934967022019812
84,Female,139/77,295,21.6,No,No,2,6,Home,0,0,0.4147548911147797
62,Male,111/79,189,37.7,No,No,8,10,Rehab,0,1,0.5484481411246056
33,Female,110/88,288,34.6,Yes,No,0,8,Nursing_Facility,0,1,0.5671537453398818
69,Male,158/89,267,37.7,Yes,Yes,2,6,Rehab,0,1,0.6219971844788628
68,Male,110/86,191,20.7,No,Yes,5,6,Home,0,0,0.45452987694050556
45,Other,130/93,219,19.4,Yes,Yes,4,1,Home,0,0,0.4988583802547042
88,Other,124/98,266,26.1,Yes,Yes,1,7,Home,0,0,0.4792357072223511
44,Female,159/91,293,38.9,No,Yes,3,10,Nursing_Facility,0,1,0.5754066365369844
87,Male,158/91,173,24.5,Yes,No,1,6,Home,0,0,0.4350032418067793
21,Male,147/82,185,28.5,Yes,No,0,10,Home,0,0,0.4239284527780195
41,Female,155/80,165,18.9,Yes,Yes,4,8,Home,0,0,0.48336421083358305
54,Male,126/94,220,23.1,No,Yes,2,7,Home,0,0,0.4378059949655013
44,Other,136/91,213,18.1,No,No,7,5,Home,0,0,0.43253992238814365
57,Male,118/75,238,28.2,No,Yes,8,7,Home,0,0,0.4367389441337568
52,Male,147/100,183,24.6,Yes,No,8,5,Rehab,0,1,0.5908576640907309
24,Male,121/80,204,27.2,Yes,Yes,5,8,Home,0,0,0.47769019744873237
23,Other,123/93,294,27.0,No,Yes,4,7,Home,0,0,0.47179094640622826
25,Female,142/71,164,39.5,Yes,No,2,8,Nursing_Facility,1,1,0.5435349530138229
43,Other,112/85,235,29.3,Yes,Yes,6,2,Home,1,0,0.4786665729732205
36,Other,156/70,244,23.6,Yes,Yes,8,1,Rehab,0,1,0.6651088275255185
90,Other,132/100,195,20.2,No,Yes,10,6,Home,0,0,0.45383726258270896
54,Female,138/71,287,28.4,Yes,Yes,9,9,Home,0,0,0.4754317807272389
36,Male,115/85,177,29.7,No,Yes,8,1,Nursing_Facility,0,1,0.5842676294120561
74,Male,158/71,159,21.6,Yes,No,1,5,Rehab,1,1,0.597147062185937
84,Female,148/75,235,19.0,Yes,Yes,2,2,Home,0,0,0.485091616785234
59,Other,156/90,279,34.1,Yes,No,5,4,Home,0,0,0.458782195643798
88,Male,132/70,172,38.6,Yes,No,10,6,Home,0,0,0.4254201888567651
64,Other,134/83,203,28.2,No,No,7,6,Nursing_Facility,0,1,0.5460372323519009
46,Female,152/88,215,39.0,No,Yes,2,3,Home,0,0,0.42002755735846187
68,Female,139/92,198,27.7,No,No,2,8,Nursing_Facility,0,1,0.5385893806905073
30,Female,147/72,168,24.8,No,No,3,10,Rehab,0,1,0.5686919935725697
76,Other,130/74,236,25.3,No,No,2,7,Home,1,0,0.42195836943709364
21,Male,159/79,286,25.3,Yes,No,0,1,Home,0,0,0.44817089612599026
83,Other,125/84,162,28.8,No,Yes,7,3,Home,0,0,0.4405196718260892
90,Male,121/94,193,33.1,No,No,5,8,Home,0,0,0.40260714045829005
50,Female,148/71,293,32.0,No,No,2,2,Home,0,0,0.4129798807869069
40,Male,149/70,232,34.5,Yes,Yes,4,7,Home,0,0,0.46654497923457
75,Male,124/72,285,29.9,No,No,4,4,Home,1,0,0.41373961026084677
19,Male,125/78,202,37.6,Yes,Yes,1,5,Rehab,0,1,0.6181533645421482
71,Other,127/75,259,30.3,No,Yes,9,5,Home,0,0,0.4431411810603391
88,Male,137/93,161,36.0,No,No,8,4,Home,0,0,0.3899895770089508
36,Other,159/80,197,30.0,Yes,Yes,6,2,Home,0,0,0.46609601501362896
78,Female,144/99,206,32.8,Yes,No,7,4,Home,0,0,0.43006855789148324
69,Male,129/96,231,28.9,No,Yes,0,7,Home,0,0,0.433949000266427
81,Male,139/84,216,36.5,No,Yes,2,4,Rehab,0,1,0.5901335894455909
32,Other,138/79,184,39.2,No,No,0,8,Home,1,0,0.3840466766893042
38,Female,113/93,250,32.4,Yes,Yes,4,2,Home,0,0,0.4614476496982479
18,Other,132/88,204,24.2,Yes,No,0,4,Nursing_Facility,0,1,0.585845615939404
31,Male,129/83,181,21.6,Yes,Yes,8,9,Home,0,0,0.46965167048004836
30,Female,141/96,153,35.5,Yes,No,2,4,Home,0,0,0.4148490252573137
61,Male,119/96,193,24.6,No,No,1,8,Home,0,0,0.39686807326324247
66,Male,148/87,165,21.4,Yes,Yes,3,2,Home,0,0,0.4779747773035157
59,Other,133/78,237,23.3,Yes,No,10,4,Home,1,0,0.4722293449153576
65,Male,155/73,168,27.3,Yes,No,10,6,Home,0,0,0.43010158950983907
33,Male,135/78,281,36.9,No,Yes,10,10,Home,0,0,0.4408504632604097
60,Male,115/78,282,23.9,No,Yes,9,9,Home,0,0,0.45507950758402393
55,Female,140/87,188,31.7,No,Yes,4,6,Home,0,0,0.4289646910905554
18,Female,111/94,170,33.7,Yes,No,0,4,Home,1,0,0.42394700882132547
51,Other,138/78,166,30.6,No,Yes,6,3,Rehab,0,1,0.5893039578404825
84,Male,135/94,180,32.2,No,No,1,4,Home,0,0,0.3911683736485626
58,Male,133/97,192,20.9,Yes,No,5,10,Rehab,0,1,0.6046012536429357
55,Male,154/88,176,37.0,Yes,Yes,2,1,Home,0,0,0.45666573815226025
84,Male,132/78,231,36.5,No,Yes,0,5,Home,1,0,0.43159013716439887
60,Female,133/75,280,21.9,No,No,7,10,Home,0,0,0.420381539113095
38,Female,115/84,239,33.8,Yes,No,8,9,Nursing_Facility,0,1,0.5725307076320407
28,Other,138/77,209,21.5,Yes,No,2,5,Rehab,0,1,0.6154142215179332
29,Other,143/80,161,19.4,No,Yes,5,4,Home,0,0,0.45399762144774125
73,Female,153/92,285,21.9,Yes,Yes,1,1,Home,0,0,0.49375974109395265
45,Female,129/74,210,19.2,No,Yes,3,6,Home,0,0,0.4568873208612533
72,Other,133/84,176,37.6,No,No,10,5,Rehab,0,1,0.5557951321240279
31,Female,151/87,279,38.3,Yes,No,10,10,Home,0,0,0.4259404785428452
33,Other,137/94,189,34.0,Yes,Yes,9,8,Home,0,0,0.46370035145082117
54,Other,125/93,229,36.2,Yes,Yes,4,9,Home,0,0,0.4860207447230342
62,Male,155/85,248,37.3,Yes,Yes,8,2,Rehab,1,1,0.6169748862108361
71,Other,132/73,267,18.9,No,No,9,4,Home,0,0,0.4470590599209355
58,Other,140/77,157,39.4,No,No,4,7,Home,0,0,0.4010786668624257
45,Female,124/84,174,31.1,No,Yes,1,2,Home,0,0,0.42881952020682257
49,Other,145/97,165,29.5,Yes,No,1,7,Home,0,0,0.4411026876795087
47,Other,141/83,262,38.0,Yes,No,1,4,Rehab,0,1,0.5885301183539942
78,Male,148/71,221,39.2,No,No,8,8,Home,0,0,0.39270605385664953
63,Other,138/90,156,29.2,No,Yes,1,5,Home,0,0,0.4293512644526095
57,Female,112/99,202,23.6,Yes,No,1,7,Home,0,0,0.4368037246533884
29,Male,121/100,253,36.8,Yes,Yes,6,9,Home,0,0,0.44910324895701886
63,Other,126/76,173,19.5,Yes,No,0,5,Home,0,0,0.45229299533113965
82,Male,143/97,188,37.6,Yes,Yes,4,10,Home,0,0,0.4521012557662608
42,Other,143/94,211,30.9,No,No,2,5,Home,0,0,0.39278814116714433
61,Male,127/86,166,34.4,No,No,4,7,Home,0,0,0.38525149662199254
24,Male,150/95,257,36.5,No,Yes,8,5,Home,0,0,0.4212387233060989
55,Male,145/73,202,35.2,No,Yes,9,7,Home,0,0,0.4202040785386905
19,Other,159/77,224,39.4,No,Yes,4,8,Home,0,0,0.4236586680481514
58,Male,123/91,257,31.2,No,No,0,1,Home,0,0,0.3949103283659926
27,Male,120/82,246,21.7,Yes,Yes,3,1,Home,0,0,0.4975652731179284
29,Female,119/95,212,29.0,Yes,No,8,9,Nursing_Facility,0,1,0.5834664056351396
87,Other,110/95,189,20.9,Yes,No,0,4,Home,0,0,0.46565208839867694
27,Male,137/94,213,31.8,Yes,Yes,1,3,Rehab,0,1,0.6193716299568072
37,Male,139/97,243,31.8,Yes,Yes,8,1,Home,0,0,0.47853258801368637
64,Male,146/71,155,30.3,Yes,No,9,7,Rehab,0,1,0.5948151381395301
55,Other,110/90,213,22.2,Yes,Yes,1,9,Home,0,0,0.4894278610970101
76,Female,111/72,257,22.0,No,No,4,1,Home,0,0,0.42202116854394195
30,Other,148/91,198,26.9,Yes,Yes,9,4,Home,0,0,0.471114440135524
85,Other,160/88,290,24.7,Yes,No,4,8,Home,0,0,0.4586225827497495
59,Female,138/93,253,27.8,Yes,No,10,1,Home,0,0,0.4357414523035864
74,Male,137/82,209,18.2,No,No,3,3,Nursing_Facility,0,1,0.5549801444986361
47,Other,125/98,206,20.5,No,No,9,10,Home,1,0,0.42526428407973754
67,Other,137/75,240,21.0,Yes,No,0,3,Home,0,0,0.4569343817347273
36,Other,158/94,188,37.7,No,No,9,5,Home,0,0,0.4024238085431187
88,Female,125/98,246,21.5,No,Yes,6,10,Home,0,0,0.45767007256121356
33,Male,117/78,215,23.0,No,Yes,5,1,Home,0,0,0.44449565582778244
87,Female,158/78,202,35.2,Yes,No,3,9,Home,0,0,0.422747712198357
78,Other,119/99,213,18.9,Yes,No,0,2,Rehab,0,1,0.6287086642200863
59,Female,156/81,225,28.3,No,No,4,9,Home,0,0,0.39581331589811697
40,Other,138/93,196,21.6,Yes,No,8,5,Home,0,0,0.43961350796447773
22,Male,134/81,249,22.1,Yes,Yes,5,8,Nursing_Facility,1,1,0.6232399327250694
67,Other,152/100,248,38.5,Yes,Yes,5,6,Nursing_Facility,0,1,0.6028305075741094
21,Female,126/80,170,25.5,No,No,2,5,Home,0,0,0.39754151621097295
38,Male,155/81,270,21.2,Yes,No,5,7,Home,0,0,0.4517551000536496
52,Female,141/90,295,33.6,No,Yes,9,3,Home,0,0,0.44794965115295476
85,Other,135/73,283,35.3,Yes,Yes,10,4,Home,0,1,0.5125694647519676
51,Female,156/71,250,24.7,No,No,4,9,Home,0,0,0.4163925426971947
32,Other,119/98,175,33.0,No,No,7,8,Home,0,0,0.41419904403157415
20,Female,134/81,214,20.5,Yes,No,7,10,Home,0,0,0.449268802255481
88,Female,136/95,236,27.8,No,Yes,8,10,Home,0,0,0.4411986689628388
54,Male,160/73,178,27.7,No,Yes,1,10,Home,0,0,0.42804555324660726
44,Male,158/92,215,36.2,Yes,No,0,6,Rehab,1,1,0.5899790822486708
59,Female,123/74,239,39.4,No,Yes,6,9,Home,1,0,0.43724759704755967
53,Female,119/93,156,18.1,Yes,Yes,5,2,Nursing_Facility,1,1,0.628578939978173
26,Female,118/72,168,34.4,No,No,2,1,Home,0,0,0.4023705290227917
77,Female,117/82,169,38.3,Yes,No,9,4,Home,0,0,0.4205800962029537
57,Other,131/91,151,21.7,No,No,6,7,Home,0,0,0.4166419987917736
29,Other,118/76,173,28.7,No,Yes,0,2,Rehab,0,1,0.58788519003451
41,Other,124/95,173,26.4,Yes,Yes,10,4,Home,0,0,0.48285942415363514
46,Male,120/89,208,29.6,Yes,No,2,4,Home,0,0,0.4283491034621593
68,Male,138/94,177,32.8,No,No,8,3,Home,0,0,0.4095316400670159
89,Other,135/87,235,18.9,No,No,8,9,Home,0,0,0.4196978328790201
27,Female,152/76,187,26.0,No,Yes,5,5,Rehab,0,1,0.6039164174436742
29,Male,142/89,265,31.6,Yes,No,8,2,Home,0,0,0.4299523237184249
56,Male,112/91,281,31.7,Yes,Yes,5,3,Rehab,1,1,0.6515967958163675
53,Other,119/74,170,39.3,Yes,No,6,1,Home,0,0,0.4352755239211384
56,Female,146/79,156,35.5,Yes,Yes,6,2,Rehab,0,1,0.6182512516699454
25,Female,145/79,271,27.8,No,No,8,7,Home,0,0,0.41202468656153846
25,Male,117/79,190,26.4,No,No,7,9,Rehab,0,1,0.5584556210779408
69,Female,140/72,262,25.1,Yes,No,3,9,Rehab,0,1,0.6229868565050944
79,Other,110/88,238,31.2,No,Yes,8,9,Home,0,0,0.43530487947154256
83,Male,125/71,176,33.9,No,Yes,9,8,Rehab,0,1,0.5841287762197368
58,Other,133/77,248,20.7,No,Yes,6,7,Home,0,0,0.47000600437050744
32,Other,112/96,274,31.3,Yes,No,2,1,Home,0,0,0.4475339605865672
75,Male,157/92,252,38.8,No,Yes,7,8,Rehab,0,1,0.5917693156059375
71,Other,137/91,191,21.8,Yes,No,0,1,Home,0,0,0.44825344943163065
22,Female,137/94,277,23.6,Yes,No,10,10,Rehab,1,1,0.6091667840366556
33,Male,145/97,268,38.5,Yes,Yes,7,1,Nursing_Facility,1,1,0.6125398833486144
55,Other,124/81,151,38.5,No,No,1,7,Home,0,0,0.39535597402122663
38,Female,147/89,231,29.8,Yes,Yes,7,8,Rehab,0,1,0.62777858179297
39,Other,159/99,273,26.4,No,Yes,9,4,Rehab,0,1,0.6138571097470168
58,Female,122/90,160,30.8,Yes,No,1,3,Home,0,0,0.4280020886220613
35,Other,147/98,274,22.3,Yes,No,2,7,Home,0,0,0.4590876794215164
20,Male,120/71,151,39.0,Yes,No,2,1,Home,0,0,0.40044319536696615
78,Female,154/94,150,26.4,Yes,Yes,1,8,Rehab,0,1,0.6220374562627373
55,Other,143/84,206,22.7,No,No,3,2,Home,0,0,0.42431531393212457
25,Other,143/94,220,18.4,No,No,10,1,Rehab,1,1,0.5771068268020606
78,Other,147/74,157,30.8,No,Yes,5,6,Home,1,0,0.4456121172919424
62,Other,129/85,162,24.8,No,Yes,1,5,Home,0,0,0.4400589592667154
25,Other,114/75,202,31.6,Yes,No,1,7,Rehab,0,1,0.5890659136849876
35,Female,141/80,240,28.0,Yes,No,10,1,Home,1,0,0.44782079113103407
23,Female,155/79,268,32.3,No,No,1,1,Home,0,0,0.399071452426216
41,Other,133/75,216,28.8,Yes,No,0,2,Home,0,0,0.4412140258946161
56,Other,139/91,285,31.7,Yes,No,2,2,Home,0,0,0.4626694814484707
18,Female,130/73,188,31.3,Yes,Yes,7,9,Nursing_Facility,0,1,0.6006348310747307
66,Male,136/74,198,38.7,No,Yes,2,10,Nursing_Facility,0,1,0.5473387470761616
59,Female,123/74,299,37.7,Yes,Yes,7,9,Home,0,0,0.4828451873981788
43,Male,145/94,272,32.1,Yes,Yes,9,4,Rehab,0,1,0.6296274720697317
45,Other,148/70,243,29.0,Yes,No,4,9,Nursing_Facility,0,1,0.588666859729661
69,Male,133/72,187,27.3,No,No,0,9,Home,0,0,0.3956311824989184
59,Other,122/91,282,18.9,Yes,Yes,8,10,Nursing_Facility,0,1,0.6366553446001609
32,Female,132/76,241,30.1,Yes,No,2,3,Home,0,0,0.44465760640990265
39,Female,110/98,269,27.2,No,Yes,1,9,Rehab,0,1,0.5975601483575502
28,Other,121/80,216,19.8,No,Yes,8,3,Home,0,0,0.46739674790367175
82,Female,147/76,223,35.4,Yes,No,0,1,Home,0,0,0.42409174422748847
57,Male,112/93,297,23.6,No,Yes,10,5,Home,0,0,0.4613707171727324
59,Other,132/95,224,32.6,Yes,Yes,7,2,Home,0,0,0.4724617678519311
57,Male,132/79,175,31.0,No,No,8,10,Home,0,0,0.3863034156234213
89,Other,129/96,161,28.8,Yes,Yes,8,10,Home,0,0,0.47063948673403294
37,Female,135/76,267,25.4,Yes,Yes,6,4,Rehab,0,1,0.6355054354011592
89,Female,155/97,236,26.1,Yes,Yes,3,6,Nursing_Facility,1,1,0.615403374885181
42,Male,149/100,227,18.6,No,Yes,0,7,Rehab,0,1,0.6121737225446573
81,Male,130/86,253,28.3,Yes,No,10,9,Home,0,0,0.4402187779883667
45,Female,135/80,258,34.4,Yes,Yes,6,5,Rehab,1,1,0.6355381416085264
78,Other,136/83,273,25.3,Yes,Yes,1,4,Home,0,0,0.497136742634312
81,Other,135/74,276,37.0,No,Yes,6,5,Rehab,0,1,0.587684415130432
36,Male,127/75,206,37.9,Yes,No,7,10,Home,0,0,0.4131327255413156
33,Female,118/73,271,28.0,Yes,Yes,8,7,Home,1,0,0.48742010313269235
25,Other,128/85,280,20.6,Yes,Yes,4,1,Home,1,1,0.5009637993280248
44,Other,156/80,152,29.4,Yes,Yes,7,8,Home,0,0,0.47054265187742506
22,Female,156/86,261,31.1,Yes,No,3,9,Home,0,0,0.4393056372385502
71,Female,151/72,295,23.0,Yes,No,4,5,Home,0,0,0.460214284108871
37,Female,131/81,212,19.1,No,Yes,10,9,Nursing_Facility,0,1,0.5995653162771805
60,Other,134/87,151,20.2,Yes,No,10,3,Home,0,0,0.4553928142605659
54,Female,133/84,160,21.1,No,Yes,3,9,Home,0,0,0.4415035635435423
44,Female,110/84,278,20.5,No,No,1,4,Home,0,0,0.42590634404947253
42,Male,122/88,239,21.5,No,No,2,9,Home,0,0,0.4367504223402037
81,Female,139/74,280,36.1,Yes,Yes,0,6,Rehab,0,1,0.6278152356677588
86,Male,126/87,192,32.3,No,No,6,7,Home,0,0,0.38388881874121744
90,Other,119/71,180,38.2,No,Yes,9,8,Home,0,0,0.4265913100316384
32,Other,139/97,283,21.5,Yes,Yes,10,9,Nursing_Facility,0,1,0.6419497599618762
45,Female,142/85,209,29.3,No,No,0,4,Home,0,0,0.39343706567593467
31,Male,155/99,284,37.5,No,No,10,10,Home,1,0,0.4062287712674889
63,Other,113/80,247,38.3,No,Yes,7,10,Nursing_Facility,0,1,0.5845910141379043
42,Female,133/90,235,31.9,No,No,6,3,Home,0,0,0.40311663213093407
61,Male,152/92,277,24.7,Yes,No,7,10,Rehab,0,1,0.60778802740245
39,Female,131/99,224,20.7,Yes,No,4,4,Home,0,0,0.44853623266491
52,Female,160/80,263,19.0,No,No,6,8,Home,0,0,0.4269547366533028
89,Female,159/92,209,20.6,Yes,Yes,8,2,Home,0,0,0.4935798758984461
56,Female,144/98,261,28.3,No,Yes,0,5,Home,0,0,0.4387895847843887
86,Other,141/95,192,24.4,No,Yes,6,9,Home,1,0,0.4522847677316472
55,Female,158/88,233,24.3,No,No,2,8,Home,0,0,0.4052059496877954
53,Male,142/78,280,35.7,Yes,No,5,10,Home,0,0,0.4267414536011606
50,Other,150/97,233,23.6,Yes,No,6,1,Home,0,0,0.4623223859014858
74,Other,118/70,292,23.8,Yes,No,4,4,Home,0,0,0.4631735033740737
22,Female,138/71,294,39.4,No,Yes,2,3,Home,0,0,0.4228585756596705
87,Male,130/79,217,21.2,Yes,Yes,2,6,Home,0,0,0.47964880666609405
71,Female,129/82,233,20.3,Yes,Yes,5,2,Home,0,0,0.49781040953378275
47,Female,137/88,208,29.3,Yes,Yes,4,10,Home,0,0,0.4944024875092671
44,Other,125/87,280,22.3,No,No,3,5,Home,0,0,0.41986232052900163
37,Other,129/71,259,32.4,Yes,Yes,8,1,Home,0,0,0.47397590780070586
74,Female,129/75,194,34.9,Yes,No,2,7,Home,0,0,0.4416743953083601
30,Female,134/89,214,22.2,No,No,0,3,Nursing_Facility,1,1,0.5614043785076891
55,Other,152/79,220,23.2,Yes,No,3,8,Home,0,0,0.4492311209954792
57,Female,146/81,179,40.0,No,No,4,2,Home,0,0,0.390890203971279
82,Female,138/86,257,36.5,No,No,5,1,Nursing_Facility,0,1,0.5408365367861193
24,Male,111/82,185,33.0,Yes,Yes,9,1,Nursing_Facility,0,1,0.6134306326657677
85,Female,154/99,177,37.0,No,No,9,1,Nursing_Facility,0,1,0.5287291903873738
66,Female,111/84,210,38.0,No,Yes,1,5,Home,1,0,0.4146519759158136
27,Male,135/99,199,34.7,No,Yes,10,6,Rehab,0,1,0.5843249605826761
74,Female,143/87,169,26.1,Yes,No,7,3,Rehab,0,1,0.5988648946474912
47,Other,147/78,180,29.1,Yes,Yes,10,8,Home,0,0,0.47013838543177205
55,Other,147/71,281,27.3,Yes,No,10,3,Rehab,0,1,0.6177516580944582
85,Other,136/71,224,39.6,No,No,8,1,Home,0,0,0.4015367247114496
40,Female,110/73,252,36.9,No,Yes,4,2,Rehab,0,1,0.5973266797517826
31,Female,135/89,251,37.5,No,Yes,1,9,Home,0,0,0.4149669593208676
68,Other,112/76,291,20.8,Yes,No,1,7,Home,1,0,0.46535492155866187
60,Female,145/77,192,19.7,Yes,No,5,10,Home,0,0,0.4561831365400559
79,Female,151/97,237,30.1,Yes,No,5,2,Home,1,0,0.43337187643402475
24,Male,152/90,165,26.1,Yes,Yes,6,5,Home,0,0,0.4578164012308582
67,Female,160/70,273,27.1,No,Yes,0,7,Rehab,0,1,0.5992176300555256
54,Male,116/72,151,37.4,No,No,10,10,Home,0,0,0.39131179464645477
55,Other,128/99,240,32.9,No,No,0,10,Nursing_Facility,0,1,0.545535628823414
70,Male,157/92,181,19.6,Yes,No,8,2,Rehab,0,1,0.6151976663562053
48,Male,122/94,250,26.4,Yes,Yes,9,2,Home,1,0,0.4876769608583081
35,Female,127/98,254,24.2,Yes,No,2,7,Home,0,0,0.4427337792022886
69,Male,139/83,263,27.3,No,No,6,2,Home,0,0,0.41455159387326135
35,Other,130/94,173,36.1,No,Yes,5,5,Rehab,0,1,0.5990275129360108
36,Male,111/78,152,26.0,No,Yes,8,1,Home,0,0,0.44452887074697633
89,Female,118/85,216,23.7,No,No,2,2,Home,0,0,0.4104522932256251
21,Female,118/95,282,36.9,Yes,No,2,2,Home,0,0,0.43223477370792734
63,Male,138/83,188,39.9,No,No,4,10,Nursing_Facility,0,1,0.5292875224289253
22,Female,141/90,273,33.8,Yes,No,7,7,Home,0,0,0.4410726667655334
47,Female,112/96,239,26.0,Yes,No,0,2,Home,1,0,0.4448749580705153
42,Other,155/73,296,21.8,Yes,Yes,5,2,Home,0,0,0.4950561025545314
25,Female,132/97,206,29.5,Yes,Yes,7,2,Home,0,0,0.4783735062195881
47,Female,136/81,150,35.3,Yes,No,9,5,Nursing_Facility,0,1,0.569158156435541
30,Other,124/97,186,18.9,Yes,No,3,2,Home,0,0,0.465500663901383
30,Female,142/79,282,21.0,No,Yes,6,9,Rehab,0,1,0.6227569410941353
22,Female,123/98,183,21.8,No,Yes,1,5,Home,0,0,0.43872913657144014
65,Other,125/89,209,22.2,Yes,Yes,5,4,Home,0,1,0.5008867224861201
34,Other,158/70,250,21.7,Yes,Yes,5,9,Home,0,0,0.4943567353664324
40,Male,128/100,154,20.8,No,No,10,4,Home,1,0,0.4002492536194534
29,Female,140/94,274,21.4,Yes,No,5,1,Rehab,0,1,0.6226460368942522
47,Male,122/79,278,21.4,Yes,Yes,10,5,Home,0,0,0.49194720298414746
73,Male,129/91,230,29.3,No,Yes,1,10,Rehab,0,1,0.5892815548709056
23,Other,146/98,198,19.3,No,No,2,7,Rehab,0,1,0.5727487362482978
76,Male,140/87,271,38.1,No,No,0,6,Home,0,0,0.393558901027792
71,Female,127/80,222,35.1,No,No,3,5,Home,0,0,0.4029116661232269
75,Other,148/91,204,36.2,Yes,Yes,0,3,Rehab,0,1,0.6142596122505927
77,Male,159/72,164,19.8,No,No,5,8,Home,1,0,0.4191635679904764
65,Female,113/70,270,31.0,Yes,No,2,5,Home,0,0,0.4483729984944306
75,Other,120/76,290,21.1,Yes,Yes,0,1,Nursing_Facility,0,1,0.6397634277084145
44,Other,111/89,157,36.5,Yes,No,10,3,Rehab,0,1,0.5894390788124133
30,Female,118/70,219,33.0,No,Yes,5,10,Rehab,0,1,0.5885776877487106
87,Male,130/75,235,29.4,No,No,2,8,Home,0,0,0.39463436687020276
31,Other,157/85,234,26.8,No,No,3,8,Home,0,0,0.4111517033956317
49,Female,158/100,213,21.0,Yes,No,7,10,Home,0,0,0.45209518948341637
88,Male,135/77,167,29.2,Yes,No,2,2,Rehab,0,1,0.5993026956381255
46,Female,122/88,215,29.1,No,Yes,7,1,Home,0,0,0.46462443978059226
69,Other,154/93,293,27.8,Yes,No,3,1,Nursing_Facility,0,1,0.5946208735899235
58,Male,141/86,298,30.5,Yes,No,5,8,Home,0,0,0.4543788226727992
45,Other,135/74,271,30.8,No,Yes,7,4,Nursing_Facility,0,1,0.5775182998535018
72,Female,123/87,201,22.2,No,No,9,3,Rehab,0,1,0.5775707058060376
50,Female,142/70,247,37.2,No,Yes,1,6,Rehab,0,1,0.5810534953156481
18,Female,146/86,210,18.9,No,No,3,6,Rehab,0,1,0.562195367746123
84,Female,125/91,299,36.6,Yes,Yes,5,5,Home,0,0,0.4798179397389499
64,Female,146/71,176,32.6,Yes,No,7,10,Home,0,0,0.43406501983020573
84,Female,149/90,157,32.5,No,Yes,0,10,Home,0,0,0.4290678637352666
43,Female,130/88,233,22.4,Yes,No,1,5,Rehab,0,1,0.5964390931404718
51,Other,130/72,219,22.3,No,No,1,5,Home,0,0,0.4208795183688442
67,Female,160/99,193,29.2,No,Yes,9,3,Nursing_Facility,0,1,0.5873267822386413
30,Female,135/96,259,21.1,No,No,7,10,Home,0,0,0.4232389559600091
87,Female,150/93,222,31.9,Yes,No,9,1,Home,0,0,0.4340874584162291
65,Other,124/70,248,19.3,No,Yes,10,4,Home,0,0,0.46022108752389107
62,Other,116/92,253,22.2,Yes,No,10,5,Nursing_Facility,1,1,0.6039179474856661
48,Other,116/79,157,35.7,Yes,No,9,3,Rehab,0,1,0.5850085982591726
20,Female,132/82,278,24.9,No,Yes,8,3,Nursing_Facility,0,1,0.5867333551235544
22,Female,114/94,178,32.8,Yes,Yes,5,8,Home,0,0,0.452441746728852
61,Other,114/90,224,24.8,Yes,No,2,1,Home,0,0,0.4511403251744441
49,Male,139/83,240,37.9,No,Yes,9,7,Home,0,0,0.4273191163594717
18,Male,112/86,198,37.0,No,Yes,1,6,Home,0,0,0.4172936361225681
80,Other,146/95,274,28.5,No,No,2,9,Home,0,0,0.4157031467294093
39,Male,150/89,256,37.4,Yes,Yes,4,4,Home,0,0,0.45380183529210205
46,Male,121/72,259,37.0,No,No,8,10,Rehab,0,1,0.5622809492686963
88,Other,121/96,237,20.2,No,Yes,2,2,Home,0,0,0.45214052674917055
72,Female,122/89,245,31.0,Yes,No,1,9,Home,0,0,0.4335002338172321
58,Female,135/71,202,28.7,Yes,No,9,4,Rehab,0,1,0.6031424249382914
51,Female,153/90,178,39.1,Yes,Yes,7,3,Home,0,0,0.455799344180606
58,Male,142/93,189,36.1,No,No,1,5,Home,0,0,0.38170469075129226
87,Female,123/92,202,32.1,Yes,Yes,4,9,Home,0,0,0.47469839962489996
54,Other,152/88,223,21.2,Yes,Yes,5,10,Home,0,0,0.4869518583012828
64,Male,114/71,203,18.1,Yes,No,10,5,Home,0,0,0.4527011685586482
67,Female,141/77,236,38.2,No,No,4,2,Home,0,0,0.39655383942875133
41,Other,133/97,201,27.7,Yes,No,1,10,Home,0,0,0.4409043413069895
36,Male,147/72,199,31.1,No,Yes,1,2,Home,0,0,0.43867387538407665
43,Female,144/78,275,18.5,No,No,7,1,Home,0,0,0.43095576069581504
77,Female,123/88,258,21.2,No,Yes,9,4,Home,0,0,0.4592430158003201
36,Other,124/96,155,30.0,Yes,No,9,3,Rehab,0,1,0.5907573427713593
66,Male,139/92,176,18.5,No,No,1,3,Home,0,0,0.4090742000978406
34,Male,118/97,292,34.6,Yes,Yes,0,5,Home,0,0,0.4643334879165035
86,Other,159/72,288,33.5,Yes,Yes,9,2,Home,0,0,0.49559596797457883
50,Male,131/81,275,28.1,No,Yes,5,2,Home,0,0,0.45287666120033887
35,Other,137/75,237,28.1,Yes,No,0,7,Home,0,0,0.4421988760115997
90,Male,139/82,176,35.4,No,No,5,1,Nursing_Facility,0,1,0.5305907610811443
44,Female,130/89,218,28.0,Yes,No,10,8,Rehab,0,1,0.6021192798584649
65,Female,132/87,229,23.6,Yes,No,8,5,Home,0,0,0.45183709242974196
38,Other,122/96,190,33.2,Yes,No,7,3,Home,0,0,0.4343736341468556
86,Other,114/95,238,27.4,No,No,10,9,Nursing_Facility,0,1,0.5642321932150798
56,Male,124/99,280,21.1,Yes,Yes,2,3,Rehab,0,1,0.649144525701953
67,Other,122/100,211,30.8,No,Yes,3,7,Rehab,0,1,0.5977542075650878
54,Female,136/93,208,38.3,No,Yes,0,1,Home,0,0,0.4307333819629071
48,Other,117/83,291,29.1,Yes,No,8,1,Home,0,0,0.45351606108007775
31,Female,139/78,259,19.2,No,No,6,9,Home,0,0,0.4222031329166159
21,Other,114/97,226,20.0,Yes,Yes,0,8,Home,0,0,0.4875066773763722
68,Other,126/71,282,36.2,Yes,Yes,3,3,Home,0,0,0.4716451198943762
54,Other,120/82,259,25.8,Yes,No,7,9,Home,0,0,0.4652155382815959
78,Other,129/87,153,29.5,Yes,Yes,2,5,Home,1,0,0.4682173438384638
43,Other,141/72,286,29.5,Yes,Yes,10,5,Nursing_Facility,0,1,0.6241760647023878
90,Female,123/77,228,33.3,No,No,8,9,Home,0,0,0.40301168814611316
72,Other,153/99,268,18.7,No,No,9,9,Home,0,0,0.4350016449164194
37,Male,148/76,287,26.3,Yes,No,2,1,Home,0,0,0.4443731854004219
39,Male,133/74,262,33.2,No,Yes,2,1,Rehab,0,1,0.5965592918169208
24,Other,138/74,168,27.5,Yes,No,3,4,Rehab,0,1,0.5886809316448742
48,Other,157/85,261,20.9,No,No,7,10,Home,0,0,0.42519965357225187
38,Male,124/84,229,23.7,Yes,No,6,3,Home,0,0,0.44749968762493053
26,Other,142/84,244,38.7,Yes,No,6,4,Rehab,0,1,0.5916236976207633
30,Female,120/79,205,30.0,Yes,No,8,9,Home,0,0,0.4400264912535816
27,Female,143/74,226,30.2,Yes,No,6,3,Home,0,0,0.4308842332136748
32,Male,138/94,239,23.4,Yes,Yes,6,8,Home,0,0,0.4954087726862704
64,Other,134/71,192,31.9,Yes,Yes,1,3,Home,1,0,0.4702313620387703
29,Male,150/77,239,37.2,No,Yes,3,6,Home,0,0,0.418667401452949
85,Female,120/80,216,25.3,Yes,Yes,10,1,Rehab,1,1,0.6450104273484543
70,Female,128/80,186,36.0,Yes,No,3,10,Home,0,0,0.42522052541289423
51,Female,142/91,183,30.2,No,Yes,7,8,Home,0,0,0.4455327964753038
70,Female,121/81,183,32.1,Yes,No,9,2,Home,0,0,0.4313781264978227
31,Other,143/79,234,29.1,No,Yes,8,7,Home,0,0,0.4542773186073995
19,Male,122/95,202,25.9,Yes,No,4,4,Home,0,0,0.43806683489053744
19,Female,154/100,224,39.6,Yes,Yes,7,3,Home,0,0,0.4466915229680093
56,Male,156/95,219,21.0,Yes,Yes,8,5,Home,0,0,0.48383204542807745
82,Female,128/73,262,18.0,Yes,Yes,8,9,Home,0,0,0.49500936537105467
58,Male,113/91,174,26.8,Yes,No,3,9,Nursing_Facility,0,1,0.5803241970821953
90,Male,133/93,152,36.3,No,No,2,2,Rehab,0,1,0.5499802958680998
38,Other,120/82,203,37.8,Yes,Yes,7,7,Home,0,0,0.4740308279693277
67,Male,126/88,225,19.9,No,No,3,5,Home,1,0,0.41475626745866057
52,Other,132/83,300,30.5,Yes,Yes,6,7,Home,0,0,0.4846713974846144
26,Female,147/100,158,32.5,Yes,No,8,1,Rehab,0,1,0.5784401446289995
62,Other,148/88,159,38.6,Yes,Yes,9,7,Rehab,1,1,0.6082287849146994
40,Other,150/84,185,30.9,Yes,Yes,3,7,Nursing_Facility,0,1,0.5992169551896407
31,Male,155/100,238,37.2,No,No,6,6,Home,0,0,0.3896987149633167
26,Male,119/84,294,19.6,Yes,No,0,5,Nursing_Facility,0,1,0.6134766764418015
39,Other,120/75,260,23.5,Yes,No,1,2,Rehab,1,1,0.6160744781001318
61,Male,110/94,280,29.5,Yes,Yes,8,6,Rehab,0,1,0.6521242154603415
87,Female,114/87,209,20.7,Yes,Yes,0,8,Nursing_Facility,0,1,0.6301369026818001
48,Female,150/97,184,30.2,Yes,Yes,0,3,Nursing_Facility,1,1,0.6106314143680305
89,Other,157/77,285,36.6,No,Yes,9,2,Home,0,0,0.4405672640925013
76,Other,147/92,272,33.5,No,No,8,7,Rehab,0,1,0.5682680082044562
52,Other,145/78,160,30.6,Yes,No,2,9,Home,0,0,0.44731295970614987
49,Other,133/83,221,21.2,No,Yes,4,4,Rehab,0,1,0.6195154975967151
22,Female,144/98,219,22.9,Yes,Yes,5,6,Home,0,0,0.4769158512786419
34,Female,160/76,213,38.1,No,Yes,8,5,Home,0,0,0.42681463651810647
89,Female,114/97,178,32.3,No,Yes,3,8,Home,0,0,0.42679604074429267
39,Other,119/93,222,21.9,Yes,No,1,2,Home,0,0,0.46066374333495436
26,Other,159/78,196,38.8,No,No,10,10,Nursing_Facility,0,1,0.5404548208492732
88,Other,158/70,242,23.3,Yes,Yes,0,9,Home,1,0,0.49082122711292675
89,Male,116/96,192,21.8,Yes,Yes,9,5,Home,0,0,0.47862792611251653
67,Female,134/72,209,29.4,Yes,No,8,7,Home,0,0,0.4386039808264592
21,Other,125/85,284,29.9,No,Yes,3,10,Home,1,0,0.4495270402486346
55,Other,144/94,227,29.5,No,Yes,4,3,Rehab,0,1,0.6153475129541552
74,Male,128/73,196,20.9,No,No,4,8,Nursing_Facility,0,1,0.550627489099117
20,Other,151/97,291,31.2,Yes,No,3,5,Home,0,0,0.43889047231888634
19,Other,140/77,261,35.5,Yes,No,1,6,Nursing_Facility,0,1,0.5924562270312721
58,Male,111/89,264,25.4,No,Yes,8,5,Nursing_Facility,0,1,0.5922070332730001
84,Other,137/82,292,32.1,Yes,Yes,10,4,Home,0,0,0.4827270481783361
27,Other,135/95,281,25.3,Yes,No,2,10,Home,0,0,0.47891683591784395
62,Male,123/79,264,28.2,Yes,Yes,3,5,Home,0,0,0.47941033435703534
25,Female,159/76,260,25.6,No,No,5,4,Home,1,0,0.4112522483679757
78,Male,143/100,229,32.7,Yes,No,4,10,Home,0,0,0.42530376603696585
67,Female,119/86,166,30.3,No,No,3,7,Home,0,0,0.39781249072140695
19,Female,122/85,156,36.0,No,Yes,8,9,Home,0,0,0.40982288675153894
31,Other,120/71,153,35.4,No,No,3,6,Home,0,0,0.37836908879270237
46,Other,142/93,264,27.8,No,Yes,2,8,Home,0,0,0.44259445413670373
74,Male,149/70,270,39.5,No,Yes,0,4,Home,0,0,0.43014661933999565
66,Male,137/72,257,39.8,No,No,4,7,Home,0,0,0.3838318326767236
19,Other,134/83,275,33.3,Yes,No,8,4,Nursing_Facility,0,1,0.5812909704888202
50,Other,125/78,222,19.0,Yes,Yes,1,4,Home,0,1,0.5004440062505364
79,Other,127/89,169,22.3,No,Yes,0,5,Home,0,0,0.451012094379813
23,Male,111/82,220,29.6,No,No,2,6,Home,0,0,0.4086699709838834
25,Other,134/88,245,20.0,Yes,Yes,7,6,Home,0,0,0.4987370530289606
69,Female,156/82,194,33.5,No,Yes,7,1,Home,0,0,0.43155800650404286
56,Other,135/79,179,19.8,Yes,No,9,7,Home,1,0,0.45362599749429594
72,Female,114/95,290,30.3,No,Yes,2,1,Home,0,0,0.4530976783602092
66,Male,121/90,243,30.7,No,Yes,0,5,Home,0,0,0.4415131424394412
63,Male,154/86,260,23.8,Yes,Yes,10,2,Rehab,1,1,0.6486043618194458
72,Other,156/72,171,27.4,Yes,Yes,8,3,Home,0,0,0.49098508784561096
67,Other,132/83,168,28.6,Yes,Yes,8,1,Rehab,1,1,0.6328268078138285
77,Female,111/99,221,34.6,No,No,0,8,Nursing_Facility,0,1,0.5373782455559788
82,Female,124/92,208,30.3,No,Yes,3,1,Rehab,1,1,0.6066667904810858
65,Female,114/84,272,37.2,No,Yes,0,7,Home,0,0,0.42860799619506385
39,Male,117/70,243,35.7,Yes,Yes,3,6,Home,0,0,0.4568120590317442
75,Male,160/80,250,19.6,Yes,Yes,3,10,Home,0,0,0.4899387237400502
22,Female,133/99,185,38.1,No,No,4,2,Rehab,0,1,0.5485850779763973
20,Other,129/82,279,26.0,No,Yes,6,5,Home,0,0,0.4621728769868777
45,Other,116/92,159,39.0,Yes,No,2,7,Nursing_Facility,0,1,0.5611224120732395
46,Female,111/86,248,37.0,No,Yes,8,7,Home,0,0,0.43831773771178173
27,Other,132/96,246,22.6,No,No,8,10,Nursing_Facility,0,1,0.5573270122873815
23,Female,121/78,222,27.5,Yes,No,0,7,Home,0,0,0.43449697155385464
19,Other,142/95,165,30.2,No,No,7,8,Home,0,0,0.40470301283516424
73,Other,151/80,255,27.1,No,Yes,0,7,Rehab,0,1,0.6069821147039429
54,Female,146/81,222,18.2,No,Yes,4,4,Rehab,0,1,0.6202082164138385
32,Other,141/93,198,37.3,No,No,9,6,Nursing_Facility,0,1,0.5329809582690702
59,Male,145/92,230,28.6,No,Yes,3,7,Rehab,0,1,0.5936084394323611
74,Other,132/85,279,33.7,Yes,No,5,7,Home,1,0,0.438161385727662
84,Female,157/94,253,33.7,Yes,No,6,8,Nursing_Facility,0,1,0.5835960798069557
19,Other,140/88,289,28.9,Yes,No,10,4,Home,0,0,0.45979687285843673
86,Female,114/99,243,32.2,Yes,Yes,9,4,Home,0,0,0.47384495301989976
41,Female,119/72,273,22.6,Yes,No,10,6,Rehab,0,1,0.6234125910351844
49,Other,118/87,204,26.1,Yes,Yes,9,9,Home,0,0,0.48466878340687247
52,Other,140/97,294,20.7,No,No,3,1,Nursing_Facility,0,1,0.5717511186227251
65,Male,145/72,153,26.2,Yes,Yes,6,2,Nursing_Facility,0,1,0.6085233248570292
28,Male,135/70,196,26.0,No,No,2,1,Home,0,0,0.41177372378391874
45,Male,156/91,171,26.3,Yes,No,3,10,Home,0,0,0.42466121129854284
36,Other,114/72,263,19.2,Yes,Yes,0,9,Rehab,0,1,0.6421161988401023
22,Male,113/95,247,19.3,Yes,No,9,5,Home,1,0,0.45715463733499995
20,Male,147/99,245,38.8,No,Yes,0,1,Home,0,0,0.424594666484784
55,Female,156/91,225,32.5,Yes,Yes,9,5,Home,0,0,0.4638299515273445
50,Male,126/87,246,23.4,Yes,Yes,1,10,Rehab,0,1,0.6244588723498876
54,Male,130/86,214,26.3,No,No,4,5,Nursing_Facility,0,1,0.5426671344271913
49,Male,118/98,201,31.3,Yes,Yes,6,2,Home,0,0,0.46260344710426665
45,Other,154/74,211,30.5,Yes,Yes,10,3,Nursing_Facility,0,1,0.6124441035530324
83,Other,133/80,178,21.3,No,Yes,10,2,Home,0,0,0.4675848589692286
80,Male,143/70,171,26.9,No,Yes,5,4,Rehab,1,1,0.5841188261804616
23,Other,140/77,290,32.0,No,Yes,9,8,Rehab,0,1,0.6216032383922997
68,Male,119/82,294,21.9,No,Yes,4,7,Home,0,0,0.45614679720944673
61,Female,140/96,276,37.7,Yes,No,7,5,Home,0,0,0.44282937744598766
65,Other,155/100,275,28.9,Yes,No,7,8,Home,0,0,0.4492555853464762
24,Male,127/73,163,27.7,No,No,6,9,Home,0,0,0.40142703202698343
90,Other,154/99,233,37.9,No,Yes,10,9,Home,0,0,0.42973818508834494
33,Female,142/80,269,35.8,Yes,No,4,10,Home,0,0,0.42649245986007805
60,Other,153/81,155,22.9,Yes,Yes,9,1,Home,0,0,0.4767795386699939
19,Other,136/80,272,31.2,Yes,No,4,4,Home,0,0,0.4557841498879529
36,Other,127/76,219,26.2,Yes,No,7,2,Home,1,0,0.4456814935783941
77,Other,136/97,198,23.7,Yes,No,8,1,Rehab,0,1,0.6211072371453465
22,Male,136/77,281,27.1,No,No,2,8,Rehab,0,1,0.5603244600775084
20,Female,145/73,162,23.2,No,No,2,7,Home,0,0,0.39678772799073336
74,Other,145/86,180,27.0,Yes,No,3,1,Home,0,0,0.43614208708227015
70,Male,118/73,208,34.1,No,No,7,2,Home,0,0,0.40339538383859247
25,Female,133/86,177,29.9,Yes,No,4,1,Home,0,0,0.4234807891503215
71,Other,135/96,285,35.9,Yes,No,3,5,Rehab,0,1,0.605252371290962
25,Female,127/89,248,20.5,No,No,8,4,Rehab,0,1,0.5858468881935904
48,Other,129/70,165,36.6,Yes,Yes,0,6,Home,0,0,0.4614475111122995
22,Male,119/82,272,35.2,No,No,0,2,Home,0,0,0.3979467701997042
29,Male,114/93,197,32.3,No,Yes,6,8,Home,0,0,0.42765309483834746
78,Female,124/99,202,39.3,Yes,Yes,7,7,Home,0,0,0.45819152587211803
65,Female,110/99,222,26.5,No,No,6,8,Home,0,0,0.41070173015668665
29,Female,155/93,239,20.3,Yes,Yes,7,2,Rehab,1,1,0.6521431448163564
90,Other,113/81,198,28.2,No,No,1,7,Home,1,0,0.4108531971421984
81,Male,140/79,219,33.8,No,Yes,7,9,Nursing_Facility,1,1,0.5709925391144669
83,Male,117/88,156,39.9,No,Yes,6,9,Nursing_Facility,0,1,0.5606503655557182
49,Male,125/97,220,35.3,No,Yes,0,3,Home,0,0,0.425040083933641
57,Other,152/97,192,23.4,Yes,Yes,9,9,Home,0,0,0.49201739868739397
41,Female,149/89,219,31.2,Yes,Yes,4,2,Home,0,0,0.4708328145465822
55,Male,147/84,167,37.7,No,No,3,10,Home,0,0,0.3755379981215772
47,Female,129/71,275,38.4,Yes,Yes,5,4,Home,0,0,0.45868085737868103
49,Male,138/97,167,20.3,Yes,Yes,0,4,Rehab,0,1,0.6319043663439556
88,Male,160/89,277,35.7,No,Yes,9,7,Home,0,0,0.4278434083222903
69,Other,142/96,277,34.6,No,Yes,5,7,Home,0,0,0.4331993557369466
55,Female,135/77,274,23.0,No,No,1,2,Rehab,0,1,0.5880033146027771
85,Male,142/96,189,21.4,Yes,No,5,3,Nursing_Facility,0,1,0.5791597018169229
65,Female,123/96,180,32.9,Yes,No,4,9,Home,0,0,0.42347945067108544
90,Other,149/84,244,24.3,No,Yes,4,1,Home,0,0,0.457668146817203
56,Female,150/96,250,28.2,Yes,No,5,2,Home,0,0,0.44304109676940306
72,Male,130/74,286,33.0,Yes,No,7,10,Rehab,0,1,0.6035250058934364
88,Male,131/87,262,29.8,Yes,No,7,9,Rehab,0,1,0.6041853901542621
22,Female,114/81,167,20.1,No,No,4,1,Home,0,0,0.41445217654891486
53,Other,120/91,267,29.7,No,Yes,6,10,Home,0,0,0.44569030162470386
45,Female,118/82,261,30.4,No,Yes,6,8,Home,0,0,0.4355652321496778
69,Male,122/76,278,30.0,Yes,Yes,0,8,Home,0,0,0.4668027027501697
88,Male,146/77,226,37.1,Yes,No,2,1,Home,0,0,0.42494626518180956
82,Other,150/91,205,29.6,Yes,Yes,0,4,Home,1,0,0.4777523041974222
85,Other,117/94,156,23.7,No,Yes,3,1,Nursing_Facility,0,1,0.5888032543707604
62,Male,160/96,151,35.6,No,No,0,5,Home,0,0,0.3760939274101718
83,Other,144/75,271,26.6,Yes,No,5,1,Rehab,0,1,0.6089646099088264
50,Male,121/93,218,32.0,Yes,No,1,6,Home,0,0,0.4319448560922271
48,Other,135/90,209,30.2,No,Yes,8,4,Rehab,0,1,0.6036140385088401
63,Male,146/76,168,35.3,Yes,Yes,0,1,Home,0,0,0.46309047291750904
88,Other,138/74,182,32.3,Yes,Yes,5,5,Home,0,0,0.4611397932206309
23,Female,130/100,203,34.8,Yes,No,9,5,Home,0,0,0.4311424192571944
90,Female,139/75,202,39.9,Yes,No,2,5,Home,0,0,0.4233495624201311
62,Other,141/93,162,35.1,No,Yes,10,9,Home,0,0,0.42511429486346086
49,Female,126/85,176,34.5,Yes,Yes,1,10,Home,0,0,0.4535423169130028
50,Male,134/85,255,27.8,No,Yes,0,9,Home,1,0,0.44714649250249455
77,Female,151/99,228,30.0,Yes,No,7,10,Rehab,0,1,0.5945884138043686
23,Other,114/83,293,25.5,Yes,Yes,6,4,Home,0,1,0.5012784775160845
55,Other,140/85,253,35.9,Yes,No,10,8,Home,1,0,0.43917611774701854
31,Female,120/88,219,28.7,Yes,Yes,7,5,Home,0,0,0.46569644246164527
65,Female,151/90,268,20.2,Yes,No,5,7,Rehab,0,1,0.624721099846559
79,Other,145/91,175,19.3,No,Yes,10,10,Rehab,0,1,0.6102081109516162
41,Other,121/97,266,38.3,Yes,Yes,8,8,Rehab,0,1,0.6353670557628066
29,Female,156/88,222,22.6,No,Yes,9,3,Home,0,0,0.46062862504078655
58,Male,117/83,232,30.7,Yes,No,6,8,Home,0,0,0.4321676087597471
89,Male,151/82,186,18.3,No,Yes,2,4,Home,1,0,0.4493031749257103
57,Male,141/86,167,21.5,Yes,Yes,1,8,Rehab,0,1,0.6405975068529376
34,Other,118/99,167,23.8,No,Yes,8,3,Home,0,0,0.43732598552176916
89,Female,115/82,167,21.6,Yes,No,7,6,Home,0,0,0.4385718953682534
40,Male,143/93,274,31.8,No,No,4,8,Home,0,0,0.4161534390137421
25,Male,144/94,271,38.1,No,Yes,5,10,Home,0,0,0.4374433014478412
88,Other,121/92,150,18.9,Yes,No,6,8,Rehab,0,1,0.6086390217158836
41,Female,151/79,282,39.1,No,No,7,4,Nursing_Facility,0,1,0.536715339329835
82,Female,157/78,194,31.9,No,No,8,2,Home,0,0,0.42569996723734654
73,Female,146/87,204,26.5,No,Yes,8,9,Home,0,0,0.4351120471659976
23,Other,129/87,284,27.3,No,No,3,3,Nursing_Facility,0,1,0.5597954511013253
44,Other,147/75,198,25.7,No,No,6,5,Home,0,0,0.40414404226675815
53,Male,129/95,254,37.6,Yes,Yes,1,8,Home,0,0,0.45130952286169024
24,Female,138/90,263,28.8,Yes,Yes,6,3,Home,1,0,0.4745197066876006
67,Female,146/87,266,28.0,Yes,Yes,1,3,Home,0,0,0.4746950274196925
45,Other,115/85,294,35.8,Yes,No,0,9,Home,0,0,0.44928814173558795
65,Male,149/74,272,24.6,Yes,No,3,5,Rehab,0,1,0.6029267800731135
33,Female,160/80,235,39.7,Yes,Yes,9,5,Home,0,0,0.4623701766480795
40,Female,135/70,248,31.9,Yes,Yes,7,9,Home,0,0,0.47883591852024404
50,Male,120/82,291,36.6,Yes,No,9,6,Home,0,0,0.4475919179467808
44,Other,125/71,297,18.6,No,Yes,6,8,Nursing_Facility,0,1,0.6079780732596528
29,Female,148/91,237,20.6,No,No,1,4,Home,0,0,0.4078534120299172
71,Male,130/89,256,21.5,No,No,10,7,Home,0,0,0.4231817001762554
69,Female,137/93,170,27.3,No,Yes,0,6,Home,0,0,0.43364373288898084
46,Female,140/81,289,23.1,Yes,Yes,0,9,Home,0,0,0.48467338469724597
51,Other,145/98,177,21.7,No,No,7,7,Home,0,0,0.4097198450708034
83,Male,143/76,155,28.7,No,No,5,3,Home,0,0,0.3956642867896151
24,Male,116/97,254,21.4,Yes,Yes,0,5,Home,0,0,0.48275228715257856
45,Male,148/79,153,23.0,Yes,No,3,3,Rehab,0,1,0.5869367172116708
55,Female,142/90,225,32.2,No,Yes,1,1,Home,0,0,0.43362811550449376
48,Female,137/87,193,23.8,Yes,Yes,7,3,Home,0,0,0.4861540310225247
67,Female,155/70,159,28.7,No,Yes,4,2,Home,0,0,0.4382513756571507
86,Male,118/87,202,20.9,Yes,Yes,7,2,Home,0,0,0.48922197155524794
45,Other,117/95,279,29.5,Yes,Yes,7,1,Rehab,0,1,0.6442851608868398
37,Other,127/87,210,27.6,Yes,No,8,3,Home,0,0,0.43699953512125106
89,Male,126/96,192,27.0,No,No,1,6,Home,0,0,0.3977171417782623
74,Female,142/96,161,26.0,No,No,1,9,Home,0,0,0.3901692558105239
23,Male,146/84,152,23.3,No,No,0,8,Home,0,0,0.39792221789673754
70,Male,133/82,194,24.5,No,Yes,5,3,Home,0,0,0.4386664351849901
87,Male,121/77,198,26.8,Yes,Yes,10,3,Home,0,0,0.4666896238395038
66,Other,124/96,298,38.8,No,Yes,3,5,Home,0,0,0.4329584147367904
37,Female,124/72,161,22.5,Yes,No,10,7,Home,0,0,0.4452207691324662
25,Male,113/72,173,38.7,No,Yes,0,10,Home,0,0,0.4108906245798601
36,Other,116/99,196,30.2,Yes,No,2,9,Rehab,1,1,0.5980774028055895
66,Other,139/70,255,35.4,Yes,No,7,4,Rehab,0,1,0.6080650348359721
52,Male,134/83,182,18.4,No,No,0,7,Home,0,0,0.4056920324331342
66,Female,153/87,166,35.4,Yes,Yes,3,1,Home,0,0,0.4549855937007012
55,Male,142/74,223,18.3,Yes,Yes,8,2,Nursing_Facility,1,1,0.6232277744568568
19,Other,130/97,213,21.9,No,Yes,6,7,Home,0,0,0.45299306033219533
29,Male,134/74,239,25.3,No,Yes,1,1,Nursing_Facility,0,1,0.5832621024409044
84,Other,142/81,254,34.1,Yes,No,2,3,Home,0,0,0.4422475089523328
23,Female,131/91,241,25.0,No,No,0,8,Home,0,0,0.4126136376426592
35,Female,135/94,243,24.8,Yes,Yes,10,2,Home,1,0,0.4836556098792499
40,Male,123/96,208,24.1,No,Yes,4,4,Home,0,0,0.43931447185192535
72,Male,133/99,291,28.6,Yes,No,5,7,Rehab,0,1,0.60884300950989
34,Female,151/82,231,20.3,Yes,No,1,8,Nursing_Facility,0,1,0.5903366769532307
22,Male,152/89,231,38.0,No,No,1,2,Home,0,0,0.39209017404685403
76,Male,154/98,198,29.3,No,Yes,1,5,Home,0,0,0.4371202153190522
68,Other,113/71,173,24.4,Yes,Yes,1,6,Home,0,0,0.4798921207272273
85,Female,120/88,164,35.0,No,No,6,8,Home,1,0,0.3820440066537053
62,Male,159/93,260,22.5,No,No,0,3,Rehab,0,1,0.5747329501057248
22,Other,158/97,158,27.4,No,No,6,9,Home,0,0,0.4136302338941184
26,Male,143/94,268,38.9,No,Yes,0,7,Nursing_Facility,0,1,0.5521473508387369
43,Female,131/77,203,32.1,No,No,1,7,Rehab,0,1,0.5609052572372861
24,Male,113/100,179,29.8,Yes,No,0,8,Home,0,0,0.4415569239189414
68,Other,125/92,267,19.2,Yes,Yes,2,1,Home,0,1,0.5014320025957306
63,Male,127/93,212,26.1,No,No,4,10,Rehab,0,1,0.5689734459766946
34,Female,121/87,267,18.7,Yes,Yes,3,1,Nursing_Facility,0,1,0.6356113025925298
76,Other,114/95,199,26.7,No,Yes,8,3,Home,0,0,0.45467815306376297
20,Other,125/91,269,36.6,No,No,5,9,Home,0,0,0.4081285480333132
63,Female,149/85,194,22.1,Yes,Yes,2,3,Home,0,0,0.49449345220459723
32,Male,117/80,196,33.8,Yes,No,4,7,Home,0,0,0.4223881452508497
64,Male,115/73,206,22.3,Yes,Yes,9,7,Home,0,0,0.4821753321105017
89,Female,123/89,247,21.2,Yes,Yes,8,7,Home,0,0,0.48680729710060744
67,Other,127/84,232,22.8,No,No,5,10,Rehab,0,1,0.5761925683505185
41,Other,131/87,299,18.4,No,No,10,3,Rehab,0,1,0.6015596174646237
36,Female,126/84,211,37.5,Yes,Yes,4,3,Home,0,0,0.4696747139791275
89,Female,122/86,273,35.9,No,No,9,3,Home,0,0,0.39542771923294523
56,Other,143/85,227,27.9,No,Yes,1,2,Home,0,0,0.4424602302322613
76,Male,120/98,164,30.5,No,Yes,8,8,Home,0,0,0.43209677989890755
62,Other,110/77,273,21.9,Yes,No,8,3,Home,1,0,0.4614094819761556
35,Female,150/71,293,21.8,Yes,No,4,2,Rehab,1,1,0.6219356454944354
36,Other,135/93,286,35.5,No,No,6,7,Home,0,0,0.4135197917312918
43,Other,154/85,245,24.6,Yes,Yes,9,4,Home,0,0,0.49257362952400113
78,Other,139/93,157,31.7,Yes,Yes,1,4,Rehab,0,1,0.6398386869009101
18,Male,133/92,160,29.1,Yes,Yes,8,5,Home,0,0,0.47321393090087516
36,Other,143/70,233,37.7,Yes,Yes,0,5,Rehab,1,1,0.6117171814304092
42,Male,137/80,285,39.6,No,Yes,7,4,Home,0,0,0.4315836373560182
86,Male,122/89,176,19.6,No,Yes,10,5,Rehab,0,1,0.6057717344499242
19,Other,155/89,221,34.3,No,No,7,10,Home,0,0,0.40545307661820257
81,Male,132/97,206,19.0,Yes,Yes,6,1,Home,0,0,0.495339406626878
81,Other,114/83,216,37.1,No,No,1,6,Rehab,1,1,0.5635085588886106
31,Female,146/70,226,38.2,No,Yes,10,9,Home,0,0,0.41732298863725964
79,Other,132/84,178,20.0,No,Yes,10,9,Rehab,1,1,0.6087338119719854
63,Female,118/96,220,18.5,Yes,Yes,3,8,Home,0,0,0.49982288488128157
37,Female,119/90,213,19.4,Yes,No,7,7,Rehab,0,1,0.6082486352847362
47,Other,128/76,229,35.4,Yes,No,5,9,Home,0,0,0.4309152555939991
48,Male,114/74,161,39.1,No,No,1,3,Nursing_Facility,1,1,0.513813983474936
24,Female,116/74,281,29.3,No,No,8,6,Home,0,0,0.4128977846727001
88,Other,126/73,181,30.0,No,Yes,7,5,Nursing_Facility,0,1,0.5789351099081209
68,Other,148/90,163,19.0,No,Yes,3,5,Home,0,0,0.43932147760482226
59,Male,151/79,203,35.2,No,No,0,3,Nursing_Facility,0,1,0.5285074514123096
18,Other,141/72,239,34.3,No,Yes,5,2,Rehab,1,1,0.5937583999633925
63,Male,141/90,174,33.3,Yes,No,0,3,Nursing_Facility,0,1,0.568884458334738
54,Other,112/94,292,25.4,Yes,Yes,4,7,Home,0,0,0.48262732591482577
87,Female,154/84,197,23.3,No,Yes,8,9,Home,0,0,0.44356121473349963
37,Female,126/97,272,22.1,Yes,No,2,9,Home,0,0,0.4667579019641623
18,Female,145/77,168,23.5,No,Yes,6,10,Rehab,0,1,0.6043197426713057
50,Other,152/98,178,29.4,Yes,Yes,0,2,Home,0,0,0.4822881216901256
73,Male,160/87,273,31.9,Yes,Yes,5,6,Home,0,0,0.463486261990318
63,Male,144/79,222,20.2,Yes,No,9,1,Home,0,0,0.4521311149818795
44,Female,129/79,219,20.0,Yes,No,9,5,Home,0,0,0.47047055809773924
45,Female,159/72,246,37.6,Yes,No,9,8,Home,0,0,0.43919240511808805
34,Other,116/72,190,29.3,Yes,Yes,6,2,Home,1,0,0.48517592958668826
41,Female,125/86,216,26.6,No,Yes,6,2,Rehab,0,1,0.6082742693363262
76,Other,127/98,280,21.2,No,No,3,9,Home,0,0,0.4230506046503009
30,Other,133/98,241,34.3,Yes,No,8,3,Home,0,0,0.4424554559329824
90,Other,157/91,216,30.3,Yes,No,6,6,Home,0,0,0.4457157809900702
36,Male,156/99,222,38.1,No,No,0,5,Home,0,0,0.39042203705810247
67,Female,110/74,214,23.3,Yes,No,1,3,Nursing_Facility,0,1,0.5943503938129339
81,Female,110/89,249,22.4,Yes,No,8,3,Rehab,0,1,0.6250078657928939
51,Female,152/75,151,29.7,No,Yes,5,5,Home,0,0,0.4289340696685166
32,Male,153/88,214,30.1,No,Yes,5,2,Nursing_Facility,0,1,0.5676006380976999
63,Female,150/76,152,32.1,No,No,10,10,Home,0,0,0.3993360619182687
73,Male,122/88,231,18.5,Yes,No,0,10,Nursing_Facility,1,1,0.6149523061074909
42,Female,123/97,184,23.0,Yes,Yes,7,9,Home,1,0,0.4691855477379563
74,Female,158/96,173,34.0,No,No,9,4,Home,0,0,0.3917031546911234
45,Male,134/71,219,29.2,Yes,Yes,2,2,Home,1,0,0.4705669574107825
81,Other,117/73,178,20.9,No,No,7,1,Nursing_Facility,1,1,0.5527968335530679
38,Male,114/96,158,36.1,No,No,6,2,Home,0,0,0.38101157006514286
18,Male,113/93,273,24.1,No,Yes,9,5,Home,0,0,0.4406622065480474
47,Other,111/92,284,35.4,No,Yes,9,9,Nursing_Facility,0,1,0.5893398141871232
19,Other,150/86,199,21.3,Yes,Yes,1,10,Rehab,0,1,0.6336042960477176
19,Female,146/74,166,38.4,No,Yes,8,7,Rehab,0,1,0.5713562680841573
52,Male,135/87,153,18.1,Yes,No,6,4,Home,0,0,0.4373239874339698
88,Female,136/70,208,19.8,No,No,4,9,Home,0,0,0.42542682444941204
65,Female,120/80,205,39.0,No,Yes,4,9,Rehab,1,1,0.5828635147150177
23,Female,131/100,294,37.7,No,Yes,7,1,Home,1,0,0.4429655040648663
23,Male,128/100,230,23.1,No,Yes,5,7,Home,0,0,0.43514859571838405
63,Female,122/73,274,28.8,Yes,No,5,7,Home,0,0,0.4505354470959972
86,Other,126/79,184,25.3,No,Yes,1,5,Rehab,0,1,0.6106374232957057
24,Other,152/91,199,18.4,Yes,Yes,7,9,Home,0,0,0.4830845227116481
78,Male,133/91,168,23.1,Yes,No,10,4,Home,0,0,0.4545311442746767
66,Other,145/86,222,24.2,No,Yes,4,3,Home,0,0,0.4443349784758206
88,Male,135/99,215,24.1,No,Yes,0,8,Home,0,0,0.4398994918175973
84,Female,112/96,292,26.9,Yes,No,7,10,Home,1,0,0.451471044197088
69,Other,145/71,189,24.7,Yes,Yes,3,2,Home,0,0,0.4972094044242198
73,Female,140/98,293,21.2,Yes,Yes,6,7,Home,0,0,0.4960865737575043
66,Other,157/97,204,35.1,Yes,No,0,5,Home,0,0,0.4301649393182968
35,Other,129/89,186,36.1,Yes,No,9,6,Home,0,0,0.4368986468736173
37,Other,120/78,192,25.9,Yes,Yes,10,8,Home,0,0,0.4825159130317364
46,Female,147/89,293,34.5,Yes,No,0,3,Home,0,0,0.43584591681115387
87,Female,155/78,262,38.5,No,No,9,5,Home,0,0,0.40265834345781193
85,Other,149/97,240,25.2,Yes,Yes,10,7,Home,0,0,0.4920873060108561
27,Female,116/99,202,30.2,No,Yes,0,8,Home,0,0,0.4326412794299571
49,Male,124/82,196,21.1,No,Yes,3,2,Rehab,0,1,0.603559101091236
76,Other,148/72,168,26.8,Yes,Yes,10,2,Home,0,0,0.4844067807912686
57,Male,130/70,217,25.6,No,Yes,6,7,Home,0,0,0.44138949008858364
33,Other,153/73,202,28.8,Yes,Yes,7,3,Rehab,0,1,0.6423665466064024
35,Male,119/73,155,22.3,No,No,4,5,Home,0,0,0.4050217990849708
82,Other,141/85,243,20.6,No,No,4,10,Home,0,0,0.4165920975678194
54,Male,122/93,277,39.8,Yes,Yes,9,1,Home,0,0,0.46872163928108745
44,Other,151/88,236,27.8,No,Yes,1,8,Home,0,0,0.447499369501248
19,Other,122/78,153,34.6,No,No,3,7,Home,0,0,0.38965654441934616
82,Other,147/74,219,21.0,No,Yes,1,10,Home,0,0,0.4648368572977082
64,Male,150/82,264,28.8,No,Yes,4,5,Home,0,0,0.4420478771003427
87,Female,126/97,228,38.0,No,No,1,8,Home,0,0,0.40481133797985064
19,Other,142/75,236,20.0,Yes,No,2,6,Home,0,0,0.45003692447173016
85,Female,125/94,161,32.4,No,No,3,4,Rehab,0,1,0.5532463510506851
80,Male,152/75,264,18.2,Yes,No,10,6,Home,0,0,0.4630102365888908
67,Other,126/95,288,30.2,No,No,9,2,Rehab,0,1,0.595859716800788
51,Female,152/90,242,28.2,Yes,Yes,2,2,Nursing_Facility,0,1,0.6074106304541209
19,Other,157/86,182,18.3,Yes,Yes,3,9,Home,1,0,0.486348695642402
74,Male,143/94,265,21.5,Yes,No,3,6,Home,0,0,0.44196136829092636
59,Female,160/89,239,37.2,Yes,Yes,5,9,Home,0,0,0.45280698279957676
59,Female,143/94,195,32.2,Yes,Yes,10,2,Home,0,0,0.4573235498756918
58,Other,116/79,240,29.5,Yes,No,9,9,Home,0,0,0.44305885505501996
63,Male,149/98,225,28.4,Yes,Yes,4,7,Rehab,0,1,0.6355529667640506
52,Male,144/76,300,38.0,No,No,9,10,Home,0,0,0.4049342910533021
89,Female,110/92,267,39.2,No,No,9,3,Home,0,0,0.4071879308753322
75,Male,122/75,284,23.1,Yes,No,10,10,Home,0,0,0.44583476954759216
19,Male,124/99,191,35.7,Yes,No,1,5,Home,0,0,0.4218313766095983
36,Female,130/86,174,23.9,Yes,No,0,5,Home,0,0,0.4337344493119978
66,Other,133/76,257,35.4,Yes,Yes,10,7,Home,0,0,0.4776136329000228
26,Female,136/72,261,30.3,No,Yes,2,3,Rehab,0,1,0.5966885068351273
71,Other,131/86,251,19.9,No,No,6,3,Nursing_Facility,1,1,0.5730422238767109
76,Male,132/84,192,34.2,Yes,No,8,4,Nursing_Facility,0,1,0.5656188305137219
47,Male,121/80,226,22.7,Yes,Yes,6,4,Nursing_Facility,0,1,0.6300757571887089
63,Male,155/82,237,27.9,No,Yes,2,2,Nursing_Facility,0,1,0.5766235534834052
30,Other,141/95,219,19.7,Yes,No,3,8,Home,0,0,0.4600029870948364
82,Female,124/91,161,24.1,Yes,Yes,8,1,Home,1,0,0.47048585375325863
85,Male,159/79,234,24.4,No,Yes,3,5,Home,0,0,0.444752164507772
40,Other,112/92,219,32.7,No,No,7,10,Home,0,0,0.3971410448677842
44,Male,137/89,175,37.6,Yes,No,5,3,Home,0,0,0.419407842777813
38,Male,138/98,155,25.7,Yes,Yes,5,9,Home,0,0,0.47165985031257945
35,Other,143/76,265,23.6,Yes,Yes,3,2,Home,0,0,0.4904541943773537
90,Male,132/84,215,22.3,No,Yes,6,2,Home,1,0,0.44564127224765193
66,Female,122/94,241,38.1,No,No,9,7,Rehab,0,1,0.5596546272827977
83,Other,120/70,261,22.7,Yes,No,4,3,Home,0,0,0.4640253971277282
30,Female,153/83,237,20.4,No,No,0,3,Rehab,0,1,0.5705666151502864
81,Male,110/96,235,30.1,No,Yes,1,10,Home,0,0,0.4303245637536825
66,Female,121/85,235,24.8,Yes,Yes,3,1,Rehab,0,1,0.6507139802695838
42,Male,126/78,230,25.3,No,Yes,1,3,Home,0,0,0.4552134079120204
67,Other,154/78,294,38.4,No,No,8,7,Rehab,0,1,0.5717687419540712
27,Female,155/89,209,33.8,No,No,6,10,Home,0,0,0.3992182528673317
75,Female,145/71,281,19.1,Yes,Yes,8,2,Nursing_Facility,0,1,0.652098306253392
37,Other,111/70,197,29.3,Yes,No,3,2,Home,0,0,0.4541718501463326
57,Other,121/96,248,35.0,No,No,6,4,Home,0,0,0.39708483702879366
39,Other,110/74,253,30.8,Yes,Yes,4,3,Home,0,0,0.4870677421804657
89,Other,148/87,294,35.9,Yes,No,6,1,Home,0,0,0.4484281377308932
85,Male,147/80,274,20.0,Yes,Yes,9,3,Nursing_Facility,0,1,0.6299930576095879
78,Male,146/95,184,32.4,Yes,No,5,2,Home,1,0,0.4301556896736925
67,Male,114/99,155,30.2,No,Yes,10,3,Home,0,0,0.42923128032582747
51,Female,155/84,157,38.1,No,Yes,7,6,Home,0,0,0.4186422169369359
23,Female,128/73,170,22.5,Yes,No,5,10,Home,0,0,0.4372950210260945
48,Other,118/81,240,27.8,Yes,Yes,0,6,Home,0,0,0.4750916374795312
83,Male,114/80,257,25.3,Yes,No,6,5,Rehab,0,1,0.6126541903845483
29,Other,112/71,206,27.8,Yes,Yes,5,10,Home,0,0,0.46762762135714464
42,Other,113/88,222,26.4,No,No,1,1,Rehab,0,1,0.5643554476409587
34,Female,139/97,291,22.1,No,Yes,9,3,Home,0,0,0.46605196831741397
57,Male,146/99,216,34.4,Yes,No,4,5,Home,0,0,0.4273764586013582
79,Other,154/98,216,25.4,Yes,Yes,1,6,Rehab,0,1,0.6439378815234381
84,Male,123/74,198,26.9,Yes,No,10,5,Nursing_Facility,0,1,0.5957417007299343
63,Other,150/92,268,20.6,No,No,0,6,Home,0,0,0.423855351656095
90,Male,123/84,251,31.1,Yes,Yes,1,2,Home,0,0,0.46489713988770204
82,Female,147/99,266,31.8,Yes,Yes,5,6,Home,0,0,0.4773960201167463
86,Female,153/93,178,29.1,No,No,2,4,Home,0,0,0.40146004755555653
36,Male,120/75,262,21.0,No,No,10,6,Home,0,0,0.42206144741405316
61,Male,123/70,222,35.3,Yes,Yes,7,5,Home,0,0,0.4625598723911622
73,Female,138/83,157,21.6,Yes,Yes,6,10,Home,0,0,0.48447516433944665
77,Other,130/84,233,33.4,Yes,Yes,9,5,Home,0,0,0.47159278243998487
19,Female,154/94,186,28.2,Yes,Yes,6,10,Home,0,0,0.4644292939826374
58,Other,153/98,199,33.8,No,Yes,9,10,Rehab,0,1,0.5955701290940023
44,Other,114/75,247,23.8,No,Yes,4,6,Home,1,0,0.4495848707770589
72,Other,137/73,229,32.9,No,Yes,10,7,Home,0,0,0.4375529383540921
57,Male,150/89,248,37.9,No,Yes,7,8,Home,0,0,0.41791384364490153
35,Female,154/94,273,28.4,Yes,No,0,7,Home,0,0,0.4403790218991512
65,Other,142/87,255,29.1,No,Yes,7,2,Home,1,0,0.4583010929913164
60,Other,156/92,243,27.7,Yes,Yes,4,10,Home,0,0,0.4793839993252868
71,Other,133/73,209,26.9,Yes,Yes,6,9,Home,0,0,0.4745528877319937
81,Male,113/78,264,27.4,No,No,5,7,Home,0,0,0.41310825183575844
83,Male,134/71,240,26.1,Yes,Yes,10,3,Rehab,0,1,0.6402946320354922
53,Other,118/86,158,30.8,Yes,Yes,7,10,Home,0,0,0.46336007239319693
76,Other,124/78,279,32.6,No,Yes,6,10,Home,0,0,0.4342771338670692
23,Female,117/78,203,22.0,No,Yes,9,8,Home,0,0,0.4444282344230987
60,Other,130/87,166,25.6,No,No,4,8,Home,0,0,0.4138359134299658
76,Male,135/97,158,24.6,Yes,Yes,10,1,Home,0,0,0.48138718316346035
64,Female,132/84,283,30.7,Yes,No,2,5,Home,1,0,0.439252791484756
58,Male,155/84,233,30.3,No,No,0,9,Home,1,0,0.40016035518409704
25,Other,133/97,218,27.4,No,No,8,4,Home,0,0,0.41489080996546823
33,Other,129/91,207,36.2,No,Yes,10,7,Rehab,0,1,0.5873204754181162
68,Other,138/84,220,36.5,Yes,No,4,2,Home,1,0,0.4331281248235503
45,Female,115/95,185,30.9,No,Yes,0,8,Home,0,0,0.43402085955866293
41,Male,124/85,154,21.2,Yes,No,7,1,Home,0,0,0.4354911951814055
81,Other,139/89,219,32.7,Yes,No,3,3,Home,0,0,0.4368736523753244
35,Male,144/86,214,19.5,Yes,Yes,6,9,Home,0,0,0.4795731052935431
26,Male,133/80,242,19.8,Yes,Yes,0,3,Home,0,0,0.49753451306659763
62,Other,119/88,246,21.0,No,Yes,7,10,Home,0,0,0.46845293784149705
35,Male,145/93,223,38.2,Yes,Yes,7,3,Home,0,0,0.4570132098572462
80,Other,149/71,168,39.9,No,Yes,1,5,Rehab,0,1,0.5756121148638874
25,Female,134/78,166,33.5,No,No,9,1,Home,0,0,0.38670107101471957
73,Female,143/88,241,28.6,No,No,10,9,Home,0,0,0.4045806466998146
63,Male,141/91,244,32.0,No,No,2,10,Home,1,0,0.3892215238083238
29,Female,159/75,297,25.4,Yes,No,5,10,Nursing_Facility,0,1,0.5880628006076049
47,Female,120/73,207,30.6,No,Yes,4,6,Home,0,0,0.4372675414758266
52,Male,137/97,242,30.1,Yes,Yes,2,7,Rehab,0,1,0.6334993861239426
26,Male,138/88,275,26.9,No,Yes,5,9,Home,0,0,0.4375880975235122
71,Other,131/98,172,34.6,Yes,Yes,0,1,Nursing_Facility,0,1,0.609758202007387
58,Other,140/96,212,22.6,No,No,8,6,Home,0,0,0.4286297728345821
89,Other,143/96,240,28.1,Yes,No,3,4,Home,1,0,0.45283240974098626
66,Other,143/77,249,24.6,No,Yes,3,8,Home,0,0,0.45583650383927343
27,Female,156/71,275,20.0,No,No,5,2,Home,0,0,0.42950336823579605
29,Other,138/77,294,20.3,Yes,No,10,3,Nursing_Facility,0,1,0.6146143754555453
61,Female,128/82,248,22.8,No,No,4,1,Home,0,0,0.42338428656913984
61,Male,119/71,278,36.7,Yes,Yes,9,6,Home,0,0,0.46831695858201267
43,Male,146/93,285,38.1,Yes,No,6,8,Home,0,0,0.4366491694289453
47,Female,110/95,163,37.5,No,No,5,4,Home,0,0,0.39800148843730426
77,Other,138/75,269,24.7,Yes,No,7,8,Home,0,0,0.44485633913094863
87,Female,138/81,227,21.2,No,No,3,4,Rehab,0,1,0.5855938321776345
55,Male,143/92,195,20.5,Yes,Yes,7,3,Home,0,0,0.4775967045546298
56,Male,143/76,260,25.1,Yes,No,4,5,Nursing_Facility,1,1,0.5867169027245834
20,Male,124/79,150,30.9,No,No,0,4,Home,0,0,0.39516296346572677
22,Other,135/88,280,39.9,No,Yes,3,4,Home,0,0,0.44305496357585505
52,Female,139/91,242,20.3,No,Yes,1,4,Home,0,0,0.46692044885192
26,Other,154/78,215,31.1,Yes,Yes,4,6,Rehab,0,1,0.6359377527255179
41,Other,129/88,208,29.3,Yes,No,0,8,Home,0,0,0.434435283849414
81,Male,148/76,150,37.6,Yes,Yes,4,4,Home,0,0,0.4450959516274449
90,Male,119/78,192,30.0,Yes,No,2,6,Home,0,0,0.4345846332831115
33,Female,112/90,206,22.1,Yes,No,0,3,Rehab,0,1,0.6144475819133655
47,Female,111/96,268,32.8,No,Yes,7,2,Home,1,0,0.44792235839642713
68,Other,154/80,183,29.1,No,No,2,10,Home,0,0,0.3876282332035079
32,Male,147/71,189,29.4,No,Yes,3,10,Nursing_Facility,1,1,0.5694812486537797
25,Female,137/80,223,19.9,Yes,Yes,5,5,Home,0,0,0.4883321278182991
37,Female,115/87,260,21.8,Yes,No,6,1,Rehab,1,1,0.6226475614427
39,Male,140/99,183,38.0,No,No,3,2,Home,0,0,0.381372465524583
42,Other,139/81,298,39.9,Yes,No,0,5,Home,0,0,0.4225325186323465
71,Other,128/83,192,33.2,No,No,10,2,Home,0,0,0.4122031157451259
85,Female,158/94,269,27.9,No,Yes,5,3,Nursing_Facility,0,1,0.5977371872046318
63,Male,135/90,261,21.1,Yes,No,0,10,Home,0,0,0.45207405525600564
26,Other,119/100,160,32.0,No,Yes,5,6,Nursing_Facility,0,1,0.5649261059198257
40,Other,117/92,293,27.4,Yes,No,10,2,Home,0,0,0.46638972550608526
54,Male,159/79,283,18.3,Yes,Yes,5,6,Nursing_Facility,1,1,0.6331929122616579
67,Female,147/93,282,20.6,Yes,Yes,3,9,Nursing_Facility,0,1,0.6283292785082238
75,Male,112/96,289,36.8,Yes,No,10,7,Home,0,0,0.4366177136141861
88,Other,146/77,252,25.2,Yes,No,6,5,Rehab,0,1,0.6125371551598754
83,Other,146/72,193,23.6,No,No,10,10,Home,1,0,0.4197024567732909
21,Other,134/95,208,22.2,No,No,9,7,Nursing_Facility,0,1,0.5688622708864002
41,Other,136/76,241,38.4,No,Yes,5,7,Rehab,1,1,0.5973405879947403
90,Other,117/82,162,30.0,No,No,10,8,Nursing_Facility,0,1,0.5434667720231752
85,Other,148/84,208,21.1,No,No,9,9,Nursing_Facility,0,1,0.5578897212553081
68,Other,112/71,293,38.2,No,No,2,10,Rehab,0,1,0.5541358206696805
72,Male,139/95,186,33.4,No,Yes,9,10,Home,0,0,0.4390161730604647
46,Male,127/77,279,34.3,Yes,No,8,5,Home,0,0,0.44949764660195324
69,Other,112/95,261,21.1,Yes,Yes,3,7,Home,0,0,0.4860965042741209
33,Female,150/93,171,24.2,No,Yes,5,6,Nursing_Facility,0,1,0.5729867690476986
54,Male,145/70,162,23.5,Yes,Yes,7,1,Rehab,1,1,0.6345145417877595
21,Female,132/90,166,23.8,No,No,7,2,Home,0,0,0.4037575943281388
66,Other,144/99,174,35.1,Yes,No,4,5,Home,0,0,0.42547101848048463
28,Other,152/85,292,33.9,No,Yes,7,5,Home,0,0,0.44652367041819496
46,Male,120/97,249,24.3,No,No,7,8,Nursing_Facility,0,1,0.5637554096559587
30,Male,137/88,250,30.7,Yes,No,1,6,Rehab,1,1,0.6195108076736354
40,Female,152/90,219,23.6,Yes,Yes,3,2,Home,0,0,0.47123762595071067
77,Female,123/100,220,19.7,No,No,10,7,Nursing_Facility,0,1,0.5591391715456749
18,Male,138/81,234,21.3,No,No,3,9,Rehab,0,1,0.5789366435923605
81,Male,129/82,229,30.7,No,No,6,5,Home,0,0,0.41024035846111173
64,Female,115/75,256,39.6,No,Yes,4,10,Home,0,0,0.4286295155566318
21,Male,120/73,223,35.8,No,No,2,5,Home,0,0,0.3945068975975509
32,Male,138/79,210,32.2,No,Yes,4,9,Home,0,0,0.42516308101791794
48,Male,135/94,250,23.7,Yes,No,6,9,Rehab,1,1,0.6042788620080942
76,Male,157/73,248,28.8,No,Yes,6,1,Home,0,0,0.4454803361213647
49,Female,113/97,260,18.5,Yes,Yes,4,6,Home,0,0,0.4893960360611252
48,Other,152/98,194,35.6,No,No,1,7,Rehab,0,1,0.5636466125501197
52,Female,160/92,197,23.9,No,No,5,6,Home,0,0,0.4067152298275405
20,Male,119/73,292,18.5,Yes,Yes,3,8,Home,0,0,0.49422177369292797
37,Male,133/96,172,27.4,Yes,Yes,7,7,Home,0,0,0.4682615306696673
33,Other,119/85,254,37.4,Yes,Yes,6,10,Nursing_Facility,0,1,0.5987185133246451
73,Male,126/84,254,33.9,No,No,5,6,Nursing_Facility,0,1,0.5519988123062838
31,Other,160/78,238,30.6,Yes,No,0,8,Home,0,0,0.4375707543229019
81,Male,123/78,298,34.8,Yes,Yes,10,7,Home,0,0,0.47577999750266187
79,Female,151/77,174,40.0,No,No,10,1,Home,0,0,0.3901259311472615
72,Male,120/95,220,19.2,No,Yes,9,5,Rehab,0,1,0.6244271210836795
25,Other,129/85,193,21.5,No,Yes,2,8,Rehab,0,1,0.605407485265484
18,Male,127/82,190,28.8,Yes,Yes,8,4,Home,0,0,0.4620769801936507
51,Male,118/82,248,24.1,Yes,No,5,7,Home,0,0,0.44252415504036646
72,Male,148/71,244,28.4,Yes,Yes,10,7,Home,0,0,0.481444348841902
74,Female,121/73,251,21.2,No,No,1,10,Rehab,0,1,0.5945001664273347
81,Female,116/88,297,31.4,No,No,7,6,Home,1,0,0.4129085901928714
80,Male,133/75,243,36.8,No,Yes,1,6,Home,0,0,0.42483145566725744
39,Other,155/71,248,31.0,No,No,10,5,Home,0,0,0.41244007343834593
30,Female,119/90,284,23.0,No,No,9,9,Home,0,0,0.4181469013548634
23,Other,143/97,188,21.1,No,Yes,6,3,Nursing_Facility,0,1,0.5927619326207216
53,Male,116/87,166,21.3,Yes,Yes,7,10,Home,1,0,0.48423439862834733
66,Male,157/75,256,27.3,Yes,Yes,7,4,Home,0,0,0.4900958696721074
28,Female,112/80,282,39.8,Yes,No,5,4,Home,0,0,0.4330393599219376
72,Other,136/73,162,38.0,Yes,Yes,5,10,Home,0,0,0.4541803181110722
29,Female,134/72,168,24.2,Yes,Yes,2,8,Home,0,0,0.4702587973206975
72,Other,155/100,181,32.0,Yes,Yes,8,4,Nursing_Facility,0,1,0.6096451469539599
56,Female,147/74,250,30.5,Yes,Yes,1,3,Home,0,0,0.48581882930552733
53,Female,124/76,211,22.9,No,No,4,1,Home,0,0,0.41944949042657403
78,Male,141/98,166,23.9,No,No,0,4,Rehab,0,1,0.5712394186085987
47,Female,158/76,270,32.7,No,Yes,9,9,Rehab,1,1,0.5962395957507715
73,Other,133/70,243,22.7,Yes,Yes,9,7,Nursing_Facility,1,1,0.6270869766310015
29,Male,148/75,282,20.2,Yes,Yes,7,7,Home,0,0,0.48487396719497544
38,Male,143/88,181,22.2,Yes,Yes,1,7,Home,0,0,0.46804499844885333
86,Female,129/81,232,26.3,Yes,No,4,2,Home,0,0,0.4523110001028493
42,Male,150/92,219,29.5,Yes,No,1,9,Rehab,0,1,0.5885873994459576
38,Male,138/79,204,36.2,Yes,No,0,8,Home,0,0,0.41772829520471977
44,Male,157/95,298,32.5,Yes,Yes,5,6,Home,0,0,0.4804886742638291
47,Male,125/86,237,26.6,Yes,Yes,7,1,Home,0,0,0.4863199050826506
20,Other,133/93,253,21.3,Yes,No,9,6,Home,0,0,0.4664709273710912
47,Male,159/70,222,37.8,No,Yes,3,5,Rehab,0,1,0.5722009541357191
61,Other,138/100,290,29.1,Yes,No,5,10,Rehab,1,1,0.6107312473733443
35,Other,116/84,241,26.0,Yes,Yes,9,1,Rehab,0,1,0.6459865300139994
51,Female,159/94,226,32.2,No,Yes,7,7,Home,0,0,0.4447861187785305
47,Other,142/82,231,35.7,No,No,4,8,Home,0,0,0.4011717884348616
56,Male,135/79,169,31.7,No,No,10,7,Home,0,0,0.39340509711115307
18,Female,123/89,272,30.5,Yes,No,3,7,Rehab,0,1,0.5950350480745648
76,Female,131/91,238,30.8,No,No,2,6,Home,0,0,0.40784454369797496
70,Other,142/88,203,20.2,Yes,No,7,4,Rehab,0,1,0.6124079569872273
86,Female,150/100,150,25.0,Yes,No,5,6,Rehab,0,1,0.6012914110806524
50,Female,115/85,295,20.8,Yes,No,10,8,Home,0,0,0.47272764318913285
19,Female,152/82,294,32.1,Yes,Yes,10,1,Home,0,0,0.4711324870931054
81,Female,148/88,162,33.6,Yes,Yes,9,8,Nursing_Facility,0,1,0.593051918279001
23,Other,125/78,226,30.6,No,No,9,3,Rehab,0,1,0.5769883873656768
31,Female,133/93,283,18.0,Yes,Yes,4,3,Home,0,1,0.5037815077781742
74,Male,127/82,223,21.2,No,Yes,9,3,Home,1,0,0.44682490868052627
18,Female,115/87,173,22.3,No,Yes,6,7,Rehab,0,1,0.6070192099610668
59,Other,126/92,271,37.4,Yes,Yes,8,4,Home,0,0,0.47794656233105604
45,Male,117/93,258,34.6,No,Yes,8,1,Rehab,0,1,0.5917606543055134
76,Female,151/73,242,35.0,Yes,Yes,8,8,Home,0,0,0.47221833145133135
65,Male,154/89,160,39.2,No,No,7,2,Home,0,0,0.3780760857390846
29,Female,154/84,287,20.7,No,No,5,10,Rehab,0,1,0.5799940614579268
73,Other,126/81,202,34.9,No,Yes,1,2,Home,0,0,0.4327949643170266
32,Male,111/89,274,29.9,No,Yes,4,7,Home,0,0,0.44157513650062685
85,Female,159/82,254,21.8,No,Yes,1,4,Home,0,0,0.4527801001479479
82,Male,115/76,280,36.1,No,No,0,4,Home,0,0,0.39719004224391646
50,Other,120/76,224,20.6,Yes,No,4,10,Home,0,0,0.45578395728096105
64,Male,125/91,280,23.4,Yes,Yes,8,5,Rehab,0,1,0.6523501718994525
25,Other,122/91,202,36.3,Yes,No,0,10,Home,1,0,0.4214477583865072
40,Male,155/85,239,30.0,Yes,Yes,3,8,Home,0,0,0.46204626766880824
67,Other,117/93,233,20.7,No,No,6,6,Rehab,0,1,0.5809575542928852
85,Male,143/82,268,25.0,No,Yes,9,3,Nursing_Facility,1,1,0.6069023932834011
56,Male,159/90,257,32.9,No,Yes,1,2,Rehab,0,1,0.597519983322208
42,Other,158/78,192,37.3,Yes,No,10,1,Nursing_Facility,0,1,0.5701998132231326
27,Male,127/80,276,24.2,Yes,Yes,9,4,Rehab,1,1,0.6506168237610785
18,Male,141/98,297,30.8,No,No,7,2,Home,0,0,0.4195843126770075
87,Female,142/88,280,19.5,No,No,3,5,Home,0,0,0.42286294832986376
84,Male,119/72,240,32.4,No,Yes,7,4,Home,0,0,0.4449376567614054
36,Other,155/87,216,20.3,Yes,No,10,10,Home,0,0,0.4555920159286559
76,Other,148/95,166,18.9,No,No,4,2,Home,0,0,0.42080329832744207
66,Female,113/80,181,35.4,Yes,Yes,7,1,Home,0,0,0.4734532505294522
50,Female,124/82,186,21.6,No,Yes,7,4,Rehab,0,1,0.604401993797434
48,Male,144/100,288,35.0,No,Yes,8,5,Home,0,0,0.43683468386264407
43,Female,117/91,290,36.6,Yes,Yes,1,5,Home,0,0,0.4772129333417084
60,Male,129/99,173,29.8,Yes,No,4,3,Home,0,0,0.42616924081797464
47,Male,125/91,256,38.3,No,Yes,3,2,Home,1,0,0.4338690422595332
76,Other,138/74,194,35.4,Yes,Yes,9,1,Nursing_Facility,0,1,0.60188419522152
86,Female,148/85,201,18.8,Yes,No,6,6,Home,0,0,0.45622369514046085
31,Male,141/94,215,29.4,No,No,2,8,Home,0,0,0.3930502132426144
27,Male,137/88,270,20.2,Yes,Yes,5,9,Home,0,1,0.5147146543976606
67,Other,114/75,228,22.6,Yes,No,4,9,Home,0,0,0.44914189769722346
20,Female,130/85,238,26.7,Yes,No,2,6,Rehab,0,1,0.5901827666226777
74,Female,149/91,187,37.9,No,Yes,8,1,Rehab,1,1,0.5808536404000121
32,Male,137/82,233,39.0,No,Yes,7,3,Home,0,0,0.4191990006111966
51,Other,118/93,277,27.3,Yes,No,3,5,Rehab,0,1,0.6051763734767573
88,Male,146/89,226,37.9,No,No,2,10,Home,0,0,0.4010324880894256
65,Male,138/78,186,24.5,No,Yes,0,10,Home,1,0,0.4286299124638896
47,Other,143/70,187,25.4,No,Yes,2,8,Home,0,0,0.43135767090210636
64,Female,113/89,172,39.3,Yes,Yes,3,10,Home,0,0,0.45930996225601556
41,Male,155/81,214,30.0,Yes,No,0,2,Nursing_Facility,0,1,0.5723983506876462
60,Female,122/85,170,25.9,Yes,No,5,9,Home,0,0,0.42778755994085127
23,Male,158/96,200,35.0,No,Yes,9,6,Nursing_Facility,0,1,0.5628106091767194
20,Male,156/73,242,31.5,No,No,5,7,Home,1,0,0.3924955380638456
53,Male,126/82,150,32.8,No,No,3,6,Home,0,0,0.3867821413825184
71,Female,157/86,179,35.7,No,Yes,6,1,Home,0,0,0.426817941623541
27,Female,143/91,257,18.3,No,No,9,2,Home,0,0,0.4251922044971679
39,Female,154/93,234,21.2,Yes,No,3,10,Nursing_Facility,0,1,0.5860466184404485
87,Male,156/90,260,18.3,Yes,Yes,4,10,Rehab,0,1,0.6604452233602689
23,Other,136/73,209,28.2,Yes,Yes,2,3,Rehab,1,1,0.6326491643000356
75,Other,137/86,153,19.4,Yes,No,9,2,Home,0,0,0.4661395485592397
51,Other,141/97,275,23.4,Yes,Yes,1,5,Home,0,0,0.4887646048309294
87,Male,133/70,231,30.0,No,Yes,4,9,Home,0,0,0.4300892016712042
84,Other,151/99,205,38.7,Yes,Yes,10,3,Nursing_Facility,0,1,0.6043089663184448
73,Female,147/96,167,28.8,Yes,Yes,8,7,Nursing_Facility,1,1,0.602092364068023
83,Female,148/70,175,38.6,No,No,1,7,Nursing_Facility,0,1,0.5265559094813268
49,Female,141/80,174,36.5,Yes,Yes,2,1,Home,0,0,0.4570802678317006
35,Other,126/73,198,33.8,Yes,No,2,7,Home,0,0,0.4289488030289005
26,Male,154/71,298,39.0,No,Yes,4,2,Home,0,0,0.4351639776803782
67,Female,143/94,263,26.4,No,No,5,7,Home,0,0,0.4021645466039184
88,Male,130/91,188,29.9,Yes,No,10,3,Home,0,0,0.4349089931436028
68,Female,112/95,227,33.5,Yes,No,6,2,Nursing_Facility,0,1,0.56805967357037
63,Male,146/95,285,25.5,Yes,Yes,10,3,Home,0,0,0.48921415024010084
44,Female,160/82,244,36.7,No,No,2,8,Home,0,0,0.390276958434839
74,Male,155/99,241,20.0,Yes,Yes,2,7,Home,0,0,0.49563107647600013
31,Female,115/99,247,18.8,No,Yes,1,3,Home,0,0,0.4497978516407042
45,Female,120/88,243,20.8,No,Yes,10,2,Home,0,0,0.4498029596216513
33,Other,149/74,156,22.4,Yes,Yes,2,6,Home,1,0,0.4714647331405613
26,Male,123/97,150,22.2,Yes,Yes,1,7,Rehab,1,1,0.6197985616063103
23,Other,114/71,205,29.5,No,No,1,5,Home,0,0,0.40242196451832896
22,Female,110/74,227,25.0,Yes,Yes,6,9,Home,0,0,0.48434250741609997
89,Female,152/95,263,39.0,Yes,Yes,2,8,Home,0,0,0.45708146650573517
81,Other,130/95,224,29.1,Yes,No,8,3,Rehab,0,1,0.6108630504477727
32,Female,142/70,284,33.6,No,No,1,7,Home,0,0,0.3970364147837805
31,Male,138/77,235,23.4,Yes,No,1,1,Home,0,0,0.4514449796659565
50,Male,134/100,290,22.1,No,No,7,5,Rehab,0,1,0.5871218202784515
88,Male,132/82,218,34.7,No,No,10,4,Rehab,0,1,0.5505644955531118
32,Other,137/80,243,20.1,Yes,No,5,2,Home,0,0,0.4636340110656011
44,Male,133/71,266,20.9,No,No,0,5,Home,0,0,0.4123264181571258
64,Other,121/70,273,30.8,No,No,9,5,Rehab,0,1,0.5677992741092894
86,Male,145/91,264,39.9,Yes,No,6,2,Nursing_Facility,0,1,0.5678543990543864
27,Male,113/85,187,30.6,No,Yes,0,3,Home,0,0,0.43041030521191526
65,Male,118/91,188,38.7,No,Yes,5,9,Home,0,0,0.4220434669702021
47,Male,116/98,249,24.6,Yes,Yes,3,3,Rehab,0,1,0.6347740155504099
40,Other,151/70,206,23.2,No,Yes,9,7,Home,0,0,0.45716325959487886
35,Other,111/74,241,33.5,Yes,No,5,10,Home,0,0,0.43349920945815135
76,Female,123/93,271,28.5,Yes,Yes,9,7,Home,0,1,0.5008777999041041
26,Female,145/97,258,29.9,Yes,No,5,10,Home,0,0,0.44630589733603887
25,Male,150/75,260,22.8,No,No,9,7,Rehab,0,1,0.5861370413947968
19,Other,123/99,184,20.8,No,Yes,2,3,Home,0,0,0.4596570925700922
49,Female,155/77,225,23.4,No,Yes,7,1,Rehab,0,1,0.6085865484591257
90,Female,158/71,201,33.7,No,No,3,6,Home,0,0,0.3939711028951139
76,Other,149/86,175,32.5,No,No,8,1,Home,1,0,0.41845057679059544
49,Male,139/85,167,22.5,No,No,6,9,Home,0,0,0.40240589324553927
65,Male,116/84,224,34.8,No,Yes,0,6,Home,0,0,0.4260824283793137
86,Male,137/87,220,37.3,Yes,Yes,4,8,Rehab,1,1,0.6228042043593308
59,Male,111/99,192,18.8,Yes,Yes,8,9,Home,0,0,0.48641162393244036
62,Other,129/90,286,34.7,Yes,Yes,10,4,Home,0,0,0.4823734000194855
50,Male,110/80,261,24.8,No,Yes,7,9,Rehab,0,1,0.6108707242525435
18,Male,130/83,296,30.8,No,Yes,2,10,Rehab,0,1,0.5880857143264392
33,Female,112/97,272,28.9,No,Yes,9,10,Rehab,1,1,0.6030861167704799
62,Other,115/85,280,23.0,No,Yes,1,4,Home,0,0,0.4704030249928675
48,Other,153/77,234,32.9,Yes,No,7,1,Home,0,0,0.43839885298991277
74,Male,124/92,234,31.0,Yes,No,2,4,Rehab,1,1,0.605321317145881
46,Male,116/72,167,39.8,No,No,9,3,Home,0,0,0.3922516739728325
79,Female,114/94,194,30.9,No,Yes,2,4,Home,0,0,0.42596543815013854
84,Male,120/98,293,36.6,No,No,10,5,Home,0,0,0.40837547480645053
62,Male,125/92,205,22.9,No,Yes,0,6,Home,0,0,0.44165565578952726
23,Female,131/82,165,21.0,No,Yes,3,2,Home,0,0,0.437950691696247
28,Female,147/99,207,23.7,Yes,No,1,4,Home,0,0,0.44460913131131624
89,Male,114/80,238,21.9,Yes,Yes,5,3,Home,0,0,0.4918278055453226
24,Female,143/70,261,18.0,No,Yes,9,2,Rehab,0,1,0.6108203640998179
85,Female,139/79,285,31.0,No,Yes,5,2,Home,0,0,0.44490773096406167
21,Female,114/97,288,35.2,No,Yes,2,6,Rehab,0,1,0.5930758955481243
26,Other,119/95,210,27.3,No,Yes,9,10,Home,1,0,0.44958879889098924
86,Male,151/77,198,18.2,Yes,No,0,4,Home,0,0,0.4522927411861256
19,Female,112/83,288,25.1,Yes,No,4,10,Nursing_Facility,0,1,0.5914162516131055
73,Other,156/81,245,20.9,Yes,No,6,4,Rehab,0,1,0.6119904884362639
66,Other,142/81,273,37.7,Yes,Yes,10,1,Home,0,0,0.4775079478922154
74,Male,118/73,293,37.8,Yes,No,8,4,Home,0,0,0.4423812518896591
36,Male,160/97,196,22.9,Yes,Yes,8,1,Home,0,0,0.4973615403564646
34,Other,116/92,224,21.4,Yes,Yes,10,8,Rehab,0,1,0.6487172982584654
70,Male,156/91,207,28.9,Yes,Yes,6,2,Nursing_Facility,0,1,0.6062384085731101
51,Other,143/99,279,23.6,No,Yes,3,5,Home,0,0,0.44919145422545953
56,Female,112/99,204,36.3,No,No,7,6,Home,0,0,0.3874274281331495
64,Male,137/84,246,19.5,No,No,0,10,Nursing_Facility,0,1,0.5675466144832059
71,Female,126/73,230,23.3,Yes,No,3,4,Home,0,0,0.447185707818724
53,Female,129/76,215,26.0,Yes,No,0,8,Rehab,1,1,0.5943747385837386
28,Other,147/90,197,39.6,Yes,No,9,2,Home,0,0,0.4200179462454133
26,Male,135/89,179,31.8,Yes,No,2,6,Rehab,0,1,0.574412741070914
39,Female,130/80,242,33.2,No,Yes,7,1,Nursing_Facility,0,1,0.5735553452747539
20,Other,155/99,151,21.6,No,Yes,6,2,Home,0,0,0.4560970558841616
71,Other,148/81,229,31.7,No,No,1,4,Nursing_Facility,0,1,0.5440034312885371
85,Other,131/75,272,25.7,Yes,No,10,9,Rehab,0,1,0.6247242312505275
54,Female,140/96,206,28.9,No,No,5,1,Home,0,0,0.4137053759257089
44,Male,123/99,231,38.0,No,Yes,5,3,Home,0,0,0.4345334097504782
77,Other,120/79,178,37.5,No,No,5,2,Rehab,0,1,0.55987236508571
72,Female,133/86,241,39.5,No,Yes,1,10,Home,0,0,0.41271235801602185
25,Female,129/99,160,29.6,No,Yes,9,3,Rehab,1,1,0.5864106996811693
75,Female,152/78,165,21.6,Yes,Yes,1,6,Home,0,0,0.4709259114128898
70,Female,141/81,161,39.8,No,Yes,6,6,Home,0,0,0.41979213546853283
53,Other,133/94,226,30.6,Yes,No,7,1,Nursing_Facility,1,1,0.5840574348408821
60,Other,136/83,242,25.9,Yes,Yes,9,3,Home,0,0,0.49589244534596216
38,Other,137/85,155,34.5,No,Yes,4,2,Home,0,0,0.4380284400704791
54,Female,139/77,191,28.6,Yes,No,3,2,Rehab,1,1,0.5857379059178432
28,Other,158/90,254,23.3,Yes,No,2,8,Home,0,0,0.45664614885234966
83,Other,150/98,300,25.5,Yes,Yes,3,10,Home,1,0,0.48810318416184884
24,Other,159/81,270,23.0,No,No,8,8,Home,0,0,0.432647953982203
82,Male,129/94,295,27.1,Yes,Yes,7,5,Home,0,0,0.4958861314007738
40,Other,131/73,216,32.4,No,No,10,6,Home,0,0,0.4056934376360773
73,Male,122/95,266,29.4,No,Yes,4,5,Rehab,0,1,0.6013949367261711
89,Female,116/73,289,33.5,No,No,8,9,Rehab,0,1,0.5696504831985508
73,Male,140/93,291,28.2,No,No,8,4,Home,0,0,0.42280821950323083
71,Male,156/99,172,32.8,No,Yes,3,5,Home,0,0,0.4284324979565279
83,Male,123/89,196,28.6,No,No,9,10,Home,0,0,0.39756135133426407
77,Male,110/88,295,37.8,Yes,No,7,1,Home,0,0,0.4290915406454745
28,Male,120/86,171,30.9,No,No,8,6,Home,0,0,0.4006962571034818
61,Other,130/84,176,36.4,No,No,4,5,Rehab,0,1,0.5475060029923675
90,Female,113/98,227,38.4,Yes,Yes,6,1,Home,0,0,0.4613145348142445
28,Male,126/95,161,38.5,No,No,10,6,Rehab,0,1,0.5567483086474139
83,Female,129/91,205,31.0,Yes,Yes,4,2,Home,0,0,0.4665116976824068
51,Male,129/89,246,38.7,Yes,Yes,2,9,Home,0,0,0.4630318932501208
74,Female,134/81,277,28.9,Yes,Yes,3,4,Home,0,0,0.48214525777729694
52,Male,116/88,271,22.0,Yes,Yes,10,2,Rehab,0,1,0.6491341194129372
25,Other,141/74,258,24.9,Yes,No,7,2,Home,0,0,0.461065998434267
45,Other,140/98,259,35.7,Yes,No,5,7,Rehab,0,1,0.5980773578956913
37,Other,137/75,163,18.5,No,Yes,8,5,Home,0,0,0.45194498319589266
41,Female,140/84,294,27.0,No,Yes,7,2,Home,0,0,0.4462066541703432
87,Female,130/89,213,29.5,Yes,No,3,7,Rehab,1,1,0.5982749009656885
89,Female,131/76,251,37.1,Yes,No,2,1,Home,0,0,0.43294999770805587
68,Other,127/91,293,21.4,No,Yes,7,5,Home,0,0,0.4681114252855363
60,Male,127/94,201,21.0,Yes,Yes,0,7,Home,0,0,0.48242701803213267
80,Male,131/85,219,37.3,No,No,0,4,Home,0,0,0.3804771102318773
38,Other,120/80,272,22.3,No,Yes,3,2,Nursing_Facility,0,1,0.6051798144584173
90,Other,112/99,259,23.6,Yes,No,9,7,Home,0,0,0.45507359124296404
77,Female,117/77,283,27.0,No,Yes,6,4,Home,0,0,0.4663349567529127
29,Other,148/99,190,29.7,Yes,Yes,4,1,Home,0,0,0.47865316370681077
18,Female,140/99,179,33.4,No,Yes,0,5,Home,0,0,0.418762774849219
56,Female,149/84,166,32.2,No,Yes,5,6,Rehab,0,1,0.5860417804140247
79,Female,135/73,170,34.5,Yes,Yes,4,7,Home,1,0,0.48883553058755824
66,Other,135/76,256,18.6,Yes,No,8,2,Nursing_Facility,0,1,0.6023565874884809
37,Male,150/77,206,35.8,Yes,Yes,3,2,Rehab,0,1,0.6121392808691721
75,Female,124/93,218,21.3,Yes,Yes,5,10,Home,0,0,0.4847968704733194
25,Other,146/96,230,38.8,Yes,No,3,9,Home,0,0,0.4426231276971787
66,Female,141/79,265,37.4,Yes,Yes,1,5,Home,1,0,0.4555686548495594
63,Female,137/70,239,34.6,No,Yes,3,4,Home,0,0,0.4448664005650236
78,Other,126/98,250,18.8,Yes,No,0,7,Rehab,0,1,0.6195888350454652
62,Female,137/79,253,23.2,Yes,No,0,6,Home,0,0,0.4536882439052263
64,Male,134/80,234,34.3,Yes,No,6,10,Home,0,0,0.43121845597005565
52,Male,144/83,236,26.7,Yes,Yes,6,3,Home,0,0,0.4924284684544813
24,Male,129/82,234,22.8,No,No,2,4,Nursing_Facility,0,1,0.5597916876016271
31,Female,153/75,208,26.5,No,Yes,9,1,Home,0,0,0.45542699334511205
68,Male,154/97,247,32.6,No,Yes,1,6,Home,0,0,0.43044519266599385
26,Male,120/97,153,31.9,No,No,9,9,Home,0,0,0.3988383588123308
34,Male,155/95,282,21.4,Yes,No,1,4,Home,0,0,0.45018256758718034
63,Female,137/95,249,25.6,Yes,No,7,2,Home,0,0,0.462089377925238
45,Female,158/98,159,38.5,Yes,No,4,6,Home,0,0,0.4139848477469482
25,Female,145/96,169,38.2,Yes,No,3,5,Home,0,0,0.4236886439722942
50,Male,119/78,300,25.3,Yes,Yes,5,9,Home,0,0,0.48805379986761194
54,Female,135/94,177,38.8,Yes,No,7,8,Home,0,0,0.4161200802397983
54,Female,140/83,155,24.7,Yes,No,10,2,Nursing_Facility,0,1,0.5754051007216082
42,Female,122/80,258,26.5,Yes,Yes,5,4,Nursing_Facility,0,1,0.6186625144233715
47,Female,123/89,278,23.3,Yes,No,5,7,Home,0,0,0.4498363938500813
27,Other,126/96,208,28.5,Yes,No,2,2,Home,0,0,0.4384521472103766
69,Male,111/78,245,35.5,No,Yes,9,2,Home,0,0,0.44335203794394384
19,Female,111/98,249,27.9,Yes,Yes,2,3,Rehab,0,1,0.6319787773233942
28,Other,159/84,240,30.7,Yes,No,0,7,Nursing_Facility,0,1,0.5845675902966336
79,Other,112/95,288,24.6,No,Yes,2,2,Home,0,0,0.4517445398854957
60,Other,145/97,228,23.6,No,Yes,0,2,Nursing_Facility,0,1,0.6007149609505462
25,Other,110/98,232,30.8,No,No,9,10,Rehab,0,1,0.562146923390265
39,Female,148/89,167,26.7,No,No,4,5,Home,0,0,0.3954199302189121
72,Male,132/79,247,29.9,No,Yes,6,2,Home,0,0,0.43382447106957145
48,Female,114/80,191,38.9,No,No,6,2,Rehab,0,1,0.5515642574177532
27,Male,158/95,194,18.8,Yes,Yes,0,1,Home,0,0,0.481544991517342
84,Male,144/85,272,37.7,Yes,Yes,6,4,Home,0,0,0.4631064233192794
66,Other,152/93,154,28.3,No,Yes,8,7,Home,0,0,0.4353563765088745
62,Other,116/72,290,39.1,Yes,No,3,7,Rehab,0,1,0.6049749985573191
75,Other,132/81,150,30.6,No,Yes,9,7,Rehab,0,1,0.5986615910045209
85,Other,122/91,283,20.6,Yes,No,0,9,Home,0,0,0.4589832375712294
67,Male,130/86,166,29.8,No,No,9,6,Nursing_Facility,0,1,0.5336987792900443
70,Female,135/92,281,36.5,No,Yes,5,6,Home,0,0,0.4330547312928114
88,Female,157/98,168,24.2,No,No,7,8,Rehab,0,1,0.5652752408463727
83,Other,146/73,232,22.8,Yes,No,3,10,Home,0,0,0.46923005567279696
19,Other,134/94,208,29.2,No,No,4,3,Nursing_Facility,0,1,0.5446593783318098
32,Other,159/94,229,32.1,Yes,No,8,7,Rehab,0,1,0.609897311520765
78,Female,122/83,169,27.8,No,Yes,0,10,Nursing_Facility,0,1,0.566603876927384
86,Female,154/87,199,31.8,No,No,5,7,Home,0,0,0.4060835499243356
52,Male,157/92,250,30.6,Yes,No,5,6,Rehab,0,1,0.6033010203781952
46,Female,125/81,152,23.0,No,No,5,7,Home,0,0,0.4051004579738835
32,Other,113/82,151,18.4,Yes,No,0,1,Home,0,0,0.45293140828202133
81,Male,122/89,214,37.3,No,No,6,9,Home,0,0,0.3872990226314559
49,Male,152/78,180,22.2,Yes,No,1,3,Home,1,0,0.43622204265198056
20,Other,126/86,287,37.0,No,No,10,5,Rehab,0,1,0.5677790225830958
75,Other,160/99,298,29.4,No,Yes,5,1,Home,0,0,0.4644261664561264
89,Female,135/85,150,29.6,Yes,Yes,0,7,Home,0,0,0.4680505304525634
25,Male,128/85,177,33.2,Yes,Yes,7,6,Home,0,0,0.45972083757654003
73,Female,147/86,250,20.3,Yes,No,9,8,Home,0,0,0.461359376368897
79,Female,139/100,286,21.0,No,Yes,3,7,Home,0,0,0.45342205436361593
60,Other,122/79,184,21.0,Yes,No,4,10,Home,0,0,0.4487028943165558
55,Male,159/79,273,19.5,No,Yes,3,1,Nursing_Facility,0,1,0.5985461729295694
89,Male,122/91,182,36.3,Yes,No,9,9,Home,1,0,0.4194297795226748
89,Other,115/96,229,26.6,No,Yes,0,5,Nursing_Facility,0,1,0.5896553016687671
51,Female,147/84,259,37.0,Yes,No,2,3,Home,1,0,0.4261386370537779
54,Other,126/81,242,25.0,No,Yes,6,1,Nursing_Facility,1,1,0.595912361148239
53,Other,146/94,269,25.8,No,No,0,5,Home,1,0,0.4160588826437405
29,Male,136/82,279,28.8,No,No,0,1,Home,0,0,0.4041746452607899
86,Male,114/86,275,28.5,No,Yes,10,5,Nursing_Facility,0,1,0.5922354677230992
77,Other,147/79,235,37.2,Yes,No,0,5,Home,0,0,0.436080586797326
79,Male,132/77,230,22.7,No,No,6,3,Home,0,0,0.422425775522086
21,Male,140/83,198,36.6,Yes,No,5,8,Home,0,0,0.4129689123641802
82,Other,131/76,224,34.3,No,Yes,2,1,Rehab,0,1,0.5976164195003851
50,Other,160/91,234,37.5,Yes,No,1,4,Nursing_Facility,0,1,0.5747387648790082
33,Female,111/98,191,18.4,Yes,No,9,7,Home,0,0,0.44948543648274775
52,Other,122/92,192,39.6,No,No,3,7,Rehab,0,1,0.5430348679451527
26,Other,134/77,176,30.0,No,No,1,5,Home,0,0,0.40477307099812626
48,Other,113/98,202,30.7,Yes,Yes,10,9,Home,1,0,0.4716110729103697
76,Male,114/83,185,25.3,No,No,3,3,Home,0,0,0.4130290832341862
59,Other,117/88,188,32.7,Yes,No,8,8,Rehab,0,1,0.6020279010592154
25,Female,148/80,189,37.3,No,No,10,5,Home,0,0,0.3954303600706019
34,Male,155/70,194,34.7,Yes,Yes,3,10,Nursing_Facility,0,1,0.6008987240592727
46,Female,113/78,262,28.8,No,No,10,9,Home,0,0,0.41248665464703405
82,Male,126/98,191,36.7,No,No,1,2,Home,0,0,0.3883414796132501
89,Male,137/78,264,19.9,No,Yes,8,5,Home,0,0,0.4630812932379391
76,Other,138/75,200,22.1,No,Yes,7,7,Rehab,0,1,0.5991102555462463
37,Male,114/93,225,33.8,Yes,No,9,3,Nursing_Facility,0,1,0.5749062404061276
38,Male,110/81,225,27.3,Yes,Yes,4,8,Home,0,0,0.462283131156811
75,Other,130/97,237,36.4,Yes,Yes,2,4,Home,0,0,0.47060433438633703
67,Other,139/73,225,20.7,No,No,2,8,Home,0,0,0.41839626605871305
57,Male,132/70,209,26.6,No,Yes,10,5,Home,0,0,0.4469386801174311
72,Male,150/92,205,36.2,No,No,4,1,Home,0,0,0.39019998102239556
51,Other,123/97,161,37.4,Yes,Yes,6,7,Home,0,0,0.45048719637254564
62,Other,142/84,264,25.0,Yes,Yes,7,5,Home,0,0,0.4917829472392759
32,Other,154/100,193,24.4,No,No,4,10,Home,0,0,0.39914969964275837
68,Female,116/81,268,19.4,No,Yes,7,2,Rehab,0,1,0.6238285546993664
22,Female,156/73,174,28.4,Yes,Yes,5,6,Home,1,0,0.45885996659579614
51,Male,129/83,271,25.1,Yes,Yes,2,8,Rehab,0,1,0.63186314981402
20,Female,112/84,163,33.6,No,Yes,9,7,Home,0,0,0.4329838575099799
22,Male,140/74,180,23.3,Yes,No,4,8,Home,0,0,0.4391106706957371
38,Female,139/90,170,20.9,Yes,Yes,10,1,Rehab,0,1,0.6337505684494364
46,Female,152/100,223,28.8,Yes,Yes,3,2,Home,0,0,0.46857250388852245
75,Male,141/89,222,39.4,Yes,No,4,2,Home,0,0,0.4305430869504602
79,Male,155/75,163,18.1,Yes,Yes,4,3,Home,0,0,0.4763904653441097
33,Female,115/100,243,31.5,No,No,5,9,Rehab,0,1,0.5610997645540846
90,Other,118/90,242,38.5,Yes,Yes,0,5,Home,0,0,0.4624578958451067
81,Female,129/76,183,35.3,No,No,10,4,Rehab,0,1,0.5500893947992237
86,Female,147/76,230,27.9,No,No,0,7,Home,0,0,0.3995696816015382
36,Other,144/85,240,28.1,Yes,No,4,7,Rehab,0,1,0.6014972097048108
44,Male,114/79,227,35.4,Yes,Yes,2,8,Rehab,0,1,0.6199758447908419
70,Male,149/87,205,32.8,No,Yes,1,8,Home,0,0,0.4235305635134674
28,Other,123/76,284,39.7,No,No,2,6,Home,0,0,0.390673971446057
30,Female,142/90,224,34.6,Yes,Yes,1,3,Home,0,0,0.4623225568535642
22,Female,141/76,225,34.0,Yes,No,9,8,Home,0,0,0.4399272990614338
68,Female,111/84,197,22.8,No,No,4,4,Home,0,0,0.40455862686770294
82,Male,126/95,290,27.8,No,No,6,5,Home,0,0,0.43086935194173254
58,Male,144/85,207,24.0,Yes,Yes,5,2,Nursing_Facility,0,1,0.6151504454947465
83,Other,128/79,223,34.7,Yes,No,2,5,Rehab,0,1,0.5918314344699792
53,Female,114/100,201,18.1,No,Yes,1,3,Nursing_Facility,1,1,0.5898775753712616
49,Other,151/84,237,26.9,No,Yes,6,5,Home,0,0,0.4470887084490115
59,Male,113/87,171,24.4,Yes,Yes,2,9,Home,0,0,0.46469489166767164
30,Other,143/94,188,26.5,No,Yes,0,5,Home,0,0,0.4283260909189301
67,Other,156/96,251,29.7,Yes,No,8,1,Home,0,0,0.44586978695120594
23,Male,123/80,255,39.6,No,Yes,1,8,Home,0,0,0.4143093799348454
42,Other,113/86,279,34.3,No,Yes,0,4,Home,0,0,0.4348813335370855
82,Male,142/91,230,30.1,No,No,3,8,Nursing_Facility,0,1,0.556453804971106
56,Female,154/90,300,37.4,No,Yes,4,7,Home,0,0,0.432514977244054
74,Female,158/96,207,38.4,Yes,Yes,9,4,Rehab,1,1,0.6156896768260514
32,Female,122/77,281,39.2,Yes,Yes,6,1,Rehab,1,1,0.621621474590007
51,Male,150/77,237,19.0,Yes,No,1,7,Home,0,0,0.44622189676695606
49,Other,142/95,208,39.6,Yes,No,0,9,Home,0,0,0.4274069556716619
84,Male,129/94,154,31.7,No,No,3,3,Rehab,0,1,0.5606716289844852
22,Female,122/80,285,23.0,Yes,No,6,2,Home,0,0,0.4541006992104699
63,Other,116/100,292,19.9,Yes,Yes,9,6,Rehab,0,1,0.6643662578390691
53,Other,130/96,237,21.4,Yes,No,1,9,Home,0,0,0.4705708605911467
74,Male,128/87,284,28.7,No,Yes,0,9,Rehab,0,1,0.5996067734613759
48,Other,118/75,194,30.6,Yes,No,6,3,Nursing_Facility,0,1,0.5770761808616757
87,Male,110/82,246,39.3,Yes,Yes,6,5,Home,0,0,0.4476086322339994
60,Female,137/86,238,37.9,Yes,Yes,1,8,Nursing_Facility,0,1,0.6097582178153067
33,Other,119/92,259,24.7,Yes,No,9,8,Home,0,0,0.4494225772245305
29,Male,120/71,267,26.2,No,Yes,6,10,Home,1,0,0.43169546248675417
38,Female,138/99,296,38.1,No,No,0,5,Home,0,0,0.39072349843262727
65,Male,123/81,288,27.7,No,No,10,7,Home,0,0,0.4297136677195402
18,Female,147/83,204,39.8,Yes,Yes,8,6,Home,0,0,0.45726872190573836
22,Female,125/70,257,20.1,No,Yes,5,3,Rehab,0,1,0.6273956036201699
90,Other,148/70,161,33.7,No,No,0,7,Home,0,0,0.3971912002996593
39,Female,122/94,228,29.8,Yes,Yes,7,5,Rehab,0,1,0.6358533400309592
67,Other,142/71,272,23.8,Yes,No,2,6,Home,0,0,0.4485983199858257
79,Male,128/94,197,19.7,Yes,Yes,3,2,Home,0,0,0.4768667874413429
87,Other,114/73,209,32.0,No,No,0,1,Rehab,0,1,0.5593820219663461
80,Other,128/99,219,27.5,Yes,Yes,10,1,Home,0,0,0.48943064176680195
54,Female,127/73,282,27.4,No,No,6,5,Home,1,0,0.4218997636275185
30,Male,139/100,291,34.4,No,No,1,4,Home,0,0,0.39656311658507515
34,Male,115/90,201,28.4,Yes,Yes,9,1,Nursing_Facility,0,1,0.6142724801446393
83,Other,113/71,298,39.0,No,Yes,7,7,Home,0,0,0.44183325596576384
86,Female,158/94,259,24.1,No,Yes,6,7,Home,0,0,0.4601772982669247
51,Other,131/72,226,33.0,No,Yes,4,3,Home,0,0,0.44211611856012994
49,Other,129/72,295,37.9,No,Yes,8,4,Home,0,0,0.4463892589916004
28,Male,126/84,170,24.3,Yes,No,3,5,Home,0,0,0.44680820007634764
66,Other,120/91,210,24.2,Yes,No,1,7,Home,0,0,0.4470217460061251
76,Other,139/94,198,33.4,Yes,Yes,9,6,Home,0,0,0.4750576228559213
18,Other,144/82,267,28.8,Yes,Yes,5,2,Home,0,0,0.4798796469598821
63,Female,129/85,287,23.7,No,No,8,8,Home,0,0,0.42036565945808857
42,Female,133/87,277,37.8,Yes,No,1,7,Home,0,0,0.42412661818834124
66,Male,152/97,213,34.2,No,No,1,8,Home,0,0,0.39933095172310423
57,Female,138/72,216,27.7,Yes,Yes,4,5,Nursing_Facility,0,1,0.6086954244761765
32,Male,140/83,240,19.6,Yes,No,2,5,Home,1,0,0.4446088602026036
22,Male,146/82,263,25.5,No,No,5,4,Nursing_Facility,0,1,0.5615033782945058
58,Female,117/96,272,35.9,Yes,Yes,8,8,Home,1,0,0.46622376886560996
44,Male,146/72,299,26.8,Yes,No,1,5,Home,0,0,0.45163146852506636
61,Male,130/71,203,32.9,Yes,No,2,4,Home,0,0,0.43155196308328325
23,Male,121/96,294,21.0,Yes,Yes,6,6,Home,0,0,0.4826874095265765
56,Male,154/75,192,25.1,No,No,8,4,Nursing_Facility,0,1,0.5552203779277345
45,Female,124/72,199,31.6,Yes,Yes,6,8,Home,0,0,0.4681317115911873
28,Female,119/85,236,39.7,No,Yes,5,7,Home,0,0,0.4131355801632693
48,Male,123/90,200,18.9,No,No,1,10,Rehab,0,1,0.5644492776025243
81,Other,113/75,209,36.6,No,No,10,2,Home,0,0,0.40545256126738866
23,Male,132/72,199,24.6,Yes,Yes,7,1,Rehab,0,1,0.6378652944492177
47,Female,115/80,225,18.6,Yes,No,10,5,Home,0,0,0.45876230909687915
31,Female,117/94,267,29.6,No,No,3,1,Home,0,0,0.4113291581541292
69,Male,128/79,257,32.1,Yes,Yes,3,6,Home,0,0,0.46685709782025786
40,Male,120/78,178,33.9,No,Yes,5,9,Home,1,0,0.4235188343599473
52,Female,147/78,289,26.9,No,Yes,7,5,Home,0,0,0.44742645597608494
74,Other,131/94,259,33.3,No,No,2,3,Home,0,0,0.40097798548809044
82,Other,158/74,190,35.3,No,Yes,7,3,Rehab,0,1,0.5948713119221677
20,Female,141/75,260,18.6,No,Yes,4,3,Home,0,0,0.45532468612801885
78,Other,157/86,190,36.9,Yes,Yes,7,6,Nursing_Facility,0,1,0.6052327118437822
82,Female,121/82,299,26.1,Yes,Yes,10,9,Home,0,0,0.49307636591328585
56,Male,146/99,156,25.7,No,Yes,1,8,Rehab,0,1,0.5888255207664695
57,Other,142/93,263,33.5,Yes,Yes,8,8,Nursing_Facility,0,1,0.612049563080199
47,Other,156/72,264,34.8,Yes,No,9,5,Home,1,0,0.4555491084200796
90,Other,131/80,157,38.2,Yes,No,1,8,Home,0,0,0.42427202037620243
54,Male,120/70,247,19.5,No,No,5,9,Home,1,0,0.4214291350583667
51,Other,135/78,207,20.3,No,No,4,9,Home,0,0,0.4285983287656641
58,Female,132/94,202,32.6,No,No,5,6,Home,0,0,0.3966465425295149
32,Other,111/76,263,24.8,Yes,Yes,1,9,Home,0,0,0.4778325800696904
21,Other,146/84,251,34.2,Yes,No,8,1,Home,0,0,0.4425500071268573
47,Male,113/96,232,31.1,No,No,6,1,Rehab,0,1,0.5697232758874738
32,Female,122/73,244,36.4,Yes,Yes,4,8,Home,0,0,0.4667555048292697
90,Female,123/85,281,18.7,No,No,9,3,Home,0,0,0.4385363497822124
90,Male,155/74,155,19.8,No,Yes,8,8,Home,0,0,0.455193023763382
87,Female,136/82,273,30.9,No,No,3,3,Home,0,0,0.40518239303955056
67,Female,117/92,152,26.6,Yes,No,0,4,Home,0,0,0.43929699654128573
49,Male,144/81,213,20.4,No,Yes,9,7,Home,0,0,0.45024002416147463
34,Male,141/72,283,37.4,No,No,6,9,Home,0,0,0.39245837706254777
26,Female,129/76,281,24.6,No,Yes,10,5,Home,0,0,0.4502567786525768
19,Female,111/95,251,26.7,Yes,Yes,8,7,Home,0,0,0.4762805251983088
52,Female,158/74,153,31.6,Yes,No,0,5,Home,0,0,0.425822944218809
41,Female,133/95,182,28.9,No,No,7,8,Home,0,0,0.3956017790749081
54,Other,148/100,257,33.9,No,Yes,7,3,Home,0,0,0.4446082560885848
66,Male,156/84,216,32.2,Yes,Yes,4,8,Home,0,0,0.46722408520729847
48,Female,127/86,203,27.2,No,No,7,6,Home,0,0,0.40364844066479105
73,Other,160/72,253,27.5,Yes,No,2,1,Home,0,0,0.4486034151269706
65,Male,113/95,189,22.0,No,No,4,7,Rehab,0,1,0.5691853809972357
41,Female,129/99,202,25.3,No,Yes,3,1,Home,1,0,0.4376106084822837
54,Female,123/84,245,21.1,No,No,7,8,Home,0,0,0.4112981639385124
81,Other,151/76,249,34.8,Yes,No,8,6,Home,0,0,0.44787908964215634
23,Other,130/80,168,23.5,No,No,6,4,Home,0,0,0.4069970094966078
83,Female,159/72,219,28.5,No,Yes,9,9,Home,0,0,0.45034452762679017
21,Male,133/72,235,31.2,Yes,No,4,2,Nursing_Facility,0,1,0.5740776081282087
82,Other,145/90,216,38.8,Yes,No,10,2,Home,0,0,0.4321570584968406
42,Male,123/72,275,21.2,Yes,Yes,6,8,Home,0,1,0.5020566992468986
83,Female,128/83,188,18.5,No,No,2,2,Home,0,0,0.42509734563861046
76,Female,159/79,182,35.3,No,No,1,10,Home,0,0,0.3864368028231255
80,Male,149/97,169,36.6,Yes,No,6,10,Nursing_Facility,0,1,0.5613213568493999
60,Male,135/91,218,26.2,No,Yes,7,2,Home,1,0,0.4404072384336929
61,Female,112/77,239,39.1,No,Yes,10,1,Home,0,0,0.4320386549738233
56,Female,138/83,164,22.2,Yes,Yes,6,6,Home,0,0,0.4856706302742795
50,Female,129/97,207,34.3,No,Yes,2,8,Home,0,0,0.42000294520408177
82,Male,148/78,225,36.4,Yes,No,3,7,Rehab,1,1,0.5858002208034851
65,Female,148/97,158,29.6,No,Yes,9,2,Rehab,0,1,0.5832583340669026
52,Male,150/98,196,36.0,Yes,No,1,2,Home,0,0,0.41876660352211115
30,Other,112/93,252,37.8,No,Yes,5,4,Home,0,0,0.43797858146674135
51,Male,154/76,297,30.2,No,No,2,9,Home,0,0,0.42292490837027696
36,Female,147/90,163,28.8,No,No,2,9,Nursing_Facility,0,1,0.5264570938493469
59,Other,156/70,221,21.4,Yes,Yes,10,6,Home,0,1,0.510704771013828
81,Other,117/87,259,28.2,Yes,No,10,1,Home,0,0,0.4605320572363471
43,Female,122/94,163,20.3,No,Yes,1,8,Rehab,0,1,0.6047486636038398
70,Male,121/99,184,19.7,No,Yes,9,8,Home,1,0,0.44584244899317427
38,Other,125/82,225,20.0,Yes,No,6,4,Nursing_Facility,0,1,0.6067022950110486
36,Male,128/87,212,19.0,Yes,No,6,9,Home,0,0,0.44791186010616346
56,Male,136/91,286,27.8,No,Yes,6,9,Home,0,0,0.4516774850916585
86,Female,148/81,204,20.0,Yes,Yes,8,5,Home,0,0,0.4845825013879738
59,Other,115/88,176,38.4,Yes,Yes,6,8,Home,0,0,0.44787714919164295
35,Other,122/91,300,22.1,Yes,No,6,1,Home,0,0,0.46354918635234754
89,Male,110/80,159,32.5,No,No,4,3,Home,0,0,0.39714125371449616
52,Male,140/93,192,29.9,No,Yes,1,9,Home,0,0,0.43456795157011213
39,Female,134/92,281,21.3,Yes,No,3,6,Home,0,0,0.4554950037128286
27,Male,121/82,167,22.2,Yes,No,2,1,Home,0,0,0.44342663995285864
65,Other,145/89,264,33.8,Yes,Yes,2,6,Home,0,0,0.47108258753848425
33,Female,148/86,244,25.7,No,No,5,10,Home,0,0,0.4059226947359429
31,Male,110/83,214,35.7,Yes,No,7,1,Home,0,0,0.4280167025619056
29,Other,160/85,209,36.6,No,No,4,3,Home,0,0,0.3946514631164852
63,Other,124/76,267,34.4,Yes,No,7,1,Home,0,0,0.4508704061570648
67,Female,113/95,261,23.0,No,No,7,9,Home,0,0,0.41975135496855853
31,Female,119/88,280,23.3,Yes,No,1,5,Home,0,0,0.46238617759057365
89,Male,139/79,172,21.8,Yes,No,5,7,Home,0,0,0.4409955203588505
71,Other,121/98,289,23.8,Yes,Yes,7,2,Home,0,1,0.5002273282564793
83,Male,112/83,193,38.0,Yes,Yes,9,7,Home,0,0,0.45772132386690206
60,Other,147/86,190,32.9,Yes,No,4,10,Rehab,0,1,0.5950910298537607
35,Male,131/76,258,35.8,No,No,10,6,Home,0,0,0.39897038089887166
63,Female,110/73,207,21.0,Yes,Yes,4,3,Home,0,0,0.49219521743422373
21,Other,110/89,175,21.8,Yes,No,1,9,Home,0,0,0.45464792166288365
71,Male,112/85,265,26.5,Yes,Yes,9,4,Nursing_Facility,0,1,0.6208284386963525
47,Other,160/95,181,28.3,Yes,Yes,6,1,Home,0,0,0.46724263006690675
73,Male,131/78,187,34.2,Yes,Yes,0,4,Home,0,0,0.4577069588205463
26,Female,115/94,234,35.0,Yes,Yes,10,9,Rehab,0,1,0.6276971009836145
84,Other,135/79,196,27.7,No,No,1,9,Nursing_Facility,0,1,0.5465994723095654
68,Male,150/87,239,20.7,No,Yes,4,7,Home,0,0,0.4485717561770417
49,Female,112/93,284,20.1,No,No,7,10,Home,0,0,0.42860414901950733
59,Female,111/92,226,30.5,Yes,No,0,5,Home,1,0,0.4416712692307847
27,Male,158/72,208,32.9,Yes,No,8,2,Home,0,0,0.43493752770823313
44,Other,150/83,252,29.7,Yes,No,1,4,Home,0,0,0.4384859575769099
71,Male,158/85,253,25.9,No,Yes,2,10,Home,0,0,0.44598716397949417
79,Female,153/87,285,29.7,No,No,9,10,Home,0,0,0.40972256077413793
26,Male,116/76,253,38.7,Yes,Yes,5,8,Home,0,0,0.4521067786478537
59,Male,147/91,257,33.5,Yes,No,3,8,Home,0,0,0.43916989334124545
71,Female,122/73,274,19.9,No,No,1,5,Home,1,0,0.42899721176150185
90,Male,126/97,294,20.4,No,Yes,10,10,Home,0,0,0.4756921299160562
44,Male,133/86,160,32.5,Yes,No,10,7,Home,0,0,0.41642331556022055
48,Female,114/94,254,23.3,Yes,Yes,0,4,Home,0,0,0.4775682280249565
52,Male,151/79,240,38.7,Yes,No,7,5,Home,1,0,0.4236513231448668
83,Male,112/92,237,36.6,Yes,Yes,1,4,Home,0,0,0.45601977166324636
49,Other,151/86,171,22.5,No,No,8,3,Home,0,0,0.41238431775266676
50,Other,157/71,241,35.7,Yes,No,8,6,Home,0,0,0.4271729152830033
35,Female,114/86,180,29.1,Yes,Yes,7,9,Home,0,0,0.4691218901546214
89,Female,128/81,214,25.7,Yes,Yes,7,4,Home,0,0,0.48117171689163185
45,Other,115/92,177,39.9,No,No,4,9,Nursing_Facility,0,1,0.5226304033225847
62,Other,156/94,178,39.8,Yes,Yes,4,10,Home,0,0,0.46277862373920764
77,Male,150/90,171,29.5,No,No,6,2,Nursing_Facility,0,1,0.5555848316253436
81,Male,160/99,217,35.3,No,No,2,5,Home,0,0,0.4009253884757741
79,Male,159/86,248,39.2,No,Yes,2,7,Home,0,0,0.423151779254781
81,Male,118/76,218,21.4,Yes,No,10,8,Nursing_Facility,0,1,0.5839212105229988
87,Female,159/76,203,24.5,Yes,No,7,1,Home,0,0,0.445264532185623
73,Female,123/84,225,24.9,Yes,Yes,2,1,Rehab,0,1,0.6309189998157005
37,Other,157/82,293,31.3,Yes,Yes,2,2,Home,0,0,0.48264492066221165
22,Male,126/95,219,36.2,Yes,No,2,4,Home,1,0,0.4392638226905118
81,Female,144/97,277,22.1,No,No,7,5,Rehab,0,1,0.5913822607693855
32,Male,119/100,297,18.9,Yes,Yes,2,6,Home,0,0,0.48759312253260995
41,Other,140/82,238,37.0,No,Yes,10,10,Home,1,0,0.43614750369332456
80,Other,124/90,300,19.7,No,Yes,6,7,Home,0,0,0.46745333885076873
74,Male,144/71,163,39.5,Yes,No,0,10,Home,0,0,0.4265757224438858
29,Female,134/84,175,36.8,No,No,9,1,Home,1,0,0.39873746542572763
25,Female,121/71,206,38.8,No,Yes,9,5,Home,0,0,0.4295679575849253
79,Male,117/84,287,31.5,Yes,Yes,1,4,Home,0,0,0.4717497278708558
64,Male,138/93,170,25.2,No,Yes,4,4,Home,0,0,0.42254045010140767
63,Male,151/86,181,19.2,No,Yes,1,10,Home,0,0,0.43877336455881255
32,Other,116/85,221,29.6,No,No,4,10,Home,0,0,0.39827752940834593
53,Other,155/81,230,35.4,Yes,Yes,7,4,Home,0,0,0.4695540439158753
65,Female,111/98,173,20.3,No,Yes,4,6,Rehab,1,1,0.6022786561892743
44,Other,121/88,280,37.5,Yes,No,7,3,Home,0,0,0.4404174656455141
88,Other,137/99,207,33.1,Yes,Yes,10,8,Home,0,0,0.4831295411969215
34,Other,141/88,211,35.6,Yes,Yes,2,2,Rehab,0,1,0.635511966723999
89,Other,124/73,214,36.3,Yes,Yes,4,7,Home,0,0,0.45721281165474165
36,Male,150/81,157,19.8,No,No,8,4,Home,0,0,0.40967455509197087
88,Other,143/99,186,39.7,Yes,Yes,9,3,Home,0,0,0.45291588037209907
80,Other,117/74,278,40.0,No,Yes,9,7,Nursing_Facility,0,1,0.577741623538148
69,Male,137/75,284,33.7,No,No,3,3,Home,0,0,0.4031556488592863
52,Other,112/84,227,36.7,Yes,No,7,8,Home,0,0,0.442431858990648
78,Male,144/90,189,21.7,Yes,Yes,10,10,Rehab,0,1,0.6307273429607714
65,Male,110/86,228,22.9,Yes,No,3,4,Home,0,0,0.4563347061888937
42,Other,158/98,277,36.4,Yes,No,5,8,Home,0,0,0.4369030626966425
23,Male,130/99,239,23.0,No,No,3,5,Home,0,0,0.4204109374210576
87,Other,136/88,267,32.9,No,No,5,6,Nursing_Facility,0,1,0.5531094013809448
86,Other,154/98,198,25.0,No,Yes,10,10,Home,0,0,0.45353763699851735
48,Male,110/74,185,25.4,No,No,4,10,Home,1,0,0.4076908086899474
29,Male,115/100,151,25.4,Yes,Yes,2,9,Home,0,0,0.4640889070526151
80,Female,133/75,276,23.2,No,Yes,10,3,Home,1,0,0.4576498135937979
34,Male,129/70,217,32.7,Yes,No,2,5,Home,0,0,0.4334930694402638
31,Other,154/73,265,37.6,Yes,Yes,2,7,Rehab,0,1,0.6315329465967149
47,Female,152/91,219,25.2,No,Yes,8,8,Home,0,0,0.43691764670447103
75,Female,119/85,284,26.3,No,Yes,8,5,Rehab,0,1,0.6032433604002553
47,Male,128/84,229,20.4,Yes,No,4,10,Home,0,0,0.43852772250246924
88,Other,147/94,154,21.4,No,No,9,5,Nursing_Facility,0,1,0.5685411548267627
35,Male,145/91,225,23.8,No,Yes,7,10,Home,0,0,0.4399811899631233
19,Other,113/76,214,37.0,Yes,No,4,3,Home,1,0,0.4339882072310824
68,Other,158/93,252,36.7,No,Yes,2,1,Home,0,0,0.4367028202807919
49,Female,133/100,167,24.0,Yes,No,4,10,Home,0,0,0.42721062843772134
59,Female,117/97,165,29.6,Yes,Yes,2,10,Home,0,0,0.4636556113724141
25,Other,157/79,160,24.7,No,Yes,9,9,Home,0,0,0.44870805295390476
65,Male,123/81,280,37.7,Yes,No,2,4,Home,0,0,0.4454268454402486
43,Other,142/91,205,27.1,No,No,5,2,Nursing_Facility,0,1,0.5673905733590029
38,Female,138/84,231,24.3,No,No,0,3,Home,0,0,0.4095783474905619
74,Other,141/84,194,20.1,No,Yes,9,1,Rehab,1,1,0.6167582338544854
54,Male,126/78,259,28.9,Yes,No,5,7,Home,0,0,0.4545307028077805
79,Other,139/99,153,28.9,No,No,10,4,Rehab,0,1,0.5724357609827941
35,Female,145/78,167,35.3,No,Yes,9,4,Rehab,0,1,0.5993018154268206
36,Male,117/70,189,23.1,Yes,Yes,8,7,Home,0,0,0.47117704847094355
44,Other,126/91,279,31.7,Yes,Yes,9,8,Home,0,0,0.49480419215160265
84,Other,137/98,226,21.7,No,Yes,5,4,Home,0,0,0.4703253381652554
69,Male,147/87,285,27.6,No,No,10,4,Home,0,0,0.4215801972472789
81,Male,115/74,296,31.5,No,Yes,10,5,Home,0,0,0.4508572413096742
80,Male,117/79,289,31.2,No,No,4,3,Home,0,0,0.408337295781672
68,Other,157/87,257,18.8,No,No,0,10,Home,0,0,0.42938588105161213
57,Female,149/86,271,36.1,No,Yes,6,9,Home,0,0,0.4476970110692065
33,Male,143/83,171,24.2,Yes,Yes,4,4,Nursing_Facility,0,1,0.6146456275264613
24,Female,116/72,288,23.1,No,Yes,4,4,Rehab,0,1,0.6226589435405956
37,Male,130/94,176,38.1,Yes,Yes,0,2,Home,0,0,0.46351832312481533
50,Male,116/77,228,32.7,No,Yes,9,7,Home,0,0,0.4290302376810299
57,Male,147/97,256,23.1,No,Yes,6,6,Rehab,0,1,0.6346427509548933
45,Other,142/100,295,21.0,Yes,No,4,10,Home,0,0,0.4506811150997247
60,Male,133/87,197,23.1,Yes,No,9,8,Rehab,1,1,0.5980007271493429
32,Female,121/83,198,26.7,No,No,10,4,Home,0,0,0.3980846778514782
60,Male,122/84,167,31.1,Yes,No,1,10,Nursing_Facility,0,1,0.5719415632700405
84,Female,147/85,196,28.8,Yes,No,4,9,Home,0,0,0.4368716292831661
38,Other,157/82,270,20.5,No,Yes,5,9,Rehab,0,1,0.6179944441794507
67,Female,119/97,256,21.6,Yes,No,9,6,Home,0,0,0.45987218641702726
30,Other,157/72,230,32.8,No,No,4,7,Nursing_Facility,0,1,0.5351665829472335
55,Female,115/91,258,19.4,No,Yes,3,5,Nursing_Facility,1,1,0.6004888471314498
89,Female,156/84,155,34.0,No,No,10,7,Home,0,0,0.3950925023516879
51,Other,124/97,193,23.9,No,Yes,2,3,Home,0,0,0.458067549859143
88,Other,111/80,235,28.8,No,No,7,7,Home,0,0,0.4209687963368412
68,Female,159/78,267,27.3,No,Yes,10,5,Rehab,0,1,0.617408585711606
46,Male,115/98,193,30.2,Yes,Yes,2,5,Nursing_Facility,0,1,0.6001396961558616
80,Other,118/75,233,35.7,No,Yes,10,10,Home,0,0,0.43256142271334724
31,Male,152/100,274,23.7,Yes,Yes,1,4,Home,0,0,0.47845039199703543
85,Male,155/70,188,36.3,Yes,No,2,2,Home,0,0,0.4288982831537447
40,Male,115/91,297,34.7,No,No,6,9,Home,0,0,0.4047704508137099
47,Female,157/83,193,28.9,No,Yes,8,1,Home,1,0,0.43494294361889924
19,Male,110/93,239,22.0,No,Yes,6,5,Home,0,0,0.46516680586910764
50,Female,118/83,247,22.0,No,Yes,8,10,Home,0,0,0.4611737231353508
30,Female,158/90,177,39.3,Yes,No,5,10,Home,1,0,0.4175462104153706
62,Male,126/82,259,31.2,No,Yes,10,7,Home,0,0,0.43952545995321235
44,Male,113/78,172,30.1,Yes,No,4,4,Home,0,0,0.4309040303997581
56,Female,114/81,204,33.4,Yes,No,6,4,Rehab,0,1,0.5935629802300908
64,Female,114/85,184,32.5,No,No,7,1,Rehab,0,1,0.5619464069761865
48,Other,158/91,223,25.2,Yes,No,10,6,Home,1,0,0.4503675600869847
77,Male,149/78,257,21.9,No,No,4,1,Rehab,0,1,0.5796260975460421
43,Female,150/73,286,22.5,Yes,Yes,0,9,Home,0,1,0.5071894297645866
77,Female,141/82,295,25.7,Yes,No,0,1,Home,0,0,0.44629692373331226
27,Other,160/75,247,19.9,Yes,No,7,9,Home,0,0,0.4619884760526206
24,Other,122/92,156,36.2,Yes,No,2,8,Home,0,0,0.41645535939392997
33,Other,141/80,202,32.2,No,Yes,5,2,Home,0,0,0.43839211978311965
82,Other,113/93,178,33.7,No,Yes,4,1,Home,0,0,0.42372755306348914
85,Female,149/86,226,38.0,No,No,4,4,Home,0,0,0.4081547937519802
36,Other,116/92,297,25.3,Yes,Yes,10,1,Home,0,0,0.49951454176547005
50,Female,158/81,185,26.1,Yes,Yes,10,5,Home,0,0,0.47125265333311595
39,Other,158/78,291,23.7,Yes,Yes,7,6,Nursing_Facility,1,1,0.6316656111102639
56,Female,118/94,221,20.9,No,Yes,5,10,Home,0,0,0.43833279171387746
22,Male,140/84,178,25.8,Yes,Yes,8,4,Home,0,0,0.46467836129091306
78,Male,117/90,226,28.3,No,Yes,9,5,Home,0,0,0.43579968864467056
25,Male,114/95,178,39.4,Yes,Yes,1,4,Nursing_Facility,0,1,0.5942404788374225
64,Other,140/80,175,21.7,No,Yes,0,5,Home,0,0,0.450345802934529
90,Other,145/74,251,30.6,Yes,No,0,10,Home,0,0,0.45984553815739215
27,Other,111/88,214,26.1,Yes,No,2,8,Home,0,0,0.4409062839674544
50,Other,139/80,175,34.0,No,No,8,1,Home,0,0,0.39830971860459474
62,Other,144/95,226,23.9,Yes,Yes,6,10,Home,0,0,0.483970229452914
25,Male,119/81,300,21.6,No,Yes,3,10,Home,0,0,0.4576850053588971
53,Male,115/80,244,25.9,Yes,No,9,10,Home,0,0,0.4453873138421424
74,Male,146/82,295,39.0,Yes,Yes,10,3,Home,0,0,0.477845321206006
87,Female,150/87,226,24.3,No,Yes,3,3,Nursing_Facility,0,1,0.5865831302771564
82,Other,153/74,274,28.6,No,No,8,8,Home,0,0,0.42150089934255375
76,Male,143/94,159,22.7,Yes,No,6,1,Rehab,1,1,0.5900806708827634
66,Male,119/76,220,33.3,No,No,3,8,Home,0,0,0.38806965770319546
69,Male,118/88,212,38.4,Yes,No,1,3,Home,0,0,0.4182863285504036
44,Female,129/100,244,26.8,Yes,Yes,6,5,Rehab,0,1,0.6589562630288881
31,Female,147/86,164,39.2,No,Yes,3,1,Rehab,0,1,0.578973618169795
86,Male,111/99,252,28.4,Yes,Yes,10,3,Home,0,0,0.484540092960515
66,Other,124/98,230,30.2,Yes,No,1,8,Home,1,0,0.432665670176239
67,Other,160/94,150,24.1,No,Yes,4,9,Home,0,0,0.44153062536213566
83,Female,123/76,185,23.6,No,Yes,8,8,Home,1,0,0.43485070648072144
45,Male,117/97,150,24.1,Yes,No,1,2,Home,0,0,0.43705340922443603
40,Male,138/79,203,35.8,No,Yes,3,1,Rehab,1,1,0.582068268390183
30,Female,157/76,259,21.5,Yes,Yes,8,1,Home,0,0,0.49896974983595654
56,Male,157/92,282,29.1,No,Yes,0,4,Rehab,1,1,0.6076460318462886
56,Female,155/92,216,36.4,Yes,No,2,10,Home,0,0,0.42335562181273195
64,Other,160/92,155,18.6,No,Yes,9,3,Home,0,0,0.4526283609631744
67,Female,152/84,197,18.5,No,No,1,1,Home,0,0,0.41059610673463653
37,Male,118/82,292,30.8,Yes,Yes,10,4,Nursing_Facility,0,1,0.6153231050413277
59,Male,155/90,157,23.3,No,Yes,7,8,Home,0,0,0.44429592351455455
37,Other,119/96,297,37.7,No,Yes,0,8,Rehab,0,1,0.5886634308727214
69,Female,144/86,190,34.2,Yes,Yes,1,8,Home,0,0,0.45522861009988064
73,Female,152/85,239,33.7,Yes,Yes,2,10,Rehab,1,1,0.624445701198482
83,Female,137/72,169,35.5,No,No,3,7,Home,0,0,0.38144508664047716
51,Other,140/73,220,35.1,Yes,No,1,5,Home,0,0,0.43433667087633304
22,Male,113/72,289,33.3,Yes,Yes,5,9,Home,0,0,0.4712371893410777
77,Other,110/90,271,36.3,No,Yes,5,3,Home,0,0,0.44626868171812284
67,Other,140/91,284,31.2,Yes,Yes,3,1,Rehab,0,1,0.6465734216744493
60,Male,159/96,293,27.6,No,Yes,1,8,Home,0,0,0.4463053055177834
28,Female,140/86,177,37.3,Yes,Yes,5,1,Home,0,0,0.4545802053196853
32,Male,124/84,190,32.4,No,No,3,1,Nursing_Facility,0,1,0.5349632721554186
43,Female,160/81,181,24.8,No,No,0,1,Home,0,0,0.4033650564104513
84,Female,147/74,216,33.2,Yes,No,0,4,Nursing_Facility,1,1,0.584331226368895
22,Other,118/71,195,36.8,Yes,Yes,9,2,Home,0,0,0.4540289021146689
89,Male,149/97,278,38.3,No,No,10,6,Home,0,0,0.4017234391513669
85,Male,158/84,247,38.8,No,No,10,6,Nursing_Facility,0,1,0.5328410199816698
38,Other,159/75,224,29.8,No,Yes,3,8,Home,0,0,0.4364100402586906
41,Other,151/79,155,28.7,Yes,No,5,8,Home,0,0,0.43244124492421165
54,Other,158/98,212,30.2,Yes,Yes,4,2,Rehab,1,1,0.6328453165182666
75,Other,133/75,243,33.7,Yes,Yes,5,2,Nursing_Facility,1,1,0.6153024829073412
75,Female,145/84,157,39.2,No,Yes,3,8,Rehab,0,1,0.5818986574865715
76,Male,132/70,266,21.0,No,Yes,10,6,Home,0,0,0.46323537938507725
27,Other,139/99,228,18.0,No,No,4,2,Home,1,0,0.4346848924531439
75,Female,132/75,198,21.9,No,Yes,8,3,Home,0,0,0.45905802827619135
24,Male,154/84,221,34.4,No,Yes,3,5,Home,0,0,0.42447243660366724
61,Other,147/96,171,27.7,No,No,9,5,Home,0,0,0.40205157929838636
89,Female,122/90,222,38.2,No,Yes,0,1,Home,0,0,0.42592402529780704
23,Other,154/82,183,24.7,Yes,No,4,7,Rehab,0,1,0.5937707731674743
43,Male,112/77,210,20.6,No,No,1,8,Nursing_Facility,0,1,0.5532229772095131
35,Male,114/83,226,38.7,No,No,1,5,Home,0,0,0.3943592717652859
69,Female,160/87,258,33.8,Yes,No,7,9,Home,0,0,0.4258582705160489
71,Other,118/90,278,39.4,Yes,Yes,9,1,Rehab,1,1,0.6291362447267798
88,Other,115/89,166,23.2,Yes,No,10,2,Home,0,0,0.4456154706265349
76,Other,129/83,229,35.1,Yes,No,4,9,Home,0,0,0.42846780632559894
75,Male,123/71,272,29.0,Yes,No,5,6,Home,1,0,0.43429236340284316
42,Male,148/74,223,35.8,No,No,5,3,Rehab,0,1,0.5514863755349153
34,Other,156/86,210,26.7,No,Yes,10,5,Home,0,0,0.45046703827995044
73,Other,138/85,273,35.3,No,Yes,7,4,Home,1,0,0.44002361431253556
35,Male,131/93,290,19.8,No,No,6,8,Rehab,0,1,0.5960290696472391
38,Female,138/94,174,37.3,Yes,Yes,0,6,Rehab,1,1,0.6238034968162246
71,Female,136/80,276,34.7,Yes,Yes,10,2,Home,0,0,0.4860464148655579
29,Female,130/100,295,35.0,No,Yes,9,6,Rehab,0,1,0.6008928703319811
78,Female,119/83,222,32.1,No,No,1,7,Rehab,0,1,0.5881756610568067
27,Other,114/98,204,34.8,No,Yes,7,6,Nursing_Facility,0,1,0.5755033948682629
37,Male,130/78,222,27.0,No,No,7,8,Home,1,0,0.40320289128678166
74,Male,139/94,286,29.4,No,Yes,1,8,Home,0,0,0.4452215258077541
46,Other,156/70,155,30.5,Yes,No,9,6,Home,1,0,0.45265937870689954
70,Other,125/82,212,22.5,No,Yes,1,10,Home,0,0,0.45622105113153505
28,Male,142/82,259,29.2,Yes,No,2,5,Home,1,0,0.44101411695532283
88,Female,144/78,168,37.4,No,No,9,4,Home,0,0,0.39073052525341423
26,Other,154/81,179,37.5,No,No,9,1,Home,0,0,0.4008594193347965
41,Female,122/85,216,23.2,No,No,7,6,Home,0,0,0.40518129222566845
33,Male,138/78,288,30.2,Yes,No,1,3,Nursing_Facility,0,1,0.5770528472795233
82,Male,149/99,297,35.1,No,No,5,2,Home,0,0,0.40259885251990524
55,Female,160/89,252,32.9,No,No,6,7,Home,0,0,0.39448304413921265
36,Female,133/81,247,29.9,Yes,Yes,9,10,Home,0,0,0.464425763865716
61,Female,116/92,180,37.0,Yes,Yes,7,3,Rehab,1,1,0.6178781155937357
27,Other,159/93,200,31.6,Yes,No,10,4,Home,0,0,0.4383189110035717
71,Male,140/89,231,25.0,Yes,No,3,10,Home,0,0,0.4356288830441673
44,Female,149/92,202,33.9,No,No,1,8,Home,0,0,0.3912799032643505
88,Other,112/85,297,25.1,No,No,0,5,Rehab,0,1,0.581371173417113
24,Male,158/85,174,32.5,Yes,Yes,7,3,Home,0,0,0.4642714201852103
54,Male,113/76,166,22.2,Yes,No,10,10,Home,0,0,0.4442402971910196
65,Male,128/71,157,24.5,No,No,5,6,Rehab,0,1,0.555951988503576
47,Female,117/89,296,29.4,Yes,Yes,2,4,Nursing_Facility,1,1,0.6173200922708636
62,Female,110/77,293,34.8,No,Yes,6,9,Rehab,1,1,0.5934414388070782
25,Female,111/71,167,34.2,Yes,No,9,5,Home,0,0,0.42156608885053193
54,Female,117/84,200,23.4,No,No,7,10,Home,0,0,0.4054717337934105
55,Other,150/85,264,29.8,No,Yes,1,7,Rehab,0,1,0.5975626668501207
87,Other,153/89,284,35.0,Yes,Yes,4,3,Home,0,0,0.4774476392828855
74,Female,141/98,259,20.9,No,Yes,2,1,Home,0,0,0.4662853164724646
72,Female,141/95,259,27.4,No,Yes,3,2,Home,0,0,0.4520776755849027
82,Male,148/78,281,38.1,Yes,Yes,7,6,Nursing_Facility,0,1,0.6077289622011217
47,Male,160/88,198,22.6,Yes,No,2,3,Rehab,0,1,0.601569364787161
86,Female,116/72,231,32.6,Yes,No,2,2,Home,0,0,0.4459428410196441
58,Female,110/85,160,18.2,Yes,No,1,6,Home,0,0,0.44964206745861945
63,Female,146/71,265,39.3,No,Yes,2,10,Home,0,0,0.43206075274965683
40,Male,135/98,181,24.5,Yes,No,10,2,Nursing_Facility,0,1,0.5850373011052846
87,Other,127/70,297,39.7,No,No,1,10,Rehab,0,1,0.552057131240114
82,Female,146/100,190,31.3,No,Yes,9,5,Rehab,0,1,0.5955195317084715
54,Female,127/96,227,25.8,No,No,3,8,Rehab,0,1,0.5764918753529888
87,Male,113/88,289,29.2,No,Yes,6,2,Home,0,0,0.43955916621599805
49,Other,147/91,260,26.1,No,Yes,10,10,Home,0,0,0.45975509486007476
43,Other,158/93,186,25.1,Yes,No,0,5,Nursing_Facility,0,1,0.583520449690054
39,Male,120/77,232,21.2,Yes,No,5,9,Home,0,0,0.4476998219044888
42,Male,110/79,275,33.8,Yes,Yes,10,1,Nursing_Facility,1,1,0.624054221268462
52,Male,110/92,188,28.0,Yes,Yes,4,5,Rehab,0,1,0.6331463152647363
36,Other,139/96,179,24.2,No,No,9,6,Home,0,0,0.43223203596814574
48,Other,139/84,187,39.5,Yes,No,8,6,Home,0,0,0.4308920424040893
45,Female,146/81,150,31.4,No,No,6,10,Home,1,0,0.3966470534160513
78,Female,150/89,230,32.2,No,No,2,2,Home,0,0,0.394226873045217
25,Female,159/95,287,31.8,No,Yes,2,7,Home,0,0,0.4383856926147863
20,Female,115/72,227,39.2,No,Yes,9,6,Home,0,0,0.4386501460939238
50,Other,136/77,252,22.4,Yes,No,5,6,Rehab,0,1,0.6087024376686437
74,Male,118/95,246,28.8,No,Yes,5,9,Rehab,1,1,0.597258245465753
89,Female,125/83,295,25.8,No,Yes,3,4,Home,1,0,0.4565676806612733
72,Other,143/95,189,38.3,No,No,9,2,Home,0,0,0.391547956669941
58,Male,141/81,169,21.3,No,No,8,4,Home,0,0,0.41478889868485574
34,Other,136/83,212,34.9,Yes,Yes,3,4,Home,0,0,0.4733578488994081
29,Female,111/95,183,34.2,No,No,4,7,Nursing_Facility,0,1,0.5268594583371663
19,Female,121/83,157,37.7,Yes,Yes,1,10,Home,0,0,0.43595445638215635
38,Female,153/82,222,24.4,No,Yes,5,10,Home,0,0,0.4470958535101827
75,Other,146/82,267,24.3,Yes,No,9,5,Rehab,0,1,0.6266007333942353
31,Other,111/70,283,23.8,Yes,Yes,3,5,Home,0,1,0.5063458137002418
47,Other,144/99,271,23.2,No,No,10,6,Rehab,0,1,0.5825848115948908
38,Male,117/73,186,32.7,No,No,3,9,Nursing_Facility,0,1,0.520229501674611
81,Female,123/72,200,21.3,No,No,8,3,Nursing_Facility,0,1,0.5715223800297572
58,Other,133/82,169,25.4,No,No,2,2,Home,0,0,0.40631857603384225
55,Male,135/90,291,24.9,No,Yes,3,1,Home,0,0,0.455096678155447
25,Male,134/72,279,26.2,Yes,No,5,10,Rehab,0,1,0.6047109355018967
27,Male,151/99,235,24.1,Yes,No,1,4,Home,0,0,0.4410363114053959
37,Female,158/94,273,25.0,No,No,8,5,Home,0,0,0.4263543102584365
28,Male,116/81,220,26.4,No,Yes,6,10,Home,0,0,0.4405862916657216
88,Male,110/85,216,35.7,Yes,Yes,7,8,Home,0,0,0.46555642527390506
39,Male,132/93,181,25.5,No,Yes,8,7,Home,0,0,0.4370862443788229
81,Male,150/79,252,28.7,Yes,Yes,3,9,Home,0,0,0.4811704562664631
72,Male,158/72,289,18.4,No,Yes,0,5,Home,0,0,0.46355518358218656
44,Female,141/84,168,38.6,No,No,3,6,Home,0,0,0.3814403110516558
28,Male,157/94,154,34.6,Yes,No,1,2,Home,0,0,0.4247251819011884
38,Other,136/77,169,38.6,No,Yes,4,3,Home,1,0,0.414484283454851
26,Female,114/86,181,23.3,No,No,9,3,Rehab,0,1,0.5726557829334685
51,Other,135/79,251,26.2,No,Yes,0,2,Home,0,0,0.45019872367054836
70,Female,142/82,280,21.7,Yes,No,10,5,Rehab,1,1,0.6213063423721149
60,Other,123/95,152,24.9,No,No,9,6,Home,0,0,0.4109951699228012
85,Male,114/92,212,28.3,No,No,9,5,Home,0,0,0.4030353637446448
79,Other,129/79,173,25.4,No,Yes,3,3,Home,0,0,0.4607805039277818
27,Female,150/72,224,30.7,Yes,Yes,8,4,Home,1,0,0.49056564983540335
86,Male,129/83,186,38.0,No,No,7,3,Home,0,0,0.38263181300579474
71,Other,147/74,217,20.4,No,Yes,1,8,Home,1,0,0.46599936576694134
90,Male,115/79,226,24.2,No,No,7,8,Nursing_Facility,0,1,0.5448949841192042
71,Female,154/71,263,22.0,Yes,Yes,6,5,Home,0,0,0.4951477602886567
61,Other,148/93,275,39.8,Yes,Yes,2,10,Nursing_Facility,0,1,0.6042013346655642
50,Female,141/81,289,29.5,No,No,10,9,Home,0,0,0.41752154383219403
18,Other,159/86,251,37.4,Yes,Yes,3,2,Home,0,0,0.4684520939689387
64,Male,128/71,157,38.9,No,No,0,1,Home,0,0,0.3756332999282682
27,Male,111/87,224,23.8,No,No,4,10,Home,0,0,0.4028496886652592
21,Male,143/94,251,29.2,No,Yes,7,8,Home,0,0,0.426450503716666
67,Other,143/100,192,30.4,Yes,No,1,3,Home,0,0,0.4328992732093401
83,Male,116/91,255,24.1,Yes,Yes,8,4,Home,0,0,0.4771839486972427
20,Other,149/91,292,27.4,No,Yes,3,6,Home,0,0,0.44883743818187993
50,Male,142/92,286,24.5,No,No,2,6,Home,1,0,0.41263188492171343
29,Male,149/73,190,29.5,No,Yes,9,7,Home,0,0,0.4307658002989689
26,Male,130/91,213,19.1,No,Yes,3,3,Rehab,1,1,0.606711863328099
51,Other,131/93,190,34.4,No,Yes,7,2,Nursing_Facility,0,1,0.5881259059135618
67,Male,126/84,236,23.1,No,Yes,4,8,Rehab,0,1,0.61589031952634
29,Other,123/72,275,22.8,No,No,7,1,Home,0,0,0.4412661431835956
45,Male,155/95,162,25.8,Yes,Yes,9,1,Rehab,0,1,0.6261959407725938
42,Female,131/88,220,22.6,Yes,No,0,3,Home,0,0,0.45202907016477795
74,Male,143/72,218,21.2,No,No,8,2,Rehab,0,1,0.5763036913033986
34,Male,120/100,231,26.9,Yes,Yes,0,9,Rehab,0,1,0.6313371692729403
26,Female,134/79,195,38.5,Yes,Yes,0,8,Home,0,0,0.4434333137531349
26,Female,114/73,250,37.8,No,Yes,6,9,Home,0,0,0.42085655838626873
46,Female,157/74,224,32.6,Yes,No,6,3,Home,0,0,0.44319797665478405
20,Other,146/91,250,40.0,No,No,4,3,Rehab,0,1,0.549479052066144
33,Female,137/72,222,22.1,Yes,No,4,6,Home,1,0,0.4407863483264615
55,Female,117/82,200,20.1,Yes,Yes,3,5,Rehab,0,1,0.6391084474209466
74,Female,114/100,195,30.9,No,No,8,4,Home,0,0,0.3991229812443998
24,Other,153/83,270,28.6,No,Yes,9,4,Home,0,0,0.4457295370406296
19,Other,111/76,292,26.1,No,Yes,0,2,Home,0,0,0.4471303790142515
83,Female,113/96,246,24.8,Yes,Yes,4,1,Home,0,0,0.4929541432695853
64,Male,118/94,212,31.9,Yes,No,6,4,Nursing_Facility,0,1,0.5640759747617132
67,Female,146/90,218,33.1,No,No,0,8,Home,0,0,0.39415957433831217
44,Female,122/100,240,38.3,No,Yes,9,6,Home,0,0,0.42770755214406253
33,Female,151/86,267,38.0,No,No,6,1,Rehab,0,1,0.5541343101511106
55,Other,145/82,152,24.2,No,Yes,5,10,Home,0,0,0.4452072920985186
83,Male,146/71,217,24.4,Yes,No,5,10,Rehab,0,1,0.6087392751527719
57,Other,126/100,273,29.4,No,Yes,10,1,Rehab,0,1,0.6095027453140083
67,Other,129/70,218,20.0,Yes,No,2,10,Home,0,0,0.4595003962986594
38,Other,130/87,169,22.1,No,Yes,7,4,Rehab,0,1,0.6144850729803443
75,Other,145/85,224,38.3,No,No,6,2,Home,0,0,0.3987692323267192
68,Other,116/77,180,39.9,No,Yes,1,7,Home,0,0,0.4162480871788528
85,Male,149/88,194,28.8,No,Yes,3,6,Home,0,0,0.43269814431608494
78,Male,145/90,174,37.3,No,No,3,8,Home,0,0,0.3817053714017979
67,Other,137/85,259,26.6,No,No,2,7,Home,0,0,0.42731134969967255
86,Female,147/94,207,38.1,Yes,Yes,5,5,Home,0,0,0.4696817850961883
48,Male,155/81,164,21.9,No,Yes,7,2,Rehab,0,1,0.5996798566378129
26,Other,127/79,191,21.9,No,No,7,10,Home,0,0,0.4206850297109586
72,Male,157/75,279,31.8,Yes,No,1,3,Home,0,0,0.44958247084442654
44,Male,118/87,153,19.1,No,No,3,2,Home,0,0,0.4131516343510094
78,Female,134/91,228,33.2,No,Yes,9,9,Home,0,0,0.4446309056639854
34,Female,110/71,242,27.1,No,No,0,9,Home,0,0,0.4301317089353629
41,Other,118/78,202,31.2,Yes,Yes,2,2,Home,0,0,0.4749587435592068
81,Female,152/96,290,34.8,No,Yes,7,5,Home,0,0,0.43179879806067034
79,Male,138/75,182,36.5,Yes,No,1,8,Home,1,0,0.40582421408742114
24,Female,143/96,179,33.2,No,No,1,7,Rehab,1,1,0.5514258024578684
60,Male,116/72,281,20.3,Yes,No,5,9,Home,0,0,0.4662252023110587
85,Female,143/92,260,35.7,Yes,No,8,8,Home,0,0,0.4297080604563355
44,Female,124/83,208,22.7,No,Yes,1,9,Rehab,0,1,0.6041714673447235
54,Male,134/74,225,18.6,Yes,Yes,8,3,Home,1,0,0.48926721484350255
49,Other,114/96,207,35.3,Yes,Yes,10,3,Home,0,0,0.4652687597848139
51,Female,116/93,273,27.5,Yes,No,3,10,Home,0,0,0.4379643668835621
56,Other,119/79,282,23.3,No,No,2,3,Nursing_Facility,0,1,0.5594938990469625
30,Other,119/81,181,29.0,Yes,Yes,9,7,Rehab,0,1,0.6353423346642807
25,Male,147/89,183,28.6,Yes,No,9,10,Home,0,0,0.4290537507435464
45,Female,121/88,272,36.8,Yes,No,7,4,Home,0,0,0.4345336601270005
67,Male,110/75,205,35.2,No,Yes,7,3,Home,1,0,0.4250988982828473
83,Male,136/81,179,31.0,No,No,3,7,Home,0,0,0.4000438418197068
55,Female,139/70,254,18.0,No,Yes,10,8,Home,0,0,0.4687023995259415
30,Female,110/98,265,25.6,Yes,No,1,10,Home,0,0,0.4399282662773516
86,Other,144/76,227,22.1,Yes,No,1,10,Home,0,0,0.4591298398400265
27,Female,151/89,212,39.1,No,No,10,8,Home,0,0,0.39635559269908793
89,Male,112/77,164,31.0,No,Yes,5,3,Nursing_Facility,0,1,0.571926790680844
76,Male,144/77,274,24.4,Yes,Yes,3,6,Rehab,0,1,0.6436306896957257
51,Male,147/81,299,30.7,No,No,2,4,Home,0,0,0.41147161565334106
53,Other,151/70,296,37.4,Yes,No,8,5,Home,0,0,0.4485364825793798
63,Male,146/79,172,19.3,No,Yes,6,2,Home,0,0,0.45046752026904285
19,Female,136/94,273,33.6,No,Yes,10,6,Home,0,0,0.4391337001742014
87,Male,136/91,290,35.0,Yes,Yes,1,6,Rehab,0,1,0.6338136559108856
36,Other,150/84,194,24.5,Yes,No,7,5,Home,0,0,0.43828930841705266
79,Male,129/78,284,29.7,No,No,0,4,Home,0,0,0.41274586809440394
29,Male,154/93,211,37.7,Yes,Yes,10,10,Home,0,0,0.4520273979248567
66,Male,111/71,158,23.3,Yes,Yes,2,5,Home,0,0,0.46762084740225274
86,Male,129/78,235,26.2,No,No,7,8,Home,0,0,0.41364949998053785
78,Female,148/83,189,32.7,Yes,No,6,3,Nursing_Facility,0,1,0.5816530944910668
48,Female,134/75,168,31.0,Yes,Yes,5,8,Nursing_Facility,1,1,0.5935929388208803
28,Female,120/81,160,36.3,Yes,Yes,8,5,Home,0,0,0.454282469633018
58,Female,135/90,248,31.3,No,Yes,9,9,Rehab,0,1,0.5999869860882643
36,Other,116/91,224,23.9,Yes,Yes,0,7,Home,0,0,0.473266404768375
52,Male,139/84,225,33.4,Yes,No,0,2,Home,0,0,0.43587751826950416
90,Male,136/71,166,21.4,No,Yes,6,1,Home,0,0,0.44736091034820213
27,Male,153/89,265,32.1,No,Yes,3,5,Nursing_Facility,0,1,0.5742105725414924
56,Female,151/97,250,30.2,No,Yes,10,2,Home,0,0,0.4357179354349096
71,Other,156/100,151,34.6,Yes,Yes,2,10,Rehab,0,1,0.6076486581299871
40,Female,154/99,275,20.2,No,No,6,1,Nursing_Facility,1,1,0.5635578294382652
75,Male,124/82,183,35.0,Yes,Yes,9,5,Home,0,0,0.4588404873651049
86,Female,155/99,163,23.0,No,No,9,4,Rehab,0,1,0.5790639617351413
63,Other,117/96,249,25.8,No,No,0,10,Home,0,0,0.4111337499122747
79,Male,116/80,252,28.9,No,Yes,7,6,Home,0,0,0.44090157123348933
72,Female,129/95,189,19.8,No,No,8,3,Home,0,0,0.4106729768323567
29,Other,124/97,248,22.2,Yes,No,6,8,Nursing_Facility,0,1,0.6071656481946485
42,Female,157/96,174,29.5,No,Yes,0,6,Home,0,0,0.42435400715594684
37,Female,134/94,173,26.3,Yes,No,6,2,Home,0,0,0.4348571050872972
90,Other,132/85,155,32.6,Yes,No,7,9,Home,0,0,0.4248367163436615
18,Other,122/85,273,28.2,No,Yes,4,7,Rehab,1,1,0.6000295879568448
23,Other,149/93,178,29.5,Yes,No,7,8,Home,0,0,0.4411312578844748
30,Male,156/76,154,36.3,Yes,No,9,7,Home,0,0,0.41630760971295155
85,Male,113/87,273,23.8,No,Yes,10,9,Rehab,0,1,0.6080445873968241
29,Other,114/71,188,18.9,Yes,Yes,9,7,Rehab,0,1,0.6447325209581626
49,Male,133/93,167,29.4,No,Yes,8,10,Home,0,0,0.4338975245675137
76,Other,120/82,224,22.7,Yes,Yes,3,8,Nursing_Facility,0,1,0.6377947597619581
56,Other,134/90,176,31.6,No,Yes,6,2,Home,0,0,0.42941731147110707
22,Male,111/86,203,35.4,Yes,Yes,2,8,Home,0,0,0.4632389011543916
61,Female,135/72,298,24.0,No,Yes,1,1,Home,0,0,0.44841105679347587
73,Other,144/93,188,24.0,Yes,Yes,2,1,Home,1,1,0.5052026246898839
49,Female,136/89,165,18.8,No,No,0,1,Home,0,0,0.4235690470189401
26,Male,122/96,257,29.7,Yes,Yes,8,2,Home,0,0,0.4755216427652903
85,Female,149/75,239,36.8,Yes,No,4,1,Home,0,0,0.4225995555924508
75,Female,144/72,290,29.7,Yes,No,1,4,Rehab,0,1,0.5995931166608438
83,Other,160/78,300,28.9,No,No,2,1,Home,0,0,0.42046865194552446
27,Female,147/82,294,27.7,No,No,8,2,Rehab,0,1,0.5741241870175867
50,Female,140/79,249,39.7,No,No,1,3,Home,0,0,0.391891661545208
69,Other,110/98,189,24.4,No,No,1,4,Home,0,0,0.4080900576380779
27,Other,141/74,261,24.5,No,No,0,3,Home,0,0,0.4236399124635001
85,Other,112/89,196,19.9,Yes,Yes,4,3,Home,0,0,0.49003262886672644
49,Other,138/84,167,21.2,Yes,No,1,1,Rehab,0,1,0.6068800941129463
55,Female,150/98,250,21.3,No,Yes,9,5,Rehab,0,1,0.6107477814667505
61,Other,155/71,238,39.2,Yes,No,4,8,Home,0,0,0.42950843763796814
25,Other,112/86,213,20.2,Yes,No,8,7,Home,0,0,0.45604242291550007
42,Female,141/72,267,37.2,Yes,Yes,8,4,Home,0,0,0.4643016425190068
49,Male,160/73,167,23.1,Yes,Yes,4,10,Rehab,0,1,0.6275132369545008
77,Female,143/90,291,30.1,Yes,Yes,3,1,Home,0,0,0.47326811504226945
54,Other,135/81,191,23.7,Yes,Yes,5,9,Nursing_Facility,0,1,0.617497096414203
81,Other,115/92,222,37.7,Yes,No,6,1,Home,0,0,0.4319497863453732
22,Female,149/94,255,22.0,No,Yes,3,3,Home,0,0,0.4569960667813737
68,Other,116/81,245,38.8,No,Yes,10,4,Home,0,0,0.43894476753862405
57,Other,152/70,190,22.7,No,No,0,4,Rehab,0,1,0.5775286424130455
58,Male,134/70,208,19.9,Yes,No,8,7,Rehab,1,1,0.6022634545219192
58,Male,138/76,243,23.6,No,Yes,9,2,Nursing_Facility,0,1,0.6023340907257807
64,Other,111/95,162,40.0,No,Yes,8,3,Home,0,0,0.41946526803435935
24,Female,135/97,161,27.8,No,No,9,8,Home,0,0,0.40401924646549414
45,Female,118/76,295,32.3,Yes,Yes,5,2,Home,0,0,0.47090423723305
27,Female,117/85,236,21.5,Yes,No,0,2,Home,0,0,0.4474079039190801
50,Female,153/82,215,19.1,Yes,Yes,5,8,Nursing_Facility,1,1,0.6298216917698534
69,Female,160/95,183,26.0,No,Yes,10,8,Home,0,0,0.43038982764543227
33,Male,133/89,190,38.9,Yes,No,3,10,Rehab,0,1,0.5759036249015089
24,Male,113/92,287,27.5,Yes,No,2,6,Home,0,0,0.4360530674561054
70,Other,153/100,280,18.6,No,No,0,5,Home,0,0,0.4362128015278309
49,Female,158/83,212,36.7,No,Yes,5,6,Nursing_Facility,0,1,0.5680914373562238
21,Male,160/85,158,34.1,Yes,No,3,10,Home,0,0,0.41436149419429097
27,Female,115/80,198,23.9,No,Yes,6,3,Rehab,0,1,0.6037351258423215
55,Other,117/90,180,31.7,No,Yes,4,7,Home,0,0,0.4276234431239918
65,Other,138/98,239,38.1,No,Yes,4,7,Home,0,0,0.43776384092990034
31,Other,132/89,189,36.7,No,Yes,1,3,Home,0,0,0.42643776336567935
22,Female,111/91,258,22.1,Yes,No,6,6,Nursing_Facility,0,1,0.5883302469940009
87,Female,138/70,159,29.7,No,Yes,7,6,Home,0,0,0.4379235636868265
68,Other,160/95,244,19.7,Yes,Yes,5,10,Home,0,0,0.4846348483091305
80,Other,129/92,232,39.9,No,Yes,7,5,Home,0,0,0.43591117061254236
21,Male,142/71,277,31.5,No,Yes,8,8,Home,0,0,0.4294209065639993
43,Female,141/78,283,32.6,No,Yes,3,5,Home,0,0,0.44861240007202924
38,Female,119/93,256,35.0,No,Yes,5,10,Home,1,0,0.43678060918467654
26,Male,118/88,227,25.4,Yes,Yes,7,10,Home,0,0,0.4716390294874327
41,Other,134/90,264,22.2,No,Yes,10,10,Home,0,0,0.452348113886197
49,Female,114/85,262,36.2,Yes,No,7,9,Home,0,0,0.4364453075930777
68,Other,158/100,276,27.4,No,Yes,4,7,Home,0,0,0.45613354877539963
20,Male,145/80,206,34.7,Yes,Yes,2,8,Home,0,0,0.45821439723592655
26,Other,139/84,197,29.4,No,Yes,10,10,Home,0,0,0.44502282588491265
42,Female,141/88,273,28.9,No,No,5,5,Nursing_Facility,0,1,0.5636127644661925
83,Female,156/88,258,34.5,Yes,No,10,10,Home,0,0,0.4470125125308881
55,Male,160/80,272,24.9,No,Yes,7,5,Rehab,0,1,0.612023543828894
83,Male,157/70,298,22.9,Yes,No,4,5,Home,0,0,0.4566648043905376
75,Female,123/73,238,20.6,Yes,Yes,9,5,Rehab,0,1,0.6393805362079517
82,Other,143/77,203,18.1,No,Yes,3,5,Home,0,0,0.4621762995868689
69,Other,136/74,297,22.6,No,No,2,3,Rehab,0,1,0.5800095113720379
89,Other,145/94,274,21.7,No,Yes,3,6,Home,0,0,0.4588568794690437
62,Female,113/73,207,19.6,No,Yes,8,4,Home,0,0,0.4419404183994452
89,Female,111/88,291,18.4,No,Yes,7,6,Home,0,0,0.46281386169573885
38,Other,155/89,235,37.0,Yes,No,1,3,Home,0,0,0.4386352352350598
57,Female,114/84,288,30.5,No,No,5,10,Home,0,0,0.4078453649948078
77,Male,113/91,291,37.9,Yes,No,10,4,Home,0,0,0.4440097569628987
54,Male,139/94,176,37.7,No,No,5,4,Home,0,0,0.38847099312675043
24,Female,141/92,169,37.4,No,No,9,9,Home,0,0,0.3780862640260624
74,Other,121/94,153,32.4,Yes,No,2,7,Home,0,0,0.43832920209354587
79,Other,152/100,155,35.6,Yes,Yes,6,2,Home,1,0,0.45789865833958593
45,Other,130/79,180,25.3,Yes,Yes,4,8,Rehab,0,1,0.6316763203458633
71,Male,148/78,193,22.9,Yes,Yes,9,9,Home,0,0,0.47859236099353736
46,Other,115/88,160,18.5,No,No,10,10,Home,0,0,0.40847537815991913
25,Male,110/86,173,34.6,No,Yes,3,2,Nursing_Facility,0,1,0.5711067130855073
61,Other,144/97,296,22.7,Yes,Yes,10,7,Home,1,1,0.5077369791845812
53,Female,122/98,276,22.9,No,No,4,4,Home,0,0,0.41711659439384813
21,Male,118/80,207,19.2,No,No,1,9,Nursing_Facility,1,1,0.5518431858747833
79,Male,132/97,296,34.2,Yes,Yes,9,1,Home,0,0,0.48481274653271905
34,Male,133/94,247,22.2,Yes,Yes,8,6,Rehab,0,1,0.6396477914304854
82,Other,127/88,191,28.1,Yes,Yes,9,2,Home,0,0,0.48103941051669635
89,Male,150/76,249,21.7,Yes,Yes,4,7,Home,0,0,0.4938739360370229
26,Female,149/84,270,21.2,Yes,No,6,10,Rehab,1,1,0.6131219289998461
48,Male,129/97,210,38.7,No,No,4,3,Rehab,0,1,0.5406992861810962
30,Male,154/84,158,26.9,Yes,Yes,2,5,Home,0,0,0.4622561238447329
67,Male,135/86,265,19.8,No,Yes,5,8,Home,0,0,0.46522554773717545
88,Other,150/77,187,20.3,No,Yes,10,4,Home,0,0,0.4522983381621459
38,Male,146/93,180,38.0,Yes,No,6,6,Home,0,0,0.42425068289445095
53,Other,150/76,219,22.0,Yes,No,4,10,Home,0,0,0.45948216185246876
50,Female,130/76,251,28.4,Yes,No,10,4,Home,0,0,0.44950957938054775
83,Female,111/70,172,34.1,Yes,No,2,2,Home,0,0,0.4397081319713365
86,Female,152/73,182,36.7,Yes,Yes,3,7,Home,0,0,0.4522392817428813
67,Other,155/87,184,18.6,No,Yes,10,10,Home,0,0,0.45494004205199495
81,Female,138/86,182,38.2,Yes,Yes,6,7,Nursing_Facility,1,1,0.594362159325941
87,Other,114/72,221,24.8,No,No,9,10,Home,0,0,0.409130025269823
72,Male,151/85,171,31.8,No,No,10,1,Home,1,0,0.40653204369496165
81,Other,146/70,260,32.6,No,Yes,8,1,Home,0,0,0.44081064369037204
49,Female,127/94,248,28.4,Yes,Yes,10,9,Rehab,0,1,0.6394599586136726
25,Male,129/95,258,38.9,No,No,4,10,Nursing_Facility,0,1,0.5214499201899466
21,Other,145/76,267,21.4,No,No,1,10,Home,0,0,0.4216671131551237
31,Female,157/84,157,20.5,Yes,Yes,0,2,Home,0,0,0.4742774294398845
74,Male,124/80,214,19.0,Yes,Yes,3,5,Rehab,1,1,0.638029129596279
75,Female,116/90,278,32.7,Yes,Yes,3,6,Home,0,0,0.4797494423718949
77,Other,143/85,227,21.3,Yes,Yes,2,5,Home,0,0,0.48744067930409285
52,Male,118/97,205,20.4,No,Yes,8,2,Home,0,0,0.4465932079643253
49,Other,156/81,165,22.0,Yes,Yes,9,2,Home,0,0,0.4769046374756608
66,Female,113/96,229,22.2,Yes,No,9,9,Home,0,0,0.45816363061300147
55,Other,121/91,220,27.7,Yes,Yes,5,3,Home,0,0,0.4835684295242176
84,Male,118/87,203,27.0,Yes,No,7,10,Home,0,0,0.44160831830111846
46,Other,111/91,156,25.9,No,Yes,4,7,Nursing_Facility,0,1,0.5742192658682082
61,Female,126/75,168,35.9,Yes,Yes,2,10,Rehab,0,1,0.60087730350084
62,Other,160/79,152,31.2,No,No,2,6,Home,0,0,0.40088063649416084
77,Other,159/96,150,28.0,Yes,Yes,9,8,Home,0,0,0.4743209046604806
71,Female,127/72,235,36.1,No,Yes,10,6,Home,0,0,0.43551800904038374
71,Male,120/99,210,33.6,No,No,7,9,Rehab,0,1,0.5524844419574736
24,Female,147/86,189,39.0,Yes,Yes,0,8,Rehab,0,1,0.6109858766755561
89,Other,142/78,278,34.8,Yes,Yes,8,2,Home,0,0,0.4764591359532941
33,Male,127/98,264,20.6,Yes,Yes,8,7,Home,0,0,0.4848305186150403
29,Female,127/85,215,27.9,Yes,Yes,6,10,Home,0,0,0.476462551920147
34,Male,141/79,282,28.2,Yes,Yes,4,6,Home,0,0,0.46959155146138787
25,Male,150/78,166,20.8,Yes,No,5,9,Rehab,0,1,0.596030610178185
37,Male,128/94,291,36.6,Yes,Yes,8,8,Home,0,0,0.46042827757614585
73,Male,137/93,192,20.1,No,Yes,6,9,Nursing_Facility,0,1,0.5881942243550549
41,Other,114/97,232,39.9,Yes,No,4,6,Home,0,0,0.42742532992812493
55,Male,154/79,217,30.8,No,Yes,6,4,Nursing_Facility,0,1,0.5833099738640469
32,Other,142/74,172,19.6,No,Yes,2,3,Home,0,0,0.443251715155263
79,Female,116/100,251,38.5,Yes,No,6,3,Home,0,0,0.4367855171004772
62,Other,145/71,194,23.0,Yes,Yes,4,4,Home,0,0,0.4996686030350352
73,Other,136/91,223,28.7,No,Yes,6,6,Home,0,0,0.45189608668420916
82,Female,122/86,216,20.9,No,Yes,2,5,Rehab,0,1,0.5988636813402615
83,Other,127/89,259,19.4,No,Yes,4,10,Home,0,0,0.4667221455171146
41,Male,153/96,295,23.3,No,No,9,5,Home,0,0,0.42846796849129765
47,Female,152/73,196,26.2,Yes,Yes,3,5,Home,0,0,0.4694326183216687
74,Other,115/75,252,24.8,Yes,Yes,5,7,Home,0,0,0.49365401635643424
83,Male,146/89,284,34.5,Yes,No,1,9,Home,0,0,0.4474708618959744
28,Male,139/79,202,21.8,No,No,1,10,Home,0,0,0.40442455703394703
89,Female,158/99,158,38.7,Yes,No,2,2,Home,0,0,0.41788373864195316
49,Other,145/91,264,27.5,Yes,No,0,8,Home,0,0,0.44539969016125375
21,Other,148/79,252,32.3,Yes,No,4,1,Rehab,0,1,0.5929708341952604
77,Male,112/95,155,18.7,Yes,No,0,7,Home,0,0,0.4334660785867367
69,Female,125/78,161,20.7,No,Yes,8,10,Home,0,0,0.4508656563047291
58,Female,116/71,227,37.8,No,Yes,7,8,Home,0,0,0.4320901670113799
61,Other,135/74,288,19.2,Yes,Yes,0,8,Home,0,0,0.4865215171628787
86,Other,155/93,239,33.1,No,Yes,9,5,Home,1,0,0.4492859116763128
19,Female,152/73,224,33.3,Yes,Yes,1,4,Home,0,0,0.46028585794235255
53,Male,155/82,265,23.2,No,No,1,5,Nursing_Facility,0,1,0.5510555456989266
85,Female,142/90,155,23.1,No,Yes,7,9,Home,0,0,0.4389961220778761
90,Male,116/86,242,22.9,Yes,No,2,4,Nursing_Facility,0,1,0.588748833488432
82,Female,149/77,268,38.4,No,Yes,1,10,Rehab,1,1,0.5771987260358387
80,Male,134/89,196,30.8,Yes,No,7,10,Home,0,0,0.4397281074883964
23,Female,125/83,238,18.8,No,Yes,4,7,Rehab,0,1,0.6146513201450966
79,Other,151/72,188,33.7,Yes,Yes,1,10,Nursing_Facility,0,1,0.6064706734505868
64,Other,130/97,296,35.0,No,No,10,1,Home,0,0,0.4167067794831609
26,Male,154/74,176,28.5,No,Yes,2,3,Home,0,0,0.42410925819027034
19,Female,137/96,240,39.5,Yes,Yes,5,3,Home,0,0,0.46845612348055155
83,Female,132/86,195,32.8,No,Yes,10,6,Home,0,0,0.43117119462069
67,Male,119/95,289,30.9,Yes,Yes,9,2,Home,0,0,0.4875141485043628
78,Female,159/84,296,20.9,No,No,10,10,Home,0,0,0.43143263791497033
44,Other,111/98,264,35.0,Yes,No,0,10,Nursing_Facility,1,1,0.5745484987617784
81,Male,113/92,164,22.8,No,Yes,6,3,Rehab,0,1,0.5924076413172509
28,Male,157/87,159,26.3,No,No,1,4,Home,0,0,0.4001658522294519
46,Female,158/83,238,30.1,Yes,Yes,8,9,Home,0,0,0.47496731177881873
53,Male,115/94,255,28.7,Yes,Yes,9,2,Home,1,0,0.4846142250455966
63,Male,153/82,298,39.9,Yes,No,5,5,Rehab,1,1,0.5947045158298871
52,Female,127/87,295,24.2,Yes,Yes,6,3,Home,0,0,0.48148416710177055
22,Male,145/96,177,21.5,Yes,Yes,1,8,Home,0,0,0.4799322150781631
26,Other,150/89,263,19.0,Yes,No,8,4,Home,1,0,0.4576630001119058
47,Male,148/94,174,39.4,Yes,Yes,2,9,Home,0,0,0.44666379887022845
84,Male,156/99,220,18.8,No,Yes,8,6,Home,0,0,0.4585687834283799
45,Male,116/74,249,35.0,No,Yes,4,9,Home,0,0,0.4294895242002791
22,Female,143/96,281,35.6,Yes,Yes,4,10,Home,0,0,0.46965441114812684
29,Male,160/80,198,24.4,Yes,No,8,4,Home,0,0,0.4449570032054238
66,Female,159/88,265,35.4,No,No,10,10,Home,0,0,0.39881822333800054
80,Male,113/83,225,38.6,No,No,0,4,Rehab,0,1,0.555496223590493
38,Female,156/88,256,35.3,No,Yes,3,9,Home,0,0,0.4399182237743245
25,Other,153/79,166,33.4,Yes,No,3,9,Home,0,0,0.44021577215347396
35,Female,158/97,245,30.3,Yes,No,4,2,Home,0,0,0.45221095232217834
73,Other,139/87,154,29.1,Yes,Yes,4,1,Rehab,0,1,0.6354862317893452
78,Female,128/84,274,27.9,No,No,3,10,Home,0,0,0.4014979373300842
68,Other,133/91,276,27.4,Yes,Yes,9,7,Home,0,1,0.5011302961792609
38,Female,132/93,233,22.4,No,No,1,10,Home,0,0,0.41160577159160044
23,Male,117/80,191,20.9,Yes,No,1,6,Home,0,0,0.43999004148989357
59,Other,116/86,221,29.5,No,Yes,3,2,Home,0,0,0.4419005064919872
56,Male,147/80,238,28.8,No,No,9,5,Rehab,0,1,0.5613871500347837
89,Other,123/93,262,23.4,No,Yes,2,4,Home,0,0,0.4767748727038416
38,Male,128/85,164,26.6,Yes,No,2,5,Home,0,0,0.4327521584621861
66,Male,122/77,177,29.3,Yes,No,5,1,Rehab,1,1,0.5897751597739631
66,Female,134/100,294,29.8,No,Yes,5,1,Home,0,0,0.4539683914709659
36,Male,152/76,272,29.3,Yes,Yes,1,5,Home,1,0,0.48203618040527846
78,Male,124/100,218,31.5,Yes,Yes,4,9,Rehab,0,1,0.6218472244585067
79,Other,135/89,217,18.7,Yes,No,10,5,Home,0,0,0.4539482633871409
42,Male,134/72,171,37.8,No,No,1,6,Home,0,0,0.38154710708902867
90,Other,137/84,156,23.1,Yes,No,8,9,Nursing_Facility,0,1,0.5976943358055695
53,Male,126/85,247,30.3,Yes,Yes,10,2,Rehab,0,1,0.6334481193403726
64,Other,131/85,161,23.0,No,No,7,4,Rehab,0,1,0.5635393212175153
75,Male,147/82,251,19.5,No,No,4,4,Home,1,0,0.4190345038112525
72,Male,153/74,245,23.3,No,No,4,3,Home,0,0,0.41861764152478925
57,Female,148/78,157,18.6,Yes,No,4,8,Home,0,0,0.44561158641721876
58,Other,160/91,297,34.7,Yes,No,8,3,Rehab,0,1,0.6091614161510779
83,Male,123/96,198,22.0,Yes,Yes,8,5,Home,0,0,0.4795141255076407
59,Male,124/71,238,34.0,Yes,No,10,2,Home,0,0,0.4319098952259588
75,Female,115/96,286,30.9,No,No,0,2,Home,0,0,0.41107324143163515
23,Other,126/98,225,22.3,No,No,8,9,Home,0,0,0.4186417461615476
73,Female,140/78,158,23.2,Yes,No,10,2,Home,0,0,0.4376452677717775
34,Male,141/92,236,29.4,Yes,No,3,7,Home,0,0,0.42872111049630324
87,Other,134/86,202,21.2,No,No,3,6,Home,0,0,0.43640729560238256
62,Male,149/100,195,35.5,Yes,No,3,10,Home,0,0,0.4250189162503771
74,Male,110/92,267,22.6,Yes,No,8,2,Home,0,0,0.46435099898591037
53,Female,124/78,291,31.7,No,No,3,2,Nursing_Facility,0,1,0.5402503967586896
84,Other,140/78,170,35.2,No,Yes,2,4,Home,0,0,0.42137639365371254
66,Other,122/87,248,35.6,No,Yes,7,4,Home,0,0,0.42948794084355213
43,Female,113/89,187,20.3,No,Yes,9,2,Home,0,0,0.4617437936486596
69,Other,147/72,207,21.0,Yes,Yes,1,2,Home,0,0,0.4990873589171614
28,Female,115/79,266,30.9,Yes,Yes,8,8,Home,0,0,0.4667794578115016
57,Male,111/80,196,36.1,No,No,6,1,Home,0,0,0.39895309781767585
18,Male,112/73,278,18.7,No,No,4,8,Home,0,0,0.43036704021776095
61,Other,125/91,262,28.6,Yes,No,5,7,Home,0,0,0.45661410781327705
22,Male,133/77,298,31.2,No,Yes,7,6,Rehab,0,1,0.6109672342808529
60,Other,160/83,274,24.6,Yes,No,5,6,Rehab,0,1,0.6097515904233992
47,Male,160/76,169,21.4,Yes,No,3,1,Home,0,0,0.44551120564446145
28,Female,130/72,191,21.1,Yes,No,6,3,Home,0,0,0.45052419407321787
66,Male,136/76,187,27.3,No,Yes,8,4,Rehab,1,1,0.6039993326274954
18,Male,138/75,284,31.6,No,Yes,6,4,Home,0,0,0.427109350143321
79,Female,159/76,253,36.5,Yes,No,0,8,Home,0,0,0.4260346428702402
84,Male,137/100,240,30.6,Yes,No,2,7,Rehab,1,1,0.6019748725993809
20,Other,156/76,280,37.0,No,No,6,10,Rehab,0,1,0.5602123144837804
84,Female,115/77,280,29.7,Yes,No,4,2,Home,0,0,0.4466461354862141
86,Female,142/97,291,20.7,Yes,No,6,1,Rehab,0,1,0.6206461705824854
74,Female,159/71,238,36.8,No,Yes,5,4,Rehab,0,1,0.5913686165579108
67,Female,137/97,205,36.8,Yes,No,1,6,Home,0,0,0.4294337378450752
78,Female,142/89,279,20.1,No,Yes,5,8,Home,0,0,0.44837167141830564
62,Male,115/78,266,29.8,Yes,No,6,2,Home,0,0,0.4466286723268759
45,Other,144/98,250,22.9,No,No,7,5,Nursing_Facility,1,1,0.5613360409791772
43,Other,155/81,210,30.7,No,No,8,1,Rehab,0,1,0.5667313152427995
45,Female,123/92,238,35.2,No,No,4,2,Rehab,0,1,0.5670506533990058
58,Male,123/74,173,39.0,No,Yes,0,3,Nursing_Facility,0,1,0.5686829041507645
61,Male,111/76,259,26.8,No,No,7,6,Home,0,0,0.4043202102762746
26,Other,160/74,161,26.0,No,Yes,4,10,Home,0,0,0.441012318880768
21,Male,122/88,213,33.2,No,Yes,8,9,Rehab,0,1,0.6103649564972953
41,Female,125/85,204,18.3,Yes,Yes,0,8,Home,0,0,0.48688622031786755
52,Male,117/76,246,26.8,No,No,9,6,Home,0,0,0.4107586304678606
49,Female,116/89,276,26.9,No,Yes,9,5,Home,0,0,0.44645911631165724
57,Male,121/78,177,31.5,No,Yes,4,1,Home,0,0,0.4267354317283985
90,Other,135/71,173,30.7,Yes,No,3,4,Home,0,0,0.44127130023310385
53,Male,132/80,224,21.3,Yes,No,1,9,Nursing_Facility,0,1,0.5959434286387967
29,Female,157/89,264,36.8,Yes,No,4,10,Home,0,0,0.4269362604381951
86,Male,137/85,153,24.4,Yes,No,7,4,Home,0,0,0.4491376803177449
48,Male,148/77,225,34.7,No,Yes,7,2,Home,0,0,0.4372164646444745
37,Female,129/78,168,18.9,No,No,3,6,Home,0,0,0.41490096299452817
72,Female,152/100,287,33.0,Yes,No,3,5,Rehab,0,1,0.5951973369261881
69,Female,140/95,216,22.2,No,No,2,8,Home,0,0,0.4126305978349212
20,Other,126/94,159,30.7,No,No,6,9,Home,1,0,0.39200376624374567
31,Female,120/75,267,27.0,No,Yes,5,6,Home,0,0,0.4465521140854572
28,Other,130/72,203,34.2,No,Yes,5,6,Home,0,0,0.43493589713085046
79,Other,132/71,217,37.7,No,Yes,1,5,Home,1,0,0.4327215255568678
74,Female,119/87,181,24.7,No,No,6,3,Home,0,0,0.4019619897384003
50,Male,124/90,291,37.3,Yes,No,9,8,Home,0,0,0.43210442827319756
43,Male,121/90,266,31.3,No,Yes,8,9,Home,0,0,0.4444690426861755
24,Other,157/85,228,35.6,No,No,9,3,Home,0,0,0.4022492809973416
68,Male,124/90,241,27.6,No,No,4,2,Rehab,0,1,0.5669914859890676
57,Male,143/71,291,31.9,Yes,No,3,9,Home,0,0,0.440480547104949
65,Other,152/87,218,39.4,Yes,Yes,4,5,Home,0,0,0.45481057156602406
88,Male,138/78,213,36.4,Yes,Yes,10,9,Rehab,1,1,0.6135996606663066
62,Other,127/70,234,23.7,No,Yes,7,9,Home,0,0,0.44512070518742636
31,Female,124/89,213,25.9,Yes,No,6,1,Home,0,0,0.442362428800654
80,Male,157/78,186,33.1,Yes,No,0,4,Rehab,0,1,0.609299066983634
24,Other,158/79,277,18.3,No,Yes,4,8,Rehab,1,1,0.6190703491988758
30,Male,151/98,220,33.6,No,No,5,4,Home,0,0,0.39260755229779687
20,Male,111/85,297,31.1,Yes,Yes,9,1,Home,0,0,0.47610989648485647
71,Other,137/91,191,32.2,No,Yes,1,8,Home,0,0,0.4288194379101575
20,Other,129/93,161,27.7,Yes,Yes,3,2,Home,0,0,0.4689377476901681
69,Female,128/71,191,28.6,No,Yes,5,7,Home,0,0,0.42987463850164714
77,Other,138/80,296,19.7,No,No,2,3,Home,0,0,0.4381513477320015
55,Other,146/72,267,37.1,No,No,1,9,Nursing_Facility,0,1,0.5442523825843023
74,Other,133/95,277,25.2,No,Yes,8,7,Nursing_Facility,0,1,0.5954791522098645
29,Male,140/70,221,39.0,Yes,No,1,7,Home,0,0,0.42567534343808555
43,Male,159/74,208,26.2,No,No,0,6,Home,0,0,0.3993256776830942
42,Male,117/82,240,26.2,No,No,8,6,Home,0,0,0.40883443974164285
38,Other,122/89,279,31.9,Yes,Yes,4,9,Home,0,0,0.47607016553813136
27,Male,118/94,263,30.5,No,Yes,4,4,Home,0,0,0.42832400467137954
33,Other,153/88,163,24.8,Yes,Yes,3,2,Nursing_Facility,1,1,0.6093875274447601
57,Female,147/73,249,35.5,No,Yes,2,2,Home,0,0,0.4413454323207441
37,Male,112/70,272,38.6,No,No,1,4,Rehab,0,1,0.5479251124336645
35,Male,112/73,252,32.4,Yes,Yes,4,8,Home,0,0,0.4755679213727892
24,Male,143/82,176,38.8,No,No,0,4,Rehab,0,1,0.5515761621098402
21,Male,152/87,170,24.2,No,No,6,4,Nursing_Facility,0,1,0.5366005322984396
76,Other,137/99,164,30.6,Yes,Yes,3,4,Home,0,0,0.4793886692060974
51,Other,112/90,300,27.0,No,No,4,10,Home,0,0,0.43055830907871245
64,Male,156/77,247,29.4,No,No,1,4,Rehab,0,1,0.5602784269998416
62,Male,123/75,259,23.0,No,Yes,8,4,Home,1,0,0.4481466107417852
67,Male,158/77,282,22.1,Yes,Yes,0,5,Home,0,0,0.4824169333765231
57,Male,111/87,275,27.1,No,Yes,10,4,Home,1,0,0.4451451939669125
59,Female,131/74,215,33.0,Yes,Yes,9,8,Home,0,0,0.46764868591350645
80,Male,133/71,282,26.1,Yes,No,5,4,Rehab,0,1,0.6043895913547908
87,Other,124/98,244,31.6,Yes,No,1,3,Home,0,0,0.43572901844371353
75,Other,150/96,294,21.3,Yes,No,1,9,Home,0,0,0.46019481986053856
77,Other,116/84,297,39.5,Yes,Yes,3,7,Home,0,0,0.4717690428652337
62,Female,143/85,181,26.9,No,No,7,2,Home,0,0,0.40236293970671383
51,Male,155/71,209,36.7,Yes,Yes,9,6,Home,0,0,0.45928115246517903
18,Female,118/96,170,35.2,Yes,Yes,1,6,Home,0,0,0.4654275546042924
37,Male,112/85,290,20.7,Yes,Yes,0,6,Home,0,0,0.48633667117317203
44,Other,156/76,266,23.9,Yes,Yes,4,5,Nursing_Facility,0,1,0.6293258276627666
80,Male,142/79,157,27.4,Yes,Yes,7,9,Home,0,0,0.4743699856517928
45,Other,152/75,164,31.9,No,Yes,10,5,Home,0,0,0.43489930668358007
52,Other,111/88,270,31.0,Yes,Yes,4,5,Rehab,0,1,0.6357098430641049
84,Male,126/76,235,35.0,No,No,9,10,Home,0,0,0.39805351396042965
47,Other,132/89,220,38.3,No,No,0,8,Home,0,0,0.3924211828410121
43,Male,151/82,249,19.8,Yes,Yes,3,3,Home,0,0,0.4888544252045947
53,Female,159/100,240,33.5,Yes,Yes,9,7,Home,0,0,0.4784203100412311
36,Other,134/77,262,20.1,No,No,5,2,Home,1,0,0.43442925581901737
45,Other,117/99,179,29.3,No,Yes,7,2,Home,0,0,0.43665361029723204
42,Female,156/77,252,39.8,Yes,No,4,10,Nursing_Facility,0,1,0.5604269535991799
22,Male,155/90,233,31.0,No,No,3,6,Home,0,0,0.4059219188996985
54,Other,153/94,240,22.6,No,Yes,1,8,Home,0,0,0.45420880849922807
43,Female,152/85,247,20.8,Yes,Yes,2,2,Home,0,0,0.4899646403475648
69,Female,138/89,268,39.1,No,Yes,7,9,Rehab,0,1,0.6010369836830313
42,Male,127/97,271,23.4,Yes,No,9,6,Rehab,0,1,0.6074063970530048
23,Other,127/72,163,28.3,Yes,Yes,4,1,Home,0,0,0.4758467483118293
47,Male,111/74,153,24.1,No,Yes,8,9,Nursing_Facility,0,1,0.5723672752093011
60,Female,143/79,180,29.5,Yes,Yes,6,9,Home,0,0,0.475353210042723
61,Male,120/86,216,23.7,No,Yes,4,8,Home,0,0,0.44946485712612594
42,Female,126/78,184,36.5,Yes,No,6,6,Rehab,0,1,0.594928692907812
55,Other,130/97,159,28.7,No,Yes,8,9,Home,0,0,0.43732093062509275
71,Other,155/89,190,20.0,Yes,No,8,3,Home,0,0,0.4639873315224792
49,Male,122/85,281,25.5,Yes,No,2,2,Rehab,1,1,0.6012574248896136
19,Other,118/100,190,20.4,No,Yes,3,10,Rehab,0,1,0.6138525427595369
62,Other,123/87,168,29.7,No,No,6,1,Home,1,0,0.4071695292386417
35,Female,132/87,292,25.9,Yes,Yes,1,2,Home,0,0,0.48730304456805357
45,Male,150/83,277,25.6,No,No,1,7,Home,0,0,0.4049775148381305
54,Male,159/88,243,30.5,Yes,Yes,0,9,Home,0,0,0.46470824008887585
68,Female,139/84,222,26.7,No,No,1,7,Home,0,0,0.41205263519203505
25,Male,153/75,150,24.8,No,Yes,3,3,Home,0,0,0.4444849750447284
20,Other,144/89,236,36.4,No,Yes,10,4,Home,0,0,0.44055085370089303
72,Male,128/93,268,23.8,Yes,No,3,7,Home,0,0,0.45600201087133757
84,Female,153/74,232,22.6,No,No,2,6,Home,0,0,0.41797900306628943
54,Male,118/94,298,24.1,Yes,No,0,8,Home,0,0,0.4403825033149342
25,Male,137/71,184,22.4,Yes,No,2,3,Nursing_Facility,0,1,0.5719554808199644
65,Other,123/77,269,24.5,No,Yes,9,3,Home,0,0,0.46315631398909796
51,Other,139/93,260,36.1,No,Yes,0,6,Rehab,1,1,0.6105172003584809
67,Male,112/94,288,24.2,Yes,No,1,3,Home,1,0,0.44340138539571994
71,Female,114/82,295,38.7,No,No,4,3,Home,0,0,0.4072360123128169
34,Female,127/100,175,34.5,No,Yes,10,6,Home,0,0,0.42212169067883965
57,Female,148/98,218,25.6,Yes,Yes,3,4,Home,0,0,0.49216676519871094
71,Male,122/76,296,28.9,No,Yes,9,5,Home,0,0,0.44214312389970273
44,Other,135/97,281,29.2,Yes,Yes,7,1,Home,0,0,0.4946234916119754
80,Other,116/77,163,24.0,No,Yes,4,8,Home,0,0,0.4397750732125264
55,Female,139/79,228,39.7,Yes,Yes,1,4,Home,0,0,0.45457148583207707
76,Female,136/82,150,19.6,No,No,6,10,Home,0,0,0.4043329918256599
62,Female,140/100,191,23.0,No,Yes,7,2,Nursing_Facility,1,1,0.5921368554161072
20,Male,147/94,280,38.4,Yes,No,2,2,Home,0,0,0.4395278170921834
36,Female,139/100,221,23.1,No,No,8,7,Nursing_Facility,0,1,0.5496161321282794
40,Other,134/82,255,24.2,Yes,Yes,9,3,Home,0,0,0.47900234313034057
30,Female,155/72,175,20.1,Yes,Yes,6,3,Home,0,0,0.47875710013984873
40,Other,150/79,258,35.1,No,No,2,7,Home,0,0,0.40962299709822814
60,Female,140/72,235,39.3,No,No,0,4,Home,0,0,0.405906470418569
35,Other,155/97,175,37.8,Yes,Yes,3,10,Rehab,0,1,0.6095190464145755
80,Male,143/100,275,34.7,No,No,7,7,Nursing_Facility,1,1,0.5376534194147792
23,Female,140/94,192,32.1,Yes,Yes,6,2,Home,0,0,0.4713649218857043
75,Female,121/76,290,29.4,No,Yes,0,8,Rehab,0,1,0.6074225822860991
27,Female,141/77,300,35.3,No,No,9,10,Home,0,0,0.40560726971443906
35,Male,153/100,155,36.4,Yes,No,3,5,Rehab,0,1,0.5796864691570499
53,Other,137/92,276,18.8,Yes,Yes,9,8,Home,0,1,0.5072572004414829
83,Other,142/97,281,38.5,No,No,10,4,Home,1,0,0.4054042378965115
55,Female,115/91,216,19.5,Yes,No,1,4,Home,1,0,0.4544423503562744
35,Female,139/88,236,32.1,Yes,Yes,10,10,Home,0,0,0.48182963261888523
30,Female,156/90,203,37.6,No,Yes,7,4,Home,0,0,0.43727012646311614
38,Male,114/90,240,29.7,No,No,1,7,Home,0,0,0.3997532261975973
34,Female,154/90,255,26.0,Yes,Yes,4,4,Home,0,0,0.4794985940977193
46,Male,159/74,230,29.0,Yes,Yes,6,9,Home,0,0,0.4675921366213081
20,Male,119/86,162,21.6,No,Yes,0,7,Home,0,0,0.4385083963000016
44,Male,126/97,297,28.6,Yes,Yes,3,9,Home,0,0,0.49322535743800205
56,Male,126/90,275,26.7,No,Yes,6,5,Home,0,0,0.45019514715593284
45,Other,130/88,162,22.1,No,No,5,2,Home,0,0,0.4035030618017409
52,Male,131/80,268,24.3,No,No,2,8,Rehab,0,1,0.5760795889808644
48,Other,150/76,198,19.4,No,No,0,2,Rehab,0,1,0.5873794766442639
40,Female,126/76,248,31.4,No,Yes,8,2,Rehab,0,1,0.6010989863501818
64,Female,125/73,172,24.9,No,Yes,7,1,Home,0,0,0.43045249553300635
43,Female,115/85,255,35.9,No,Yes,6,10,Rehab,1,1,0.5996526351100363
33,Male,143/76,251,39.1,No,No,4,1,Rehab,0,1,0.5492433913716073
70,Female,122/93,207,29.5,No,No,3,9,Home,0,0,0.4029931636265322
41,Male,125/85,164,21.5,Yes,No,2,1,Rehab,1,1,0.6042132608943094
39,Other,114/87,205,33.4,No,Yes,5,2,Home,0,0,0.4449973509069755
83,Other,132/87,264,33.7,No,Yes,3,3,Rehab,0,1,0.6041294165209232
80,Male,154/85,300,20.1,Yes,No,6,3,Rehab,0,1,0.6236684245792706
29,Other,110/91,261,23.9,Yes,Yes,7,9,Nursing_Facility,0,1,0.6209074362293553
41,Male,145/98,194,28.3,Yes,Yes,8,2,Home,0,0,0.4652809846997059
64,Male,159/72,250,20.2,Yes,No,7,4,Nursing_Facility,0,1,0.6067777838585949
79,Other,131/96,155,24.3,No,No,2,2,Home,0,0,0.4079085077173958
89,Other,153/99,254,21.6,Yes,No,9,3,Home,0,0,0.4671952584288248
53,Other,129/97,181,32.3,No,No,2,10,Home,0,0,0.39109501994281604
40,Female,110/87,262,19.9,Yes,No,5,10,Rehab,0,1,0.6113393706879893
46,Male,150/94,198,31.9,Yes,Yes,7,9,Home,0,0,0.4692653493485366
18,Other,148/98,183,28.2,No,Yes,4,9,Home,1,0,0.45050858404607835
56,Other,125/96,271,18.5,Yes,Yes,5,2,Rehab,0,1,0.6542599382940822
38,Female,139/92,270,38.4,No,Yes,8,6,Nursing_Facility,0,1,0.568022113511369
30,Female,113/72,197,32.0,No,No,1,9,Rehab,0,1,0.5527496428497458
24,Other,148/100,178,38.1,Yes,No,2,5,Home,0,0,0.4239345399525182
32,Male,148/85,275,26.9,Yes,Yes,1,2,Rehab,0,1,0.6396674536325339
35,Other,155/94,289,21.3,Yes,Yes,7,1,Home,0,1,0.5001363464308864
20,Other,148/93,179,29.7,Yes,Yes,10,5,Home,0,0,0.4716173441600144
52,Other,158/79,159,27.7,Yes,No,5,10,Nursing_Facility,0,1,0.5736432157187481
34,Male,133/83,208,20.1,No,Yes,8,7,Home,0,0,0.4535490645044546
68,Other,121/77,261,21.3,No,Yes,0,4,Home,0,0,0.4495212388617151
41,Male,150/83,250,31.4,Yes,Yes,9,3,Home,0,0,0.4666814399496327
34,Other,155/93,243,19.7,No,No,8,10,Home,0,0,0.43100676912322294
22,Female,132/73,195,36.3,No,No,0,3,Home,0,0,0.40006318968934307
56,Other,127/92,162,20.4,No,Yes,9,1,Home,0,0,0.4607212438290347
77,Female,122/82,282,39.4,No,Yes,6,2,Home,0,0,0.4306615561440291
24,Female,118/72,204,29.4,Yes,Yes,1,7,Nursing_Facility,0,1,0.6190994718575196
87,Male,122/79,162,36.7,No,Yes,3,10,Home,0,0,0.4148450557431895
71,Female,137/94,292,27.1,No,Yes,6,7,Rehab,1,1,0.6069519039047057
29,Other,131/99,231,28.9,Yes,No,3,9,Home,1,0,0.43894240176881866
50,Female,154/97,296,31.1,Yes,Yes,4,2,Rehab,0,1,0.635608497038469
80,Male,125/89,239,30.0,Yes,No,6,10,Home,0,0,0.4491179287743863
36,Male,150/85,265,21.2,Yes,Yes,2,5,Home,0,0,0.47967183301825334
71,Male,153/77,235,24.7,No,Yes,10,6,Home,0,0,0.44318311646485425
34,Female,149/72,172,24.6,No,No,0,10,Home,0,0,0.3992354617564394
71,Female,124/99,269,35.5,No,Yes,2,2,Home,0,0,0.4376197781069384
86,Male,146/93,254,30.5,Yes,Yes,4,1,Home,0,0,0.48302843646514115
83,Female,130/74,253,27.9,Yes,Yes,9,9,Home,0,0,0.4862142646599572
60,Female,120/79,257,39.8,Yes,Yes,5,8,Home,0,0,0.4661233159029779
23,Male,151/78,254,36.6,Yes,Yes,9,8,Rehab,0,1,0.6265684020436009
85,Male,139/95,258,23.4,No,No,8,7,Rehab,0,1,0.5905160936992381
41,Male,125/83,192,27.0,Yes,Yes,3,5,Home,0,0,0.4717266329046973
55,Other,155/75,245,34.1,No,Yes,9,9,Home,0,0,0.4333839342738698
42,Other,133/100,185,35.6,No,Yes,8,2,Home,0,0,0.42234137711463315
56,Female,111/83,276,34.9,Yes,Yes,7,4,Home,0,0,0.4799737618353854
63,Other,157/83,267,38.5,Yes,No,9,10,Rehab,0,1,0.5919039502555961
55,Other,150/94,271,18.3,Yes,No,2,7,Home,0,0,0.4717272055608802
49,Other,153/100,190,34.0,Yes,No,3,3,Nursing_Facility,0,1,0.5783222642339952
45,Female,117/83,235,20.3,No,No,0,8,Home,1,0,0.4124306945932673
55,Female,118/80,243,28.7,No,No,0,7,Rehab,0,1,0.5643200170375634
34,Male,131/79,237,38.8,No,No,0,6,Rehab,0,1,0.5516189870982152
87,Other,131/86,293,24.8,Yes,Yes,4,4,Home,0,0,0.4980304413747208
50,Other,149/78,177,24.6,No,Yes,7,5,Home,0,0,0.4453321919629533
76,Male,132/75,274,24.8,Yes,No,9,6,Home,0,0,0.46210145608981207
72,Female,152/93,153,24.1,No,No,6,4,Home,0,0,0.4033753896440376
79,Female,130/82,253,32.4,Yes,Yes,5,5,Home,0,0,0.47020245607066613
73,Other,110/70,258,36.2,No,No,4,2,Home,0,0,0.4030824650649048
87,Other,137/70,296,27.3,Yes,Yes,9,5,Home,0,1,0.507558328719335
43,Male,158/96,232,35.0,Yes,Yes,7,10,Home,0,0,0.45825360964648054
37,Other,151/88,159,21.0,Yes,No,1,9,Home,0,0,0.44785674407903564
85,Other,135/93,239,39.7,No,No,7,9,Home,0,0,0.4030560879910982
88,Other,122/76,235,37.3,No,No,8,7,Nursing_Facility,0,1,0.5352802559067288
41,Other,127/70,201,28.4,No,No,7,5,Home,0,0,0.4012565389455584
38,Female,120/70,188,18.5,Yes,Yes,5,4,Home,0,0,0.48783222833676504
36,Male,115/74,153,33.0,Yes,Yes,7,5,Nursing_Facility,0,1,0.6019419634574834
60,Male,142/98,225,22.9,No,Yes,8,6,Home,0,0,0.45424899249081496
73,Other,129/72,255,28.7,Yes,No,7,10,Home,0,0,0.45360258809780585
79,Male,158/70,184,38.3,Yes,Yes,9,1,Home,1,0,0.46079035998218637
82,Female,125/86,164,19.3,Yes,No,9,4,Home,0,0,0.45688711675688914
65,Female,140/73,193,25.9,No,No,0,5,Rehab,0,1,0.5647427619238136
52,Other,134/74,164,37.5,Yes,Yes,4,5,Nursing_Facility,0,1,0.5972301228682321
68,Female,143/70,266,38.6,No,Yes,4,10,Home,0,0,0.4168332551373224
84,Female,140/92,292,22.3,No,No,0,2,Rehab,0,1,0.5900828472426655
49,Female,160/88,166,34.0,No,Yes,4,10,Home,0,0,0.41993714597898046
51,Male,150/93,258,34.9,No,No,2,4,Home,0,0,0.3918255656189433
34,Male,158/90,225,34.0,Yes,Yes,7,3,Home,0,0,0.46850087909261073
52,Male,140/96,192,18.8,No,No,4,7,Nursing_Facility,0,1,0.5629167386336711
60,Female,143/91,252,26.4,Yes,Yes,0,10,Home,0,0,0.47388680110643266
19,Other,141/74,172,21.9,Yes,No,1,1,Rehab,0,1,0.6106972264347543
56,Female,158/85,161,24.9,No,Yes,4,8,Home,1,0,0.43895368258198875
71,Male,124/73,252,30.5,No,Yes,2,6,Home,0,0,0.42769573841541536
58,Other,131/82,248,36.0,No,Yes,8,1,Home,0,0,0.4356524021350238
29,Female,139/97,209,22.8,Yes,Yes,7,3,Home,0,0,0.48810827361621306
24,Male,121/92,253,18.8,No,Yes,9,1,Home,0,0,0.45715126239851844
35,Other,152/85,191,40.0,No,Yes,7,10,Home,0,0,0.4222498381859155
56,Other,155/72,198,24.6,No,No,6,8,Home,1,0,0.4105094542076547
44,Other,114/83,188,27.9,No,Yes,8,9,Home,0,0,0.44860354487960136
71,Other,131/84,200,38.7,Yes,Yes,4,7,Home,0,0,0.4548026165983406
34,Male,129/84,248,31.2,Yes,No,8,9,Home,0,0,0.44576806104892003
88,Male,132/70,170,22.0,Yes,No,3,2,Home,0,0,0.4490189439137725
47,Female,141/100,199,26.9,No,Yes,0,2,Home,0,0,0.44899735533151264
30,Male,135/92,183,34.3,No,Yes,0,7,Rehab,0,1,0.5768513085153488
59,Female,125/84,179,27.5,No,Yes,1,3,Home,0,0,0.43511951273116517
66,Female,150/98,262,24.2,Yes,Yes,7,10,Rehab,0,1,0.6380124194577717
46,Male,160/74,269,33.9,Yes,No,0,4,Nursing_Facility,0,1,0.5788835606313933
21,Male,121/97,294,24.9,No,Yes,5,6,Home,0,0,0.45857657243130034
63,Male,155/95,158,35.3,No,No,4,8,Home,0,0,0.38058883578846125
20,Other,125/93,203,29.4,Yes,No,9,6,Home,1,0,0.46129505258543124
48,Other,142/85,282,33.2,Yes,Yes,6,7,Home,0,0,0.4718824623587587
77,Female,153/90,300,20.2,Yes,Yes,2,3,Nursing_Facility,0,1,0.637860388710315
34,Male,136/94,252,33.7,No,Yes,1,9,Home,0,0,0.42920550572895033
90,Male,128/100,195,36.7,No,Yes,0,4,Home,0,0,0.41216574006385115
67,Other,136/87,193,22.4,Yes,No,4,8,Home,1,0,0.4524666792841198
65,Female,141/92,269,35.6,No,Yes,2,3,Home,1,0,0.42763321118456854
42,Male,155/71,232,18.4,No,Yes,6,4,Home,1,0,0.45472923686480804
76,Female,159/96,259,35.6,Yes,Yes,10,7,Home,0,0,0.4720113942378204
38,Male,136/96,184,24.6,Yes,No,6,5,Home,1,0,0.4410534029218285
48,Other,154/83,292,19.5,Yes,Yes,10,9,Rehab,0,1,0.6584802075260615
31,Other,119/87,300,37.4,Yes,Yes,4,4,Rehab,0,1,0.6259581934362302
74,Other,126/86,164,33.7,Yes,Yes,1,10,Rehab,1,1,0.6199597318228401
51,Other,158/79,153,18.3,Yes,No,3,6,Home,0,0,0.44708220102152363
26,Female,128/73,264,23.6,No,No,7,3,Home,0,0,0.4177896995783909
29,Other,125/78,292,35.8,No,Yes,6,4,Home,0,0,0.4501122326428355
26,Female,136/75,177,24.3,Yes,Yes,2,1,Home,0,0,0.477084360939891
90,Other,140/92,215,33.4,Yes,Yes,6,1,Home,0,0,0.4819193918934583
41,Male,140/95,241,25.9,No,No,7,4,Nursing_Facility,0,1,0.5524185287550794
38,Female,160/93,151,22.3,Yes,No,2,9,Home,0,0,0.4302946012227399
90,Male,145/96,186,39.6,Yes,Yes,10,4,Home,0,0,0.46274881438934784
83,Female,144/72,220,26.1,No,No,4,3,Home,0,0,0.405165575092823
86,Other,157/93,221,23.9,No,Yes,2,8,Home,0,0,0.45293510511260443
53,Female,140/95,229,25.4,No,Yes,10,1,Home,0,0,0.4498451749821144
20,Other,136/79,252,25.3,No,No,3,4,Rehab,1,1,0.5827043296262339
75,Female,125/90,285,25.6,Yes,Yes,8,1,Home,0,1,0.5044975786801771
90,Male,119/97,293,39.5,No,No,3,6,Rehab,0,1,0.5584802449572025
81,Male,113/84,175,24.1,Yes,Yes,8,4,Nursing_Facility,0,1,0.6043750855087866
55,Female,152/88,181,36.6,Yes,No,8,6,Home,0,0,0.4218270967750266
53,Other,157/90,219,22.0,No,No,1,2,Home,1,0,0.4240658906745363
74,Male,157/96,210,30.6,No,Yes,7,7,Home,0,0,0.42978325610854634
36,Other,134/75,154,24.8,Yes,No,1,3,Nursing_Facility,0,1,0.5730710979582347
40,Other,116/95,191,19.4,No,No,2,9,Home,0,0,0.42175461821108
31,Female,117/91,233,29.6,Yes,No,7,5,Nursing_Facility,0,1,0.5897920709026844
46,Female,110/92,191,18.2,No,No,2,9,Rehab,0,1,0.5804591993219662
55,Male,160/97,176,28.6,No,No,6,10,Rehab,0,1,0.5721436634534854
77,Other,127/100,265,23.3,No,No,0,1,Home,0,0,0.4217422147715423
67,Female,116/84,245,30.5,No,Yes,10,9,Home,0,0,0.4407127599215654
44,Other,145/87,260,34.1,Yes,Yes,7,6,Home,1,0,0.46829885807711763
44,Female,159/96,226,18.7,Yes,Yes,8,7,Home,0,0,0.49145147088419866
23,Female,128/83,226,22.0,Yes,No,10,7,Home,0,0,0.4578812609462575
66,Male,145/75,179,27.5,No,No,6,6,Home,0,0,0.38668457818660606
59,Other,157/76,154,24.7,Yes,Yes,7,7,Home,0,0,0.4838376555443539
85,Female,111/79,169,22.7,No,No,6,1,Home,0,0,0.4157385018221473
76,Female,129/95,271,26.9,No,Yes,3,2,Home,0,0,0.44215877916411933
54,Other,158/85,196,33.8,No,Yes,1,8,Home,1,0,0.43372935752266406
85,Female,124/86,275,18.1,No,No,1,10,Home,0,0,0.4263276220089193
52,Female,136/90,295,22.0,Yes,Yes,3,7,Home,0,0,0.4885289410001109
57,Other,135/95,229,20.5,No,No,1,10,Home,0,0,0.4456992918340775
70,Other,135/96,272,18.2,Yes,Yes,1,9,Rehab,0,1,0.6583669814576799
23,Other,110/95,190,25.2,No,Yes,1,8,Home,0,0,0.45413454908423095
49,Other,159/78,220,36.1,No,No,5,5,Home,0,0,0.407893134572102
76,Female,154/93,216,19.9,No,Yes,10,8,Home,0,0,0.4503460540625493
59,Male,153/94,177,31.5,Yes,Yes,4,4,Home,0,0,0.4635013175593658
43,Other,143/88,249,39.4,Yes,No,3,10,Home,0,0,0.42347572864017274
62,Other,110/72,150,20.4,Yes,No,10,4,Home,0,0,0.4589367849003683
85,Male,153/94,203,37.4,No,Yes,5,6,Home,0,0,0.42391155938396446
83,Male,114/70,266,21.5,Yes,No,4,4,Home,0,0,0.4601259449180781
64,Female,125/77,181,20.5,Yes,No,1,4,Nursing_Facility,0,1,0.5829539192298229
22,Female,111/100,258,20.5,No,Yes,2,8,Home,0,0,0.4517479639077858
60,Other,118/85,276,32.2,Yes,Yes,0,4,Home,0,0,0.47575419957772813
21,Male,124/96,194,30.4,Yes,Yes,8,7,Home,0,0,0.4592225937826459
37,Other,160/87,194,25.4,No,No,4,10,Home,0,0,0.3985510293197423
32,Male,132/90,164,21.6,Yes,No,3,6,Home,1,0,0.43567609591146966
54,Female,128/94,251,26.2,Yes,Yes,7,7,Home,0,0,0.47401230371892056
79,Other,110/77,215,35.8,Yes,No,9,4,Home,0,0,0.43345527802203226
90,Male,129/88,290,32.4,No,No,10,10,Home,0,0,0.4048120014203249
66,Male,119/96,278,22.2,No,No,8,5,Home,0,0,0.41613378768769727
83,Female,152/100,252,39.8,Yes,Yes,2,7,Rehab,0,1,0.6127668271853357
62,Female,126/86,234,36.3,No,Yes,10,8,Home,0,0,0.4313408331779499
49,Female,128/93,161,18.3,Yes,Yes,6,10,Rehab,0,1,0.6426231422674794
30,Male,147/70,195,34.7,No,Yes,1,2,Rehab,0,1,0.5914956605905768
42,Other,143/71,250,22.8,No,No,5,9,Home,0,0,0.42240082113287614
44,Female,154/87,281,23.9,Yes,Yes,2,7,Home,0,0,0.4938273057309179
72,Female,160/98,284,38.1,Yes,Yes,6,6,Home,0,0,0.4760980509335096
25,Other,152/96,231,39.3,Yes,No,10,8,Home,0,0,0.42101086045354924
43,Female,112/95,178,37.1,No,No,5,10,Rehab,0,1,0.534575877027606
47,Other,137/75,283,37.1,Yes,No,7,4,Home,0,0,0.439796549935478
22,Other,149/70,221,35.3,No,No,9,8,Home,0,0,0.4042144371088521
19,Male,158/97,276,24.0,No,No,7,8,Home,0,0,0.42720057067869277
64,Other,125/82,231,29.4,Yes,No,1,1,Rehab,1,1,0.6116079055339219
78,Male,121/97,290,29.0,Yes,No,9,2,Rehab,0,1,0.6174401318726482
63,Male,151/98,270,34.4,Yes,Yes,5,2,Home,0,0,0.46816756886489996
60,Male,110/77,202,18.4,Yes,Yes,5,6,Nursing_Facility,0,1,0.6210573291647709
38,Male,124/74,258,31.5,Yes,Yes,10,3,Rehab,0,1,0.6318161584764581
59,Female,121/80,168,36.0,No,No,1,8,Home,0,0,0.3930811125060173
38,Female,153/81,261,21.6,No,No,6,3,Home,0,0,0.41475355444219497
57,Male,153/87,287,26.7,No,Yes,5,5,Home,0,0,0.4458718257830612
74,Female,152/71,257,18.1,No,Yes,9,6,Home,0,0,0.4572302528077277
24,Other,128/83,215,33.2,No,Yes,10,9,Rehab,0,1,0.6023707283922597
83,Female,149/84,220,21.0,No,No,1,1,Home,0,0,0.41847487994801413
80,Other,135/83,168,22.2,Yes,Yes,3,8,Home,0,1,0.5062111635586412
22,Male,112/72,154,25.5,No,Yes,8,5,Home,0,0,0.43822408726626244
51,Male,156/94,206,38.1,Yes,Yes,6,7,Rehab,0,1,0.6218282289233932
46,Other,129/87,291,33.2,No,No,8,8,Home,0,0,0.4117725084272207
83,Male,146/94,257,29.0,Yes,Yes,2,4,Home,0,0,0.4736558000617987
24,Male,138/74,257,29.5,No,Yes,10,3,Nursing_Facility,0,1,0.5746643007099768
38,Other,113/84,267,25.9,No,Yes,6,8,Rehab,0,1,0.599877352724082
89,Female,147/77,273,39.9,No,Yes,9,2,Home,0,0,0.4527183864381978
52,Other,155/85,236,21.7,No,No,2,8,Nursing_Facility,0,1,0.5543628327903759
61,Female,139/97,230,30.9,Yes,No,4,3,Home,0,0,0.44402183226482167
47,Female,115/91,248,34.9,No,No,10,3,Home,0,0,0.40534692904553365
27,Female,153/90,243,39.0,Yes,Yes,10,3,Home,0,0,0.4646993179508986
71,Female,149/92,224,38.4,Yes,No,5,5,Nursing_Facility,0,1,0.5668311735698488
73,Other,141/99,207,22.3,No,No,2,9,Rehab,0,1,0.5688964355252741
79,Male,134/73,299,35.1,Yes,Yes,8,10,Rehab,0,1,0.6293171947638901
57,Female,123/91,184,36.8,No,No,8,9,Nursing_Facility,0,1,0.5191070731203683
76,Female,114/79,220,31.8,No,Yes,0,2,Rehab,0,1,0.5961796065326387
74,Other,117/97,258,25.1,No,No,4,2,Home,1,0,0.4249855765252088
26,Other,119/98,230,29.7,No,Yes,2,6,Home,0,0,0.4583174083339555
41,Female,150/95,290,26.5,No,Yes,0,7,Home,0,0,0.4383259566275749
23,Female,149/99,294,18.6,No,No,6,6,Home,0,0,0.4247879695342551
24,Male,119/73,200,27.7,Yes,Yes,5,3,Home,1,0,0.4717877283938649
40,Female,155/76,207,23.9,No,No,6,3,Rehab,0,1,0.5673478846267005
73,Other,134/73,240,39.4,No,No,0,2,Rehab,0,1,0.5555141929161266
76,Male,139/76,232,38.8,Yes,No,7,7,Home,0,0,0.43234937851675503
63,Other,155/90,275,22.8,Yes,No,1,2,Home,0,0,0.46837231268449964
28,Other,114/93,183,33.0,Yes,No,0,1,Home,0,0,0.433158139741708
38,Other,153/98,275,29.2,Yes,No,5,7,Home,0,0,0.45219879627718756
21,Male,113/92,178,24.8,Yes,Yes,1,4,Rehab,0,1,0.6190969020689946
30,Other,143/70,223,20.2,Yes,No,4,2,Home,0,0,0.44765649307526156
21,Female,117/93,220,25.9,No,Yes,1,7,Rehab,0,1,0.5945024235467224
42,Other,124/87,176,23.3,No,Yes,3,2,Home,0,0,0.43711426160700884
45,Female,133/82,292,29.2,Yes,No,10,6,Rehab,0,1,0.6052999198269591
79,Other,153/74,195,29.0,Yes,No,1,5,Nursing_Facility,0,1,0.5841440182547138
28,Female,144/80,286,29.0,Yes,No,7,4,Home,0,0,0.46104803436579256
32,Male,110/80,219,30.3,No,No,0,4,Home,0,0,0.40292266394303006
63,Other,125/72,226,32.1,Yes,Yes,7,4,Rehab,1,1,0.6350767630481586
54,Male,156/93,284,29.0,Yes,No,5,10,Home,0,0,0.4533771271103801
86,Female,148/73,299,35.3,No,Yes,10,4,Home,0,0,0.44506560232906217
75,Male,141/78,222,28.7,No,No,10,10,Home,0,0,0.413625877444447
90,Other,114/79,205,27.3,Yes,Yes,1,10,Home,0,0,0.4793540708211574
54,Other,129/95,220,38.0,No,No,3,8,Home,0,0,0.3871704866938857
69,Female,118/85,223,37.9,No,No,6,3,Home,0,0,0.3907286755507822
42,Other,120/93,181,24.3,Yes,Yes,6,4,Home,0,0,0.47868218134715873
64,Other,128/78,259,31.2,No,Yes,1,10,Home,0,0,0.44390913817326594
48,Female,122/76,240,39.5,Yes,Yes,3,5,Home,0,0,0.4512000403423111
65,Female,127/94,200,33.8,Yes,No,3,9,Nursing_Facility,0,1,0.5721812823913822
75,Female,129/93,214,20.2,No,Yes,6,4,Rehab,0,1,0.6088833699613115
40,Other,144/99,283,29.4,No,No,2,5,Home,1,0,0.4115489690076741
30,Male,112/94,182,27.5,No,No,8,8,Home,0,0,0.39041743452670025
57,Male,112/85,178,18.4,Yes,Yes,0,2,Home,0,0,0.4783697021109215
22,Female,135/81,237,36.2,No,Yes,3,4,Home,0,0,0.4242384622967136
59,Other,158/71,237,34.6,Yes,No,2,5,Rehab,1,1,0.594443596375748
90,Female,125/91,278,35.0,Yes,No,8,6,Home,0,0,0.44662484123439156
74,Other,121/76,206,23.1,Yes,No,6,10,Home,0,0,0.4554595238062798
53,Other,113/81,221,26.6,Yes,Yes,6,1,Nursing_Facility,0,1,0.6277932443232919
59,Male,133/94,226,33.7,No,Yes,8,10,Home,0,0,0.4267262198319852
77,Female,134/85,222,37.9,Yes,Yes,1,8,Home,0,0,0.4662410520229057
71,Female,145/98,295,30.4,Yes,Yes,6,5,Rehab,0,1,0.6333185158443763
69,Male,134/86,288,20.5,Yes,Yes,8,5,Home,0,1,0.5124420530573325
73,Male,143/77,275,35.1,Yes,Yes,2,9,Home,0,0,0.46970731341336863
38,Female,125/100,271,24.7,No,No,2,3,Rehab,0,1,0.5659710299392867
61,Other,131/99,182,39.6,No,Yes,1,3,Home,1,0,0.4193086683046813
29,Male,157/84,206,27.3,Yes,No,4,10,Home,0,0,0.4320326939335798
45,Male,160/77,235,29.7,No,No,5,3,Home,0,0,0.40326951978616865
54,Male,112/86,224,27.6,No,Yes,5,8,Rehab,0,1,0.5967338437125286
76,Other,144/99,171,29.3,No,No,8,9,Nursing_Facility,1,1,0.5409298473758758
64,Female,146/100,215,33.1,Yes,Yes,10,8,Home,0,0,0.4695497369063209
71,Other,136/76,194,18.1,No,Yes,5,3,Home,0,0,0.46663115420873946
24,Male,132/86,280,35.7,No,No,5,6,Rehab,0,1,0.5562359384287073
65,Other,158/80,194,18.7,No,Yes,7,8,Rehab,0,1,0.6307182074224001
90,Other,143/94,278,32.0,No,Yes,9,3,Nursing_Facility,0,1,0.5805841992133844
49,Other,112/70,277,18.7,Yes,No,5,1,Home,0,0,0.46538636430799685
23,Male,120/80,170,38.3,Yes,No,10,8,Rehab,0,1,0.5797830359600038
38,Female,129/74,182,25.3,Yes,Yes,9,6,Home,0,0,0.4814279554485844
71,Male,153/72,186,31.4,No,Yes,1,3,Home,0,0,0.42499308486921367
20,Female,151/96,170,30.6,No,No,0,4,Nursing_Facility,0,1,0.5284578181191663
63,Other,110/90,256,20.9,No,Yes,10,2,Home,0,0,0.4704164430144951
22,Male,148/92,257,24.1,No,Yes,3,3,Rehab,0,1,0.61150925476267
28,Other,114/82,281,32.4,Yes,No,2,9,Home,0,0,0.4488901881468238
54,Other,153/74,247,23.6,Yes,Yes,5,4,Rehab,0,1,0.6498664021139736
37,Female,127/100,247,22.3,No,Yes,6,8,Home,0,0,0.447038120142267
89,Female,118/70,173,25.5,Yes,No,10,3,Home,0,0,0.4439627394684861
30,Other,111/84,193,25.3,Yes,Yes,2,3,Home,0,0,0.47178837276419894
70,Male,134/100,256,31.7,No,Yes,9,6,Home,0,0,0.44400524830475957
50,Male,117/96,217,23.2,No,No,2,9,Home,0,0,0.40469542133101866
30,Male,156/81,152,21.9,No,Yes,8,6,Rehab,0,1,0.5893368259297953
21,Female,140/98,269,21.4,No,Yes,2,5,Home,0,0,0.45436411639800517
73,Female,160/94,241,28.6,Yes,Yes,8,3,Home,0,0,0.4808072561840711
86,Female,114/99,197,35.1,No,Yes,1,1,Home,0,0,0.426370624783236
27,Male,136/80,207,34.9,No,Yes,10,7,Home,0,0,0.4357063146524127
65,Male,122/100,186,20.4,No,Yes,0,10,Home,0,0,0.4408065304493187
54,Other,126/77,203,32.6,Yes,Yes,7,8,Home,0,0,0.48010187949996397
59,Female,150/90,177,31.5,No,No,1,5,Home,0,0,0.4094788334084969
86,Other,118/71,246,27.1,No,No,10,5,Home,1,0,0.40904965749133654
60,Other,130/83,182,22.6,No,No,1,4,Home,0,0,0.4048268495534794
72,Male,125/82,236,38.8,No,No,10,9,Home,0,0,0.3985641159753743
53,Other,152/72,260,38.2,Yes,No,9,6,Home,0,0,0.4290267073481067
53,Other,124/93,176,35.2,No,No,2,1,Home,1,0,0.39737868082726313
84,Male,113/75,244,19.6,No,Yes,9,1,Rehab,1,1,0.620702181202981
21,Other,134/82,256,28.8,No,Yes,5,2,Home,0,0,0.43493899174650213
51,Male,139/97,297,23.4,Yes,No,5,8,Nursing_Facility,1,1,0.6003967885692666
26,Female,146/88,298,30.3,No,Yes,6,8,Rehab,0,1,0.6005904506045754
36,Male,142/75,256,33.5,No,Yes,1,5,Rehab,1,1,0.5842536861632874
24,Male,137/98,266,27.5,Yes,No,7,8,Home,0,0,0.4559253950794244
43,Female,140/89,261,18.2,Yes,Yes,9,3,Home,0,0,0.4912680990477747
83,Other,139/77,153,20.3,No,Yes,9,7,Home,0,0,0.4408382158970459
36,Other,123/95,165,39.6,Yes,Yes,1,7,Home,0,0,0.4528849978185138
34,Other,126/98,282,36.5,No,No,9,5,Home,0,0,0.40735200979249325
38,Male,124/84,273,23.2,Yes,Yes,8,1,Rehab,0,1,0.6466111979339632
45,Male,123/99,234,20.4,No,No,5,6,Home,0,0,0.42648611291014965
41,Other,116/83,250,39.0,No,No,1,1,Home,0,0,0.3892188770242806
31,Female,119/93,216,23.7,No,No,3,7,Home,0,0,0.41536198405752234
64,Other,145/91,235,25.9,No,Yes,0,3,Home,1,0,0.44673009872865654
77,Male,157/73,154,37.2,No,Yes,10,7,Rehab,0,1,0.5792809682977226
76,Female,151/88,265,32.9,No,No,2,5,Home,0,0,0.4076879519281183
63,Other,128/79,258,28.4,No,No,6,6,Home,0,0,0.41281247660061926
83,Male,153/87,156,32.3,No,Yes,5,2,Home,1,0,0.4233544539480522
43,Female,128/96,226,30.0,No,Yes,3,7,Home,0,0,0.44205939982833575
57,Other,151/90,159,20.9,Yes,No,4,8,Home,0,0,0.45572129961862606
42,Other,116/82,178,20.2,Yes,Yes,2,4,Home,0,0,0.4797195671226638
38,Male,144/94,208,29.5,No,No,10,5,Home,0,0,0.4143516139511222
88,Female,129/96,264,22.7,Yes,No,4,2,Rehab,0,1,0.6141116196770233
84,Other,111/71,187,31.6,Yes,Yes,1,7,Nursing_Facility,0,1,0.60568628312786
32,Other,117/72,219,39.8,Yes,No,0,3,Home,0,0,0.4351199448582641
63,Female,114/71,161,30.8,No,Yes,9,2,Home,0,0,0.4301503624522674
77,Male,140/82,179,26.4,Yes,No,8,2,Home,0,0,0.4426621990044433
37,Female,131/87,287,31.6,No,No,0,10,Home,0,0,0.4069322014813323
86,Female,122/94,250,38.6,Yes,Yes,8,2,Rehab,0,1,0.6296921954409371
59,Other,124/91,216,36.3,Yes,No,4,4,Home,0,0,0.4257435735263106
58,Female,138/95,254,31.8,Yes,Yes,10,6,Nursing_Facility,0,1,0.6244894915435037
60,Male,131/100,211,27.8,No,No,0,7,Home,0,0,0.4072757479450379
54,Other,120/96,197,30.6,Yes,No,5,4,Nursing_Facility,1,1,0.5807854574184238
18,Female,111/89,264,38.3,No,Yes,3,6,Home,0,0,0.4287199643913602
47,Male,154/92,207,21.5,No,No,0,9,Home,0,0,0.4058232035938735
55,Male,151/92,228,34.7,Yes,No,10,1,Home,0,0,0.42901699386390424
21,Other,138/83,188,21.9,No,No,2,8,Rehab,0,1,0.580823152228834
58,Other,145/86,246,20.6,No,No,5,5,Rehab,0,1,0.5776761189031663
46,Other,131/98,164,27.4,No,No,4,6,Home,1,0,0.40953539578653175
76,Other,124/71,284,37.2,No,Yes,10,3,Home,0,0,0.439919491833098
76,Other,111/86,211,40.0,Yes,Yes,8,7,Rehab,0,1,0.6284383906249162
22,Female,140/74,150,36.3,No,No,7,5,Rehab,0,1,0.5453470304759384
77,Female,149/77,253,33.9,No,No,4,2,Rehab,0,1,0.5535128824035133
42,Other,143/76,277,20.0,Yes,No,4,1,Home,0,0,0.46453889380662944
56,Other,114/92,195,34.6,No,No,10,3,Home,0,0,0.39887090740920833
62,Male,147/93,154,27.5,No,Yes,4,7,Home,0,0,0.4268338684180213
77,Other,115/96,284,21.4,No,Yes,4,10,Home,0,0,0.4627653111042111
20,Other,124/71,226,26.7,No,Yes,0,3,Home,0,0,0.44107997357033757
71,Male,132/100,219,29.7,No,No,3,5,Home,0,0,0.3977304697986008
43,Female,114/76,230,26.9,Yes,No,2,7,Home,0,0,0.4478404676201758
18,Other,119/86,232,29.1,Yes,Yes,4,2,Nursing_Facility,0,1,0.6220799813479719
26,Other,120/77,290,24.3,Yes,Yes,1,8,Home,0,0,0.48999369498817014
37,Male,129/88,221,28.3,Yes,Yes,5,1,Home,1,0,0.4701347434987349
62,Male,150/86,153,35.5,No,No,6,8,Rehab,0,1,0.537452015398402
50,Other,114/94,245,28.7,No,Yes,8,4,Home,0,0,0.4429232119020664
18,Female,147/70,263,38.3,Yes,Yes,6,5,Rehab,0,1,0.6300615310102257
65,Male,124/85,155,31.1,Yes,No,6,1,Home,0,0,0.4211693442157891
88,Female,126/81,182,21.9,No,Yes,5,8,Home,0,0,0.44431920373880956
50,Female,152/93,181,31.3,No,No,7,5,Rehab,0,1,0.5541936874800719
23,Other,125/99,166,26.8,Yes,No,3,7,Home,1,0,0.43489863026738385
34,Other,121/75,198,31.8,Yes,No,5,2,Home,1,0,0.44299234129615356
88,Other,127/86,186,31.7,Yes,No,6,7,Home,0,0,0.43506313056263834
26,Male,158/96,259,18.4,No,Yes,4,9,Nursing_Facility,0,1,0.591595335187932
80,Female,132/91,259,20.7,Yes,Yes,8,6,Home,0,0,0.49738389787667653
40,Male,112/77,155,39.8,No,No,9,1,Home,0,0,0.38401604454275967
28,Male,129/75,277,26.6,Yes,Yes,8,3,Rehab,0,1,0.6559125343211635
40,Male,155/80,173,39.5,No,No,0,7,Home,0,0,0.38179645800429335
72,Other,128/91,170,37.5,Yes,No,6,3,Home,0,0,0.4357093267630504
44,Other,152/93,278,26.4,Yes,Yes,4,1,Home,0,0,0.48898167718373
90,Male,152/100,225,24.4,Yes,Yes,6,2,Home,0,0,0.47727648009923024
41,Male,117/84,221,38.6,Yes,Yes,6,4,Home,1,0,0.4530717985765431
63,Other,130/78,153,35.2,No,No,3,8,Rehab,0,1,0.5476675063340569
27,Female,122/100,159,24.2,No,No,3,10,Home,0,0,0.39973121238605136
36,Female,149/82,183,28.5,No,Yes,3,10,Home,0,0,0.4331693273662882
67,Female,154/98,270,28.1,No,No,5,2,Nursing_Facility,0,1,0.5602806454049105
74,Other,158/86,164,38.5,No,Yes,4,7,Rehab,0,1,0.5824658866850436
84,Other,128/100,203,33.5,Yes,Yes,0,1,Home,0,0,0.46104820732175683
59,Male,119/83,257,20.7,Yes,No,4,10,Home,0,0,0.48275270025752776
63,Male,119/88,228,37.7,No,Yes,10,5,Rehab,0,1,0.596379611297494
54,Other,138/83,214,23.8,No,No,9,8,Home,0,0,0.4266993893905259
29,Male,120/84,285,19.5,No,No,4,2,Home,0,0,0.42085900327385134
85,Other,147/81,281,35.1,Yes,Yes,6,1,Rehab,0,1,0.6403555173219387
40,Male,132/85,250,22.0,Yes,No,7,10,Nursing_Facility,1,1,0.5839654993177601
49,Male,131/74,261,37.6,No,Yes,10,9,Nursing_Facility,0,1,0.5706158324561094
54,Other,152/99,290,31.9,No,No,7,7,Home,0,0,0.407154490080983
37,Other,155/98,268,33.2,Yes,Yes,3,10,Home,0,0,0.4838021309875217
85,Other,129/92,152,37.6,No,No,5,7,Home,1,0,0.3941911296979658
42,Male,134/71,241,22.9,Yes,Yes,0,10,Home,0,0,0.47800442359379974
88,Male,142/81,281,34.5,No,Yes,2,5,Home,0,0,0.43632728438197826
78,Male,122/71,279,39.3,Yes,No,8,2,Home,0,0,0.44892775015057645
26,Other,121/83,200,38.5,Yes,No,1,1,Home,1,0,0.416678468511691
48,Male,153/98,173,20.2,Yes,Yes,7,10,Home,0,0,0.4797719873922648
33,Female,125/83,174,34.2,Yes,No,7,1,Home,0,0,0.4297748041063501
72,Male,140/82,274,33.3,No,No,10,7,Nursing_Facility,0,1,0.549124485636208
68,Other,138/98,163,27.6,No,No,7,8,Rehab,0,1,0.5709585090774579
26,Female,120/94,173,27.6,Yes,Yes,0,3,Home,0,0,0.4634400992432013
88,Other,134/86,258,29.4,No,No,9,6,Home,0,0,0.4340285527922317
51,Other,120/76,235,24.6,No,Yes,4,3,Home,0,0,0.4539847519648767
51,Male,135/86,180,23.2,Yes,No,3,7,Home,0,0,0.44843928890366097
76,Female,147/84,185,25.7,Yes,Yes,5,6,Nursing_Facility,0,1,0.6094185435925825
80,Male,116/71,253,34.3,Yes,No,7,3,Home,0,0,0.4429285934377719
23,Other,123/80,196,21.5,Yes,No,1,2,Rehab,0,1,0.6042560089495156
75,Female,150/79,182,22.7,Yes,Yes,6,10,Home,0,0,0.484052087761436
72,Male,153/71,276,19.0,No,No,4,8,Home,0,0,0.4254540737982562
89,Female,141/82,233,23.7,No,Yes,6,3,Home,0,0,0.44339878866690313
79,Male,142/79,276,19.4,No,Yes,7,1,Home,0,0,0.4711132889944209
55,Female,139/96,252,34.7,No,Yes,2,9,Rehab,0,1,0.6087387162187177
44,Female,136/78,173,18.2,Yes,Yes,3,3,Home,0,0,0.4911030488897934
39,Other,126/70,225,38.1,Yes,No,4,7,Rehab,0,1,0.595221580809975
60,Female,154/79,233,27.3,Yes,No,0,2,Home,0,0,0.4503964324427217
43,Female,113/83,214,30.7,No,No,2,5,Home,0,0,0.40749914698179235
37,Other,119/72,154,18.5,Yes,Yes,5,10,Home,0,0,0.49147068485226875
60,Female,149/82,290,21.0,Yes,Yes,10,7,Nursing_Facility,0,1,0.6378002003992619
51,Male,129/89,250,29.3,No,Yes,7,7,Nursing_Facility,0,1,0.5877002568910676
20,Female,114/82,195,21.0,No,No,4,2,Home,1,0,0.41953431341980735
85,Other,150/83,277,21.1,Yes,No,8,1,Home,0,0,0.46174018968213765
56,Female,119/99,238,38.7,No,Yes,4,8,Home,1,0,0.435537483403012
19,Other,152/80,168,36.7,No,Yes,5,1,Home,1,0,0.42236114233515026
43,Male,120/93,270,25.3,Yes,Yes,2,3,Rehab,0,1,0.6369315530991261
26,Male,123/73,254,39.5,No,No,2,6,Rehab,0,1,0.5381958123416389
78,Other,155/83,286,23.0,No,Yes,3,8,Home,0,0,0.4606759901934128
87,Other,146/92,194,18.8,Yes,No,5,5,Home,1,0,0.4589032336562262
77,Female,132/95,241,20.4,No,No,10,1,Home,0,0,0.42200234378689955
74,Male,130/76,170,24.0,Yes,No,9,3,Home,0,0,0.4451270895077317
33,Male,124/73,269,33.4,No,Yes,7,6,Home,0,0,0.42618624065561744
29,Male,139/82,204,18.5,Yes,No,10,4,Home,0,0,0.45177280360495714
49,Other,150/88,240,23.1,No,Yes,5,4,Rehab,0,1,0.6155367962568826
50,Female,134/92,262,22.0,No,No,9,5,Home,0,0,0.4214892354777222
37,Other,146/78,160,19.6,Yes,No,6,6,Home,0,0,0.449470763914796
88,Male,139/73,202,25.7,Yes,No,0,10,Rehab,0,1,0.5931763032521061
84,Other,158/78,180,27.2,No,Yes,6,5,Home,0,0,0.44033784686592997
38,Female,160/90,150,21.4,Yes,Yes,3,3,Rehab,1,1,0.6375770369704647
41,Female,126/84,300,23.9,Yes,No,1,7,Home,0,0,0.46457580577291147
54,Other,148/83,259,26.7,No,Yes,5,7,Nursing_Facility,0,1,0.6007147152867868
66,Other,146/86,240,32.9,No,Yes,5,6,Home,0,0,0.4275963383855406
24,Male,133/91,271,26.8,No,No,3,2,Rehab,0,1,0.5820207778442497
24,Male,147/76,237,38.7,Yes,No,10,7,Home,0,0,0.41837008320294294
72,Female,147/76,270,24.0,No,Yes,1,1,Home,0,0,0.4469123833193114
59,Female,140/91,254,32.8,Yes,Yes,4,9,Home,0,0,0.4743814380569689
26,Female,121/77,276,36.4,Yes,Yes,3,10,Rehab,0,1,0.6127313653631723
45,Male,112/98,254,39.3,Yes,No,8,2,Nursing_Facility,0,1,0.5720660540857407
66,Other,133/87,271,28.4,No,Yes,8,2,Nursing_Facility,0,1,0.5905183350498717
76,Other,136/96,200,39.0,No,Yes,9,7,Home,0,0,0.4301060797351184
29,Male,142/99,163,29.7,No,No,10,1,Home,0,0,0.3941007025166362
32,Female,155/83,279,38.6,No,No,8,4,Home,0,0,0.39927174855867276
36,Male,132/82,299,35.5,No,Yes,9,10,Rehab,0,1,0.5875757255119889
21,Male,132/84,250,30.2,Yes,Yes,2,6,Home,1,0,0.4655702825843947
26,Male,144/91,242,29.1,No,Yes,10,10,Rehab,1,1,0.6018927934480068
55,Other,157/79,237,18.9,Yes,Yes,0,7,Rehab,1,1,0.6558355285600905
57,Male,150/87,280,23.6,Yes,Yes,2,2,Rehab,0,1,0.6420258950352816
23,Other,156/80,227,35.3,Yes,No,3,10,Home,0,0,0.4330315321864372
70,Male,142/72,286,32.1,No,Yes,1,5,Rehab,1,1,0.59215810509548
26,Male,133/88,191,30.2,No,Yes,3,1,Nursing_Facility,1,1,0.5712161904040941
43,Male,135/93,206,22.0,Yes,No,7,10,Rehab,0,1,0.6091659399709134
31,Other,127/88,211,26.4,No,No,3,10,Home,0,0,0.40844311068038475
42,Female,158/85,299,22.0,No,Yes,8,8,Rehab,0,1,0.62074408914224
75,Male,157/75,185,18.4,No,Yes,8,1,Home,0,0,0.46219305060448856
56,Male,112/89,224,19.8,Yes,Yes,8,9,Home,0,0,0.4840024225117534
19,Male,136/71,216,22.2,Yes,Yes,9,10,Home,0,0,0.4811355377594042
41,Male,154/98,163,29.3,No,No,4,10,Home,0,0,0.39671399261867907
34,Female,156/83,201,18.5,Yes,No,0,9,Home,0,0,0.4526921096292978
72,Female,117/98,235,24.0,Yes,Yes,7,1,Home,0,0,0.48979671498791866
66,Other,152/79,176,30.3,No,No,5,7,Home,0,0,0.4006796477041475
70,Female,119/96,198,35.1,Yes,No,4,8,Home,0,0,0.41928420522274146
36,Female,160/91,177,33.0,No,Yes,8,7,Home,0,0,0.42855025583255946
43,Other,144/75,225,23.6,No,No,3,6,Home,0,0,0.40924637629182364
58,Other,135/77,202,28.5,Yes,No,1,9,Home,0,0,0.44768087662965195
85,Other,143/82,246,21.1,No,No,0,10,Home,0,0,0.43508209430802874
45,Male,114/93,208,31.0,No,No,0,6,Home,0,0,0.39639068224693136
53,Female,158/99,286,37.5,Yes,No,8,9,Rehab,1,1,0.593109501377945
47,Female,138/72,205,26.9,Yes,No,4,8,Rehab,0,1,0.5915919031897946
41,Other,138/72,158,24.8,Yes,Yes,0,7,Rehab,0,1,0.6253173765718837
37,Female,150/98,187,38.8,No,No,8,6,Home,0,0,0.3824601297301747
85,Other,115/88,172,23.6,Yes,No,4,6,Home,0,0,0.4372242433867448
66,Male,119/89,229,25.9,No,Yes,7,6,Rehab,0,1,0.5980032125394484
37,Male,154/96,218,34.6,Yes,Yes,5,8,Home,0,0,0.45245884183711715
45,Other,157/93,224,34.2,Yes,Yes,2,1,Home,0,0,0.4738758923420046
34,Female,112/94,224,29.8,Yes,No,4,1,Rehab,0,1,0.5889531269135183
68,Other,127/83,192,24.9,Yes,No,8,7,Rehab,0,1,0.6056623686201337
24,Male,159/88,273,20.5,No,Yes,1,5,Home,0,0,0.4503022087571816
47,Female,154/81,213,27.1,No,No,4,10,Home,0,0,0.4094325471883682
26,Male,151/84,158,32.5,No,No,1,9,Rehab,0,1,0.5412343604093458
41,Male,146/94,283,28.5,Yes,No,6,1,Home,0,0,0.4451291081426155
60,Other,116/86,210,21.4,Yes,No,4,5,Home,1,0,0.45255750277147516
72,Other,117/96,161,23.5,Yes,No,7,8,Home,0,0,0.44259519848654044
40,Female,113/79,184,23.7,Yes,No,3,1,Home,0,0,0.43912736792817453
66,Female,153/99,277,35.2,No,Yes,0,1,Home,0,0,0.43858651189785347
56,Female,145/73,297,36.4,No,Yes,8,6,Rehab,0,1,0.5916550218189133
34,Other,149/94,172,33.1,No,Yes,2,8,Home,0,0,0.4324717048783986
42,Female,124/83,186,20.2,No,Yes,3,3,Home,0,0,0.4500181280249571
19,Male,138/77,269,24.6,No,No,4,5,Home,0,0,0.4184772963384926
53,Other,130/99,172,27.8,No,No,7,9,Home,0,0,0.4133630413263047
54,Other,157/80,162,27.7,No,Yes,2,7,Home,0,0,0.44357814771312015
51,Male,146/92,172,27.5,No,Yes,6,2,Home,1,0,0.43512449439954753
78,Female,136/94,202,22.8,Yes,No,5,7,Home,0,0,0.4469076566844267
38,Other,138/74,270,23.9,No,No,5,1,Home,0,0,0.4164894516076579
30,Female,115/72,262,22.8,No,Yes,7,9,Rehab,0,1,0.6244164260961547
18,Female,120/72,300,21.5,Yes,No,5,7,Home,0,0,0.45720034708668433
27,Other,128/78,174,23.6,No,No,6,3,Home,0,0,0.4151844155513485
33,Female,131/88,214,38.2,No,Yes,10,6,Home,0,0,0.4298864856214891
79,Female,134/71,269,21.8,Yes,Yes,8,1,Rehab,0,1,0.6513902036381551
18,Female,128/92,224,22.4,Yes,No,5,6,Nursing_Facility,1,1,0.5899510361605449
58,Other,127/92,283,32.2,Yes,No,10,10,Rehab,0,1,0.6134605536322913
56,Female,152/74,168,25.7,No,Yes,2,1,Home,0,0,0.4425740482413447
22,Male,114/71,293,34.7,Yes,No,4,3,Home,0,0,0.4348592225861761
42,Female,160/75,172,26.4,No,Yes,8,8,Home,0,0,0.43799186246380617
24,Male,140/70,258,34.3,No,Yes,9,6,Rehab,0,1,0.6003455539800917
26,Male,137/92,265,26.5,Yes,No,9,6,Rehab,0,1,0.6107046782644425
28,Female,151/78,160,24.6,No,No,1,10,Home,0,0,0.4038641447561948
22,Other,143/75,222,22.5,Yes,No,5,1,Home,0,0,0.45696910345473724
61,Female,117/91,235,29.2,No,No,10,2,Rehab,1,1,0.5791228504330975
61,Male,150/86,259,35.4,Yes,No,6,3,Home,0,0,0.4285344906262462
63,Female,153/86,167,24.4,No,Yes,10,10,Home,1,0,0.44974919155205034
22,Male,148/94,169,35.1,Yes,Yes,7,4,Home,0,0,0.45646438239625314
18,Male,142/72,236,36.7,No,No,1,4,Home,0,0,0.38457702499220403
90,Other,110/84,262,35.1,No,No,2,1,Home,0,0,0.41129446833098415
54,Female,131/93,290,29.9,Yes,Yes,5,8,Rehab,0,1,0.6486741049426915
36,Female,147/95,216,26.4,No,No,3,9,Nursing_Facility,0,1,0.5462251183669382
65,Male,157/85,254,29.1,No,Yes,5,4,Home,0,0,0.44104367239508213
79,Female,151/94,201,28.2,No,Yes,7,5,Rehab,0,1,0.6003375514610968
58,Male,116/99,225,34.3,Yes,No,2,9,Home,0,0,0.4299360281586706
74,Other,137/71,274,29.0,Yes,No,6,9,Home,0,0,0.4408011953632601
78,Female,129/93,253,18.9,Yes,Yes,6,7,Rehab,0,1,0.6469124191000919
73,Male,114/91,253,38.6,Yes,No,8,7,Home,1,0,0.4283263159554482
62,Female,148/99,161,22.5,No,No,0,9,Home,0,0,0.40759363156679274
53,Other,159/79,200,24.3,Yes,No,2,7,Home,0,0,0.44557693643533547
28,Female,151/92,196,26.1,Yes,No,2,8,Home,0,0,0.43128913043166495
63,Other,154/80,164,38.5,No,No,6,8,Home,0,0,0.3741838330444771
89,Male,151/84,220,32.6,No,Yes,2,1,Home,0,0,0.43067416990748136
68,Male,150/95,290,34.8,Yes,No,2,6,Home,0,0,0.4271066421303341
25,Female,159/85,238,28.8,Yes,Yes,1,6,Home,1,0,0.4748434405191451
38,Female,123/79,154,31.9,Yes,No,10,7,Nursing_Facility,0,1,0.5699073223177671
29,Other,138/78,246,24.3,Yes,No,7,7,Home,0,0,0.44781769349670886
28,Male,134/82,195,24.7,No,No,9,7,Rehab,0,1,0.5516060226340979
28,Male,148/90,163,21.8,Yes,Yes,7,3,Nursing_Facility,1,1,0.6039295558853983
30,Other,116/90,294,24.1,No,Yes,0,3,Home,0,0,0.4636764094398049
19,Other,119/97,288,33.8,Yes,Yes,4,8,Rehab,0,1,0.6365449610520143
57,Male,149/78,296,19.8,Yes,Yes,3,5,Nursing_Facility,0,1,0.6326253522485877
63,Male,141/82,154,31.6,Yes,Yes,10,10,Home,0,0,0.4512728544096219
38,Male,136/74,268,21.7,Yes,Yes,10,6,Rehab,0,1,0.6377776569081473
85,Male,124/96,244,21.8,No,No,10,6,Home,0,0,0.41477420456426245
42,Male,153/74,209,39.8,No,No,9,3,Home,1,0,0.3905650093936379
31,Other,112/80,210,35.4,No,No,8,4,Home,0,0,0.4035697995677015
53,Male,160/71,246,25.5,Yes,Yes,5,3,Rehab,0,1,0.6294102027892333
34,Male,131/88,290,26.4,No,No,10,1,Home,0,0,0.4243584567053486
33,Other,120/79,299,36.3,Yes,No,3,10,Rehab,0,1,0.6040928913363872
32,Male,148/99,203,22.3,Yes,Yes,1,9,Home,0,0,0.4789584090111999
75,Female,155/76,206,30.4,No,No,2,8,Home,0,0,0.39538199630531085
52,Male,153/70,297,22.7,No,No,2,10,Rehab,0,1,0.5891060739397473
52,Other,116/82,196,26.2,No,Yes,0,7,Home,0,0,0.43600232682483914
63,Female,129/97,277,34.3,Yes,No,3,8,Home,0,0,0.43050386802184554
65,Male,123/100,228,24.2,Yes,No,7,1,Rehab,0,1,0.6047435245822147
60,Other,146/78,198,21.0,No,Yes,8,7,Nursing_Facility,0,1,0.5939463560664309
39,Other,147/95,267,31.8,No,Yes,5,3,Home,0,0,0.4468782810237966
45,Other,119/93,244,18.4,No,No,1,10,Home,0,0,0.4305413343404117
39,Other,140/74,289,21.8,Yes,Yes,4,5,Home,0,0,0.49942071248344067
75,Female,130/85,216,31.1,No,No,8,6,Home,0,0,0.39289669503210395
82,Female,160/83,277,25.6,No,No,4,5,Rehab,0,1,0.5703474600563476
38,Other,124/77,297,29.8,Yes,Yes,9,3,Nursing_Facility,0,1,0.639951193349956
74,Male,135/96,178,23.1,No,Yes,1,7,Rehab,0,1,0.601515906803438
50,Male,160/92,286,36.3,Yes,No,3,5,Home,0,0,0.43085896968780174
29,Other,150/92,165,27.0,Yes,No,4,8,Home,0,0,0.4348539328587378
55,Other,142/90,155,30.1,No,No,5,2,Rehab,0,1,0.5606178069576527
40,Male,124/96,278,21.4,Yes,No,8,9,Nursing_Facility,0,1,0.590443528297747
64,Male,151/78,249,33.8,Yes,Yes,0,3,Home,1,0,0.47215653030610194
82,Male,118/95,159,30.8,No,No,8,6,Nursing_Facility,0,1,0.5342918698256213
79,Female,115/94,204,22.7,Yes,Yes,6,9,Home,0,0,0.48540378210752516
37,Male,114/90,274,37.4,No,No,5,9,Home,0,0,0.39344584270911304
49,Male,125/88,265,24.9,Yes,No,9,10,Rehab,0,1,0.5958147037335966
19,Other,140/76,193,35.7,Yes,Yes,4,5,Rehab,0,1,0.6213060042206172
27,Other,155/86,210,27.6,Yes,No,4,4,Rehab,0,1,0.6093375832802719
33,Male,123/77,180,36.5,Yes,Yes,6,6,Home,1,0,0.4561490010105325
80,Female,122/87,166,35.0,No,Yes,2,2,Home,0,0,0.41377957843996094
56,Male,123/75,271,34.2,Yes,No,4,6,Nursing_Facility,0,1,0.571012380251515
90,Male,132/91,155,24.8,Yes,No,3,5,Home,0,0,0.43998766074531853
36,Female,128/94,293,27.2,No,No,2,6,Rehab,0,1,0.5659977036773826
31,Female,120/80,171,36.8,Yes,Yes,5,6,Home,0,0,0.45739466367026216
34,Female,148/71,169,34.5,Yes,Yes,10,1,Home,0,0,0.4654853426368771
78,Other,158/98,228,25.5,No,No,7,7,Home,0,0,0.41608492483094967
35,Other,159/85,185,20.6,Yes,Yes,0,9,Home,0,0,0.4847240950837754
77,Other,153/90,230,19.2,No,Yes,8,4,Rehab,0,1,0.6232602311189229
20,Female,111/75,280,31.2,No,Yes,9,3,Home,0,0,0.44526863513502946
61,Female,140/71,213,32.9,Yes,Yes,4,4,Home,0,0,0.46690994431008703
51,Other,132/84,294,21.9,Yes,No,4,4,Home,0,0,0.46058749786643016
21,Other,121/75,151,38.7,No,No,2,10,Home,0,0,0.3868070271716344
90,Male,124/71,296,39.8,Yes,No,6,6,Rehab,1,1,0.5873199132540052
78,Female,113/91,191,34.9,Yes,Yes,8,1,Home,0,0,0.47241000898243163
26,Female,150/95,182,24.0,No,No,4,3,Home,0,0,0.39825772123840847
23,Other,145/77,165,18.4,Yes,Yes,1,3,Home,0,0,0.49440198022632376
65,Female,131/70,257,37.7,No,Yes,9,2,Home,0,0,0.424244285869849
71,Male,121/86,277,25.2,No,No,1,8,Home,0,0,0.4193178783614106
20,Male,143/91,290,38.4,Yes,No,8,10,Home,1,0,0.4265362149368792
34,Female,116/88,159,38.0,No,Yes,1,9,Home,0,0,0.4125864792175506
73,Female,150/80,190,34.5,No,Yes,2,10,Home,0,0,0.44304126041491315
67,Female,132/79,274,35.0,No,Yes,7,9,Home,0,0,0.4281662982765646
22,Female,137/95,191,26.8,No,Yes,9,5,Home,0,0,0.449843270952533
49,Other,130/100,270,23.6,No,Yes,2,3,Home,0,0,0.46048798643547056
54,Other,145/89,295,19.3,Yes,No,7,2,Nursing_Facility,0,1,0.607487044354453
87,Male,132/74,262,31.3,No,Yes,9,9,Home,0,0,0.4328807821582106
18,Male,153/99,195,27.1,No,Yes,6,5,Home,0,0,0.43746769821251485
26,Female,110/77,211,22.8,Yes,Yes,10,6,Home,1,0,0.4786369275519701
24,Female,143/73,300,25.5,Yes,Yes,6,3,Home,0,0,0.49119876643037846
31,Male,126/74,224,31.2,Yes,Yes,2,2,Home,0,0,0.46740018404510963
50,Female,160/96,298,31.3,Yes,No,7,8,Rehab,0,1,0.5970940516512976
54,Male,115/93,157,24.3,No,Yes,0,2,Home,0,0,0.42972792593759784
67,Other,147/86,284,38.3,No,No,4,3,Home,0,0,0.40904030842031636
39,Male,126/96,222,30.7,Yes,Yes,10,3,Home,0,0,0.4676244001917752
64,Female,126/73,167,36.6,No,Yes,6,9,Rehab,1,1,0.5765196778516406
69,Other,159/100,258,22.2,Yes,Yes,6,7,Home,1,1,0.503067605845184
60,Other,133/77,182,39.6,Yes,Yes,10,1,Home,0,0,0.4722904423291907
85,Male,125/89,172,38.5,Yes,No,7,3,Home,0,0,0.4317702558743004
86,Male,118/79,277,31.3,No,Yes,8,4,Home,1,0,0.4323930949990401
41,Male,142/76,154,24.9,No,No,9,2,Home,0,0,0.4039271150091579
46,Other,122/90,247,39.2,No,No,2,9,Home,0,0,0.3947900373742962
31,Male,130/80,289,27.9,Yes,No,4,7,Home,0,0,0.44041711204613204
57,Other,120/74,219,30.9,No,No,9,7,Home,0,0,0.4048318582103431
86,Female,148/83,200,22.8,No,No,10,9,Home,0,0,0.422089715773387
51,Male,142/70,283,21.3,No,No,4,1,Home,0,0,0.41872477047443635
33,Other,115/98,177,36.8,No,Yes,3,7,Home,0,0,0.4191965894973735
69,Male,133/85,253,26.4,Yes,No,1,7,Home,0,0,0.44934266998087247
60,Other,144/99,287,33.1,No,No,2,10,Rehab,0,1,0.5642704600933861
59,Other,143/90,216,33.1,No,No,5,10,Nursing_Facility,0,1,0.5326747648831226
77,Male,124/73,255,22.7,No,Yes,10,9,Nursing_Facility,1,1,0.5837339630661291
38,Male,127/94,261,37.4,Yes,No,9,1,Nursing_Facility,0,1,0.5782309997387716
53,Other,139/77,173,23.6,No,Yes,1,10,Rehab,0,1,0.590917052877873
48,Other,113/84,294,20.9,No,No,4,6,Home,0,0,0.4184149730352177
31,Female,138/73,297,19.7,No,Yes,3,5,Home,0,0,0.45295703803243553
29,Other,155/71,251,22.2,Yes,No,7,3,Home,0,0,0.4597166695655002
86,Male,143/99,268,20.9,No,No,2,9,Home,0,0,0.40997371904759616
45,Male,115/81,264,18.5,Yes,No,2,3,Home,0,0,0.45952374160984805
73,Other,160/90,236,25.3,Yes,Yes,4,2,Home,0,0,0.49364852028179734
81,Male,150/94,242,31.4,No,Yes,6,3,Home,0,0,0.4450102237591145
20,Male,116/99,157,28.3,No,Yes,9,7,Home,0,0,0.43258222584605516
79,Female,115/80,188,32.1,No,No,9,9,Nursing_Facility,1,1,0.5388661288063948
86,Male,119/100,290,39.9,Yes,Yes,7,9,Nursing_Facility,1,1,0.5983730077910183
36,Other,127/72,296,31.1,Yes,No,2,5,Home,0,0,0.4519729496201669
28,Female,126/72,230,23.5,No,Yes,5,10,Rehab,0,1,0.6201514152464648
79,Other,114/93,233,30.7,No,No,10,5,Home,0,0,0.41399847747361856
67,Male,155/75,212,29.9,Yes,No,1,3,Home,0,0,0.42839556276602414
77,Other,116/73,185,19.9,No,No,0,7,Home,0,0,0.4196368797926846
61,Male,158/93,228,40.0,Yes,No,3,1,Home,1,0,0.4220806578198871
22,Other,135/71,236,37.8,No,No,9,6,Rehab,0,1,0.5624721369960378
81,Female,143/79,284,38.0,Yes,Yes,10,10,Rehab,0,1,0.6354312162904282
48,Female,149/78,150,39.0,No,No,6,10,Home,0,0,0.378638552675143
37,Female,127/84,213,20.0,Yes,No,1,8,Home,0,0,0.44513341063760187
25,Male,137/95,186,33.3,No,Yes,6,7,Home,0,0,0.4350437892759813
84,Female,142/83,210,20.2,Yes,No,10,7,Rehab,0,1,0.614907441524291
50,Male,118/82,167,22.0,Yes,Yes,5,1,Rehab,0,1,0.6302184964969522
45,Male,128/78,276,24.3,Yes,No,9,7,Home,0,0,0.45447239775234916
72,Male,128/93,231,25.4,Yes,Yes,2,9,Nursing_Facility,0,1,0.6211582372923988
28,Female,136/74,206,35.3,Yes,Yes,8,9,Home,0,0,0.45057642060179565
52,Male,122/93,286,31.1,Yes,No,6,3,Home,0,0,0.4465036692160083
40,Female,144/94,240,39.3,Yes,No,0,4,Home,1,0,0.4352861045215014
69,Other,112/94,173,28.8,No,Yes,9,5,Home,0,0,0.4315792197285757
22,Female,143/74,250,28.4,No,No,1,2,Home,0,0,0.40041141716875844
73,Other,154/88,237,35.1,Yes,No,8,5,Home,0,0,0.44251617364970613
76,Other,121/93,217,23.6,No,Yes,4,5,Rehab,0,1,0.6133371386897477
63,Male,129/73,159,26.1,No,No,10,3,Home,0,0,0.4134975314247609
18,Female,150/75,171,37.4,Yes,No,3,2,Nursing_Facility,0,1,0.5697208876505012
80,Other,153/70,152,28.1,Yes,Yes,2,2,Nursing_Facility,0,1,0.6237989454219818
84,Other,117/84,158,20.1,No,Yes,0,5,Rehab,0,1,0.6036998724470579
54,Male,133/84,204,35.1,No,No,1,6,Rehab,0,1,0.5500300148134931
34,Female,145/89,219,24.7,No,Yes,4,5,Home,0,0,0.4391287660706641
83,Female,160/83,164,28.9,No,Yes,2,5,Home,0,0,0.4243276816907591
54,Other,113/97,241,34.3,Yes,No,7,7,Home,0,0,0.4351676373204215
80,Other,143/89,171,30.8,No,Yes,2,9,Home,0,0,0.43991584189413063
89,Male,133/92,282,20.7,No,Yes,2,1,Home,0,0,0.46926962084435414
21,Female,145/99,260,24.9,Yes,No,9,3,Rehab,1,1,0.6070099894245677
88,Other,131/84,229,25.9,Yes,Yes,10,3,Home,0,0,0.48409999928312447
71,Male,130/89,277,18.8,No,Yes,10,5,Home,1,0,0.4649707523567861
61,Female,126/97,156,31.5,No,No,5,4,Home,0,0,0.40828128340581843
63,Other,153/100,195,35.2,Yes,No,3,1,Home,0,0,0.4376711032017053
26,Female,135/93,199,28.4,Yes,Yes,0,7,Nursing_Facility,0,1,0.6129065617088085
45,Other,152/75,167,38.3,No,No,1,1,Home,0,0,0.38986593690638516
79,Other,133/97,258,24.6,No,Yes,10,9,Home,0,0,0.4590879161702587
84,Male,139/97,181,23.5,No,No,9,1,Home,0,0,0.4173548310377349
87,Other,135/97,151,32.5,No,Yes,2,1,Home,0,0,0.43747342937188205
89,Female,133/95,215,25.8,Yes,No,6,5,Home,1,0,0.4416336033984908
78,Other,151/84,224,29.8,No,No,4,8,Home,1,0,0.40622411834626515
26,Male,127/75,262,29.3,Yes,Yes,3,7,Rehab,0,1,0.6244510781197313
90,Other,155/77,248,18.3,Yes,Yes,3,1,Nursing_Facility,0,1,0.6391750623513516
36,Other,146/92,266,30.6,Yes,Yes,9,6,Home,0,0,0.4834086530533416
55,Female,152/89,162,20.2,No,Yes,7,5,Home,0,0,0.4486125110608284
88,Other,110/99,151,27.0,No,Yes,2,9,Home,0,0,0.43865177095807495
40,Female,150/87,237,18.8,No,Yes,4,9,Home,0,0,0.45083598864659924
18,Other,126/88,158,20.2,Yes,Yes,4,1,Home,0,0,0.481980034360998
31,Other,144/84,236,31.3,Yes,Yes,0,7,Rehab,1,1,0.6330199415804211
74,Female,159/75,281,18.4,Yes,Yes,3,2,Home,0,0,0.4952457951237382
66,Other,119/78,218,26.8,Yes,No,10,8,Home,1,0,0.4520596366369748
25,Male,158/86,151,25.2,Yes,Yes,4,7,Home,0,0,0.46669550644302726
74,Male,111/77,217,39.9,No,Yes,8,3,Home,0,0,0.42618779299732246
74,Male,124/91,295,32.0,No,Yes,10,4,Home,0,0,0.43804318849704366
50,Male,149/84,240,30.4,No,Yes,5,6,Home,1,0,0.43660598461909034
19,Male,138/90,224,21.3,Yes,No,2,5,Nursing_Facility,0,1,0.5828048993682126
59,Other,146/76,293,31.2,Yes,Yes,7,5,Home,0,0,0.4943374534087139
68,Male,116/74,214,31.0,No,No,7,10,Home,0,0,0.3997075286242616
73,Male,117/75,248,23.2,Yes,Yes,9,10,Home,0,0,0.49499484352236217
60,Female,134/91,216,32.3,No,No,0,1,Home,0,0,0.40947757957120373
27,Male,135/77,197,34.3,No,No,10,8,Home,0,0,0.4002973449786887
49,Male,130/90,150,32.0,Yes,No,10,6,Home,0,0,0.426964517381747
69,Female,153/86,193,21.8,Yes,No,7,3,Home,0,0,0.4599315293128877
84,Male,131/73,265,20.0,No,No,9,4,Home,0,0,0.42573857485973093
32,Other,114/72,224,26.1,Yes,Yes,1,10,Rehab,0,1,0.6273452177333837
87,Male,127/81,152,28.9,Yes,No,9,2,Nursing_Facility,1,1,0.5713726466080473
53,Male,137/97,164,25.3,No,Yes,0,5,Home,0,0,0.4386775531223463
50,Female,154/85,202,19.1,Yes,Yes,7,8,Rehab,0,1,0.6439267373597864
47,Female,117/87,233,37.7,Yes,Yes,10,6,Home,0,0,0.46718280176277077
76,Other,145/83,204,23.9,Yes,Yes,1,10,Rehab,0,1,0.6329701601504358
62,Male,141/74,260,18.6,No,No,4,7,Home,0,0,0.4267437933885805
60,Other,139/86,176,36.7,No,No,8,10,Home,0,0,0.38601184827750273
44,Male,112/94,256,28.9,Yes,Yes,3,7,Home,0,0,0.46416522184992626
24,Male,130/86,258,18.6,No,No,5,10,Home,0,0,0.4157597699083668
40,Male,125/98,214,39.0,No,Yes,10,5,Rehab,0,1,0.5866375844586277
26,Male,115/80,238,27.1,No,Yes,9,10,Home,0,0,0.4409707211242551
37,Other,154/75,196,38.4,Yes,Yes,2,4,Home,0,0,0.46635917786016345
26,Male,132/97,275,19.4,Yes,No,10,4,Nursing_Facility,0,1,0.607522306323408
75,Female,153/91,190,39.3,Yes,Yes,7,6,Rehab,0,1,0.6199281803389389
25,Female,150/99,201,28.4,No,No,5,5,Home,0,0,0.39794687249114685
30,Female,150/86,258,37.9,Yes,No,1,2,Home,1,0,0.42310054734664176
65,Male,132/96,266,23.5,Yes,No,2,1,Rehab,0,1,0.6066847029731921
34,Male,136/95,251,29.8,Yes,Yes,9,7,Rehab,0,1,0.6301701618898071
77,Male,120/73,193,26.4,No,No,6,8,Home,0,0,0.4077636548818706
76,Male,147/90,271,36.1,Yes,Yes,4,6,Rehab,0,1,0.6175701479878859
22,Other,160/77,287,36.6,Yes,No,0,10,Home,0,0,0.43384878423378886
30,Other,122/89,273,23.6,No,No,0,6,Rehab,0,1,0.5779977986916528
56,Female,154/90,277,20.5,Yes,No,8,4,Home,0,0,0.45954153985595675
78,Other,123/77,255,39.0,No,Yes,4,3,Home,0,0,0.4372048113336722
37,Other,144/98,151,20.8,Yes,Yes,1,2,Home,0,0,0.4776453944996456
30,Male,141/85,300,25.0,Yes,Yes,3,4,Nursing_Facility,0,1,0.618232438244446
61,Other,118/82,265,37.6,No,Yes,10,4,Home,0,0,0.4352496108073044
77,Female,136/83,293,32.8,No,Yes,2,7,Home,0,0,0.4466401074040625
75,Female,150/95,178,31.9,No,No,3,3,Home,0,0,0.38775021647756175
70,Other,114/92,210,39.3,Yes,Yes,6,2,Rehab,0,1,0.6191974156172797
83,Female,160/86,210,28.8,Yes,Yes,0,6,Rehab,0,1,0.6366176251034644
49,Other,116/81,158,18.4,No,No,9,8,Home,0,0,0.4218603441384589
49,Other,141/99,280,32.4,Yes,Yes,2,3,Home,0,0,0.47366960908392736
84,Male,125/77,225,27.8,No,Yes,3,10,Home,0,0,0.4328678648042262
45,Male,134/72,282,21.3,Yes,Yes,7,6,Home,0,0,0.49182015543071783
25,Other,159/100,157,30.7,No,Yes,3,3,Nursing_Facility,0,1,0.5815916846808878
49,Male,147/71,275,26.8,Yes,No,2,10,Home,0,0,0.4441276499374467
90,Male,136/72,210,30.5,Yes,No,1,4,Home,1,0,0.4312746103821553
22,Other,121/72,196,29.2,Yes,No,3,6,Rehab,1,1,0.6058214671518548
46,Other,145/99,253,25.0,No,Yes,1,5,Home,0,0,0.44810097115447883
64,Other,127/70,223,39.6,Yes,No,5,10,Home,1,0,0.4187131351513043
47,Male,144/96,247,31.6,No,No,5,8,Home,0,0,0.3947920668332472
42,Other,140/86,244,26.6,No,Yes,8,7,Home,0,0,0.4495753016634504
80,Female,121/90,169,29.5,No,Yes,2,8,Home,1,0,0.4359369166993552
54,Other,131/81,275,33.2,No,Yes,7,7,Rehab,0,1,0.6099757507050368
25,Male,128/100,162,31.1,Yes,Yes,9,3,Home,0,0,0.45286097685819576
67,Female,145/83,235,24.4,Yes,No,8,3,Home,1,0,0.44547230337225413
18,Female,151/87,298,18.3,No,No,0,5,Home,0,0,0.4213847170991866
60,Male,121/91,276,30.6,No,Yes,3,9,Home,0,0,0.4403046885540138
44,Male,147/75,279,21.5,No,No,2,9,Home,0,0,0.4094502102445574
26,Other,147/80,164,34.3,Yes,No,0,5,Home,0,0,0.4200504013901856
83,Female,155/77,170,23.4,Yes,No,9,5,Home,1,0,0.44380328487224735
30,Other,110/85,268,20.9,No,Yes,2,10,Home,0,0,0.46150327642259015
48,Female,119/81,202,28.8,No,Yes,2,8,Home,0,0,0.43753367999650544
34,Female,144/83,152,21.6,Yes,No,3,9,Home,0,0,0.45173904954720406
28,Female,154/80,178,31.9,Yes,No,3,2,Home,1,0,0.4136851323049134
36,Other,148/78,295,20.5,Yes,Yes,6,5,Home,0,1,0.5018381838635567
83,Female,140/100,273,21.6,No,No,9,8,Home,0,0,0.42892089929895527
66,Female,156/84,262,24.7,Yes,No,6,1,Rehab,0,1,0.615443525638934
28,Other,120/94,253,20.9,Yes,Yes,3,8,Rehab,0,1,0.6452922394711751
82,Female,139/91,252,35.2,Yes,No,0,10,Home,0,0,0.4437500436907423
68,Female,122/73,153,19.6,No,Yes,3,2,Home,0,0,0.45031476865414943
79,Other,145/81,213,27.8,No,Yes,1,7,Rehab,0,1,0.6049944416729682
38,Female,146/100,188,35.6,No,Yes,6,6,Home,0,0,0.4254668487808144
38,Male,129/73,194,30.7,Yes,No,9,5,Home,0,0,0.44262678907140307
86,Male,157/86,224,36.8,Yes,Yes,5,7,Nursing_Facility,0,1,0.6013486030078777
56,Other,154/98,238,39.3,Yes,Yes,1,8,Home,0,0,0.4665597067415047
51,Other,122/88,290,33.5,Yes,No,10,2,Home,0,0,0.47485598712730054
44,Male,129/81,286,34.8,Yes,Yes,6,10,Home,0,0,0.4735762424981129
24,Female,137/100,192,30.7,Yes,No,1,1,Home,0,0,0.43818818892543543
39,Other,142/84,161,30.9,No,No,9,6,Home,0,0,0.4006316777940014
73,Other,122/87,224,19.8,No,Yes,5,4,Nursing_Facility,0,1,0.5907860964317735
40,Male,119/96,205,27.0,Yes,No,0,9,Home,0,0,0.42677832578247676
35,Female,110/80,294,19.3,Yes,No,4,5,Home,0,0,0.46705283152589533
90,Male,146/97,172,29.9,No,Yes,6,7,Home,0,0,0.4230404608738611
74,Female,133/97,287,26.0,Yes,Yes,8,10,Home,0,0,0.4882908202311657
25,Female,137/99,197,35.5,No,Yes,0,10,Home,0,0,0.4290457072695106
51,Male,124/94,235,19.8,Yes,Yes,8,2,Home,1,0,0.4912357402067571
28,Female,125/74,163,38.2,Yes,No,2,10,Home,0,0,0.40206253069524495
48,Female,135/73,214,32.7,Yes,Yes,4,8,Home,0,0,0.4953797165037538
52,Female,125/87,231,38.5,Yes,Yes,2,8,Home,0,0,0.4501196042862135
41,Female,143/84,214,23.5,No,No,2,9,Home,0,0,0.4141446627493513
84,Other,116/77,217,18.9,Yes,No,2,10,Home,0,0,0.45327501860528335
26,Male,151/74,158,37.9,No,Yes,1,8,Nursing_Facility,0,1,0.5471243955457352
20,Other,132/87,245,33.5,No,Yes,10,4,Rehab,0,1,0.6021787160152159
37,Female,141/98,255,39.7,No,No,7,8,Home,0,0,0.40074133030259723
26,Male,110/84,181,36.8,Yes,Yes,9,10,Rehab,1,1,0.6140672727845521
76,Other,147/88,250,28.9,No,Yes,1,2,Home,1,0,0.46730045806642445
18,Other,147/79,214,33.1,Yes,Yes,6,5,Home,0,0,0.4741280044764742
55,Male,132/79,274,23.1,Yes,Yes,9,5,Home,0,0,0.4817266892106159
30,Female,143/92,205,23.8,No,No,9,10,Rehab,0,1,0.5630134232318466
58,Male,145/78,206,31.6,Yes,Yes,7,3,Home,0,0,0.4842881136478028
73,Male,119/77,252,37.9,No,Yes,7,3,Rehab,0,1,0.5832511886648136
38,Other,155/74,287,34.9,No,No,7,6,Home,0,0,0.42051919887280054
88,Other,150/90,151,19.0,Yes,No,2,10,Home,0,0,0.4644950389609113
43,Male,113/76,278,27.0,No,Yes,0,8,Home,0,0,0.44612468219599116
60,Other,153/83,181,19.6,Yes,Yes,10,1,Nursing_Facility,0,1,0.6259638861202353
74,Other,126/88,287,31.9,Yes,No,1,6,Home,1,0,0.444851314812803
48,Female,147/100,180,24.3,No,No,5,3,Rehab,0,1,0.5578731769489509
63,Female,154/71,254,25.8,No,No,2,2,Home,0,0,0.4184823008483574
57,Other,143/80,235,32.6,No,No,2,2,Home,0,0,0.41028691047051585
28,Male,122/81,298,32.8,Yes,Yes,10,5,Home,0,0,0.4879512598819346
56,Other,138/98,255,22.7,Yes,No,6,4,Rehab,0,1,0.6242554103429085
31,Male,115/87,264,22.7,Yes,Yes,5,7,Home,0,0,0.4922441145605475
89,Female,158/88,237,21.8,Yes,Yes,8,4,Nursing_Facility,1,1,0.623928357933272
29,Male,129/92,256,22.4,No,No,6,9,Home,0,0,0.4197347029536676
48,Other,112/81,153,21.7,Yes,Yes,4,9,Home,0,0,0.47670103105225275
79,Male,144/95,154,26.8,Yes,Yes,5,3,Home,0,0,0.4665364191341231
19,Other,154/83,237,20.3,Yes,Yes,7,1,Home,0,0,0.496121307727792
73,Other,112/71,249,38.3,Yes,Yes,10,10,Rehab,0,1,0.6198482284941192
56,Male,125/92,255,19.9,Yes,Yes,7,3,Home,0,0,0.4922827606346961
20,Male,153/90,154,23.7,No,No,3,1,Home,0,0,0.40388251401590636
46,Male,119/74,212,35.6,No,Yes,4,7,Home,0,0,0.43406546703606164
47,Female,121/92,237,19.6,No,Yes,10,7,Home,0,0,0.45431357184718585
85,Other,117/100,223,20.9,No,No,5,9,Home,0,0,0.4164741709988006
59,Male,131/84,248,22.0,Yes,Yes,1,5,Rehab,0,1,0.6356108272989618
24,Other,146/99,224,26.7,Yes,No,4,4,Home,0,0,0.44649098724987407
66,Male,129/73,269,33.1,Yes,No,1,1,Home,0,0,0.4478129004384603
74,Other,145/71,295,27.0,No,No,8,6,Home,0,0,0.4389206992622767
84,Female,116/80,219,22.0,No,Yes,8,3,Home,0,0,0.451352344099706
90,Other,149/100,164,19.8,No,No,6,2,Home,0,0,0.42463531997794113
75,Other,130/76,207,27.3,No,Yes,0,3,Home,0,0,0.44716550547553585
60,Other,128/86,169,37.0,No,No,4,9,Nursing_Facility,0,1,0.539858175051916
38,Male,134/96,232,37.5,Yes,No,0,4,Home,0,0,0.42229424873041277
81,Other,140/96,171,32.7,Yes,No,9,3,Home,0,0,0.44548747261946786
86,Male,136/73,212,24.0,No,Yes,0,6,Nursing_Facility,0,1,0.5812129380829574
40,Other,123/96,248,29.7,No,Yes,3,6,Nursing_Facility,0,1,0.5827529821275786
33,Male,143/72,174,35.1,No,No,3,9,Home,0,0,0.3831060097130217
23,Other,116/75,237,38.4,Yes,No,4,5,Home,0,0,0.43200954846717615
24,Female,142/94,251,37.1,No,No,10,8,Home,0,0,0.3956754097337192
64,Other,123/79,189,32.1,No,No,5,6,Rehab,0,1,0.5627492852304682
36,Male,128/89,217,38.0,No,Yes,9,5,Home,1,0,0.42930905689327803
83,Other,142/76,279,30.0,Yes,No,4,5,Home,0,0,0.45153248730712514
43,Male,127/89,177,35.2,No,Yes,5,1,Home,0,0,0.42777512164333426
68,Male,145/99,155,29.2,No,No,6,3,Rehab,0,1,0.5519977324447072
83,Male,124/75,175,30.8,Yes,No,7,9,Home,0,0,0.4251320455041541
61,Female,156/93,253,25.4,Yes,Yes,10,3,Rehab,1,1,0.6532436342642515
84,Male,132/82,213,22.7,Yes,No,0,8,Home,0,0,0.4360387807497998
52,Female,123/90,265,23.6,No,Yes,3,10,Nursing_Facility,0,1,0.5838776959277241
22,Male,148/93,273,29.6,No,Yes,5,7,Home,0,0,0.4382855758783784
76,Male,154/94,169,26.0,No,Yes,8,2,Home,0,0,0.4366573653765974
71,Male,147/93,234,27.0,Yes,Yes,6,7,Home,0,0,0.4738941224288898
18,Other,116/79,295,36.4,No,No,2,7,Nursing_Facility,0,1,0.5417886863953411
82,Male,141/90,203,22.8,No,No,0,4,Rehab,0,1,0.5729519751368932
29,Male,127/83,205,31.7,Yes,Yes,3,3,Rehab,0,1,0.6206442707116738
83,Male,131/93,262,21.7,Yes,No,1,6,Home,0,0,0.4656305252323974
27,Male,134/87,216,32.7,Yes,No,9,7,Home,0,0,0.4331820032245039
56,Other,111/74,260,20.6,No,No,6,5,Home,0,0,0.4250936852708075
36,Male,134/83,255,25.7,No,Yes,2,3,Home,0,0,0.43966770052624315
61,Male,143/90,245,21.5,Yes,No,4,5,Nursing_Facility,0,1,0.5833387462488727
21,Other,129/88,265,37.0,Yes,Yes,0,10,Home,1,0,0.4620610330416045
18,Male,124/100,239,32.7,Yes,Yes,10,10,Home,0,0,0.46417888395788603
86,Other,128/75,227,39.5,Yes,No,8,7,Home,0,0,0.42959387290604456
27,Male,141/74,241,35.3,No,No,7,4,Home,0,0,0.40058910429948036
28,Female,113/76,299,33.8,No,Yes,2,2,Home,0,0,0.44354175660591183
36,Female,133/87,214,31.2,No,No,7,9,Home,1,0,0.3939734668350604
36,Male,133/73,206,25.0,Yes,Yes,0,2,Home,0,0,0.46854312153634897
71,Female,124/97,214,34.3,No,No,6,2,Home,0,0,0.4090002579969731
54,Female,122/91,262,35.9,No,No,5,7,Home,1,0,0.39548897148430556
25,Other,115/94,207,27.4,Yes,Yes,9,8,Home,0,0,0.48359179128886437
20,Female,112/90,294,35.8,No,Yes,6,5,Home,0,0,0.4468288935497491
64,Other,145/73,249,31.5,Yes,Yes,1,3,Home,0,0,0.4722571762263248
75,Other,148/77,282,39.6,No,Yes,9,6,Nursing_Facility,0,1,0.585575261616014
34,Female,128/90,226,31.3,No,No,0,6,Home,0,0,0.41260767844165686
41,Male,136/75,246,28.6,No,Yes,3,6,Home,0,0,0.4413499537434618
54,Male,110/100,264,23.5,Yes,No,2,7,Home,0,0,0.4423265042052601
39,Female,148/86,219,22.5,No,No,3,4,Nursing_Facility,0,1,0.550691957331934
30,Female,117/71,219,23.6,No,No,0,1,Home,0,0,0.4114344888609231
58,Female,143/75,193,35.7,No,No,8,2,Home,0,0,0.396233618135171
68,Female,153/97,228,26.2,Yes,Yes,8,6,Home,0,0,0.48884969189386446
26,Female,145/77,241,31.6,No,No,5,5,Home,0,0,0.4108184989633309
56,Other,128/93,202,29.0,No,No,9,8,Home,0,0,0.41435974188132374
25,Other,124/70,170,18.1,No,Yes,3,9,Home,0,0,0.4442717538742674
41,Other,128/85,265,23.2,No,Yes,10,10,Home,0,0,0.4592924990714081
84,Other,134/70,164,36.8,Yes,Yes,4,7,Home,0,0,0.45223536940810977
59,Other,121/96,286,37.2,Yes,Yes,0,5,Home,0,0,0.4631978995386011
74,Male,145/80,248,21.1,Yes,Yes,2,9,Home,0,0,0.486639180772879
25,Female,131/76,176,31.5,Yes,Yes,7,8,Home,0,0,0.46209234442254826
32,Male,115/86,220,18.5,Yes,Yes,6,3,Home,0,0,0.49089199295056124
41,Male,111/71,289,38.2,No,Yes,4,2,Home,0,0,0.4282211098907977
63,Other,143/89,169,20.6,No,Yes,5,10,Home,0,0,0.4555285549872668
86,Other,141/98,276,28.1,No,No,8,2,Home,0,0,0.43189287404852666
18,Male,116/78,267,36.7,Yes,No,1,7,Rehab,0,1,0.594311231485123
37,Male,152/89,163,21.7,Yes,No,5,3,Home,0,0,0.44432592746543237
87,Other,154/82,257,35.7,No,Yes,8,9,Nursing_Facility,0,1,0.5715081057893583
32,Female,156/89,202,24.0,No,No,3,1,Home,0,0,0.4097653925901647
90,Female,149/87,248,21.7,Yes,Yes,8,8,Home,0,0,0.48707388832017967
79,Female,128/91,189,22.2,No,Yes,7,10,Home,0,0,0.4528325241063037
63,Other,125/85,198,22.9,Yes,Yes,10,6,Home,0,0,0.49159435010728786
90,Other,127/85,267,40.0,Yes,No,10,10,Home,0,0,0.4406410452876155
73,Other,134/72,256,25.8,Yes,No,7,3,Home,0,0,0.457411429613308
28,Female,133/79,194,30.6,Yes,No,9,10,Nursing_Facility,0,1,0.5695333149055931
64,Female,120/77,187,26.8,Yes,Yes,0,4,Home,0,0,0.4705214069111932
50,Other,128/100,246,19.2,Yes,Yes,2,4,Rehab,0,1,0.6433368200301387
85,Male,119/94,243,21.6,No,No,3,6,Nursing_Facility,0,1,0.555088115215604
49,Other,119/84,196,24.4,Yes,Yes,9,4,Rehab,0,1,0.6566827697521428
89,Male,124/79,272,40.0,No,Yes,0,7,Home,0,0,0.43178385151876175
79,Male,153/77,266,33.8,No,Yes,6,7,Home,0,0,0.4311232010296457
47,Female,133/79,281,19.7,Yes,No,9,1,Home,1,0,0.4615504117453216
64,Other,126/88,152,28.3,No,No,10,10,Nursing_Facility,1,1,0.5417543653509004
44,Male,157/75,206,27.4,No,No,10,7,Home,0,0,0.41386503501914573
51,Other,142/83,266,27.3,Yes,No,9,6,Home,0,0,0.45655074127200296
48,Female,143/87,191,18.4,No,Yes,2,9,Home,0,0,0.44702770514465984
61,Male,124/74,151,25.3,No,No,0,6,Rehab,0,1,0.5556229618589278
38,Female,130/87,193,29.2,Yes,Yes,2,2,Rehab,0,1,0.6332840386529761
60,Female,120/96,180,23.4,Yes,No,4,6,Home,0,0,0.44187047606470703
48,Female,128/98,241,18.8,Yes,No,2,4,Home,0,0,0.45189188405082237
51,Male,141/85,182,22.8,No,Yes,3,6,Home,0,0,0.43197397647713753
44,Other,132/84,256,34.0,Yes,No,1,2,Home,0,0,0.43634188406283486
73,Other,133/82,275,37.0,Yes,No,5,9,Nursing_Facility,0,1,0.5760868659347431
75,Male,138/100,260,30.5,Yes,Yes,5,2,Rehab,0,1,0.634764705972328
57,Female,152/90,279,34.0,No,No,0,3,Home,0,0,0.39377884117948225
86,Male,145/73,229,37.9,Yes,No,8,5,Home,0,0,0.42198295832999033
67,Female,157/79,229,31.6,Yes,Yes,0,1,Home,0,0,0.47764050472122327
83,Other,138/96,160,21.3,Yes,No,0,6,Home,0,0,0.4491442067008687
57,Other,112/80,185,18.3,Yes,Yes,5,1,Home,0,0,0.4963073962303166
53,Male,155/71,239,25.1,Yes,No,5,9,Nursing_Facility,1,1,0.5844468688823697
75,Other,111/75,168,24.4,No,No,0,6,Home,0,0,0.4097646912004281
44,Male,144/86,168,31.8,No,Yes,3,10,Nursing_Facility,0,1,0.559688094279748
33,Female,123/97,208,32.6,Yes,Yes,0,2,Rehab,0,1,0.615631626340571
38,Female,118/75,221,39.5,Yes,No,0,9,Home,0,0,0.4141119585416295
41,Male,113/71,171,18.6,Yes,Yes,8,2,Home,0,0,0.4854363459853293
74,Other,160/76,162,18.5,No,No,5,9,Home,0,0,0.4202530869220175
34,Male,156/99,150,27.0,Yes,Yes,4,7,Home,0,0,0.4669580196175681
66,Female,134/70,205,30.4,Yes,Yes,8,2,Home,0,0,0.46548857183939063
78,Male,149/73,250,33.6,No,Yes,2,1,Rehab,1,1,0.5931938969040859
42,Other,118/80,252,20.8,Yes,No,4,3,Home,0,0,0.46136637212341364
22,Female,148/100,203,31.9,Yes,Yes,1,9,Home,0,0,0.4625209441700118
54,Female,146/87,299,32.2,Yes,No,7,9,Home,0,0,0.4377156408408722
37,Male,129/96,204,39.0,Yes,No,4,6,Home,0,0,0.41680838876005216
54,Female,129/80,164,23.7,Yes,No,2,8,Home,0,0,0.44757654843107103
20,Male,121/71,210,22.8,No,Yes,1,9,Home,0,0,0.44648376539174617
27,Female,127/82,265,28.2,No,No,1,10,Home,0,0,0.40029677324822344
52,Other,123/80,247,34.7,Yes,No,1,3,Rehab,0,1,0.5917097260872952
35,Female,111/83,164,21.9,Yes,Yes,3,1,Rehab,0,1,0.6410734359230208
69,Female,133/86,203,25.8,Yes,Yes,2,4,Home,0,0,0.46660441422436266
30,Male,122/79,211,21.9,Yes,Yes,8,1,Home,0,0,0.48273437449401896
60,Other,111/82,245,19.8,Yes,Yes,0,10,Rehab,0,1,0.6570343909076806
53,Male,117/91,242,23.3,No,No,10,1,Home,0,0,0.42776865857576146
21,Female,155/71,174,37.6,Yes,Yes,10,1,Home,0,0,0.45690020947990845
80,Female,112/99,198,23.6,Yes,No,6,5,Home,1,0,0.4408062983022705
19,Other,134/79,288,39.6,No,No,2,3,Nursing_Facility,0,1,0.5348102912872272
73,Male,138/98,191,25.6,No,Yes,6,7,Home,0,0,0.44475957076434586
55,Female,150/74,247,27.5,Yes,Yes,1,3,Home,0,0,0.4844268870391718
55,Male,121/86,259,22.7,No,No,10,2,Home,0,0,0.4274717335817393
81,Male,134/78,249,33.3,No,Yes,0,10,Home,0,0,0.42245499088431343
25,Female,126/73,161,25.9,No,No,5,9,Nursing_Facility,0,1,0.5373717896657724
53,Other,120/81,243,30.6,No,No,8,9,Home,0,0,0.40997229525279405
42,Other,157/98,252,29.3,Yes,Yes,10,6,Home,0,0,0.4832006600049196
73,Male,157/94,211,25.1,No,Yes,10,4,Home,0,0,0.45141788975237357
22,Male,138/86,176,22.9,Yes,No,9,2,Home,0,0,0.4416317703789647
78,Other,111/70,169,38.9,Yes,Yes,3,7,Home,0,0,0.4693909518201547
20,Female,120/98,164,28.7,Yes,Yes,5,8,Home,0,0,0.4673419678941815
69,Male,114/81,192,34.7,Yes,Yes,4,1,Home,0,0,0.4639878119018978
39,Other,134/95,177,27.1,No,Yes,6,3,Home,0,0,0.45155256587120124
68,Other,153/92,238,21.8,Yes,Yes,6,2,Home,0,0,0.4951945484292501
79,Male,146/78,189,19.1,No,No,6,9,Home,0,0,0.4126637809677911
60,Male,129/86,191,23.6,No,Yes,0,7,Home,0,0,0.43388276558265876
49,Male,137/97,161,20.6,No,No,0,5,Home,0,0,0.41158742737241155
85,Other,140/91,201,31.0,No,No,1,7,Home,0,0,0.4081590531345137
88,Female,125/94,236,23.9,Yes,Yes,9,3,Home,0,0,0.48862675402046807
24,Other,149/74,175,30.3,No,No,3,5,Home,0,0,0.3943720774558092
80,Other,141/89,226,21.8,Yes,Yes,7,2,Home,0,1,0.5015580584670749
45,Male,139/70,292,22.1,No,Yes,10,10,Home,0,0,0.46391424341947524
49,Male,112/96,239,28.5,Yes,Yes,7,1,Nursing_Facility,0,1,0.617266677386246
28,Male,147/94,202,35.4,No,No,7,2,Home,0,0,0.40290699505815797
21,Male,149/89,177,22.3,No,No,7,10,Rehab,0,1,0.5648468795636549
33,Female,119/93,193,33.7,Yes,Yes,0,10,Rehab,1,1,0.6209777577572355
60,Male,130/89,221,21.0,No,No,6,2,Home,0,0,0.419516608574435
54,Female,138/91,209,21.2,No,Yes,6,6,Home,0,0,0.4444920122545095
20,Female,144/97,219,39.6,No,No,2,6,Home,0,0,0.39280252997705095
90,Other,142/90,187,18.9,Yes,Yes,1,6,Home,0,0,0.48866556419029417
83,Male,130/95,294,24.7,No,No,2,6,Nursing_Facility,1,1,0.5625858847622589
35,Male,146/73,170,37.4,Yes,Yes,4,8,Nursing_Facility,0,1,0.6052512685404755
34,Female,123/98,195,26.0,No,No,10,4,Home,0,0,0.40574025690355436
72,Female,152/70,241,33.6,No,Yes,7,8,Rehab,0,1,0.59764052144153
65,Other,140/72,271,35.8,No,No,5,9,Home,0,0,0.42132263617216703
54,Other,122/98,264,25.8,Yes,Yes,3,6,Home,0,0,0.48387899385774386
66,Other,131/78,175,20.8,Yes,Yes,3,10,Rehab,0,1,0.6395136708505025
81,Other,120/74,189,37.6,Yes,No,10,8,Nursing_Facility,0,1,0.5671765061763334
78,Male,160/84,185,24.4,No,No,0,7,Home,0,0,0.4024827576128509
40,Other,155/75,258,38.2,Yes,Yes,2,4,Rehab,0,1,0.6200672908959173
61,Male,114/79,179,28.4,No,No,2,5,Rehab,0,1,0.5595576838815678
59,Female,144/70,299,30.6,Yes,No,3,5,Rehab,0,1,0.5982507566809743
58,Male,133/84,277,23.2,No,No,2,4,Home,0,0,0.4196602135032677
51,Female,126/93,286,29.9,Yes,Yes,8,8,Home,0,0,0.4725150522004727
73,Other,133/86,285,22.0,Yes,No,0,7,Rehab,0,1,0.6108160489512879
27,Female,137/82,260,31.3,Yes,Yes,7,9,Home,0,0,0.4676458305933069
70,Female,134/100,243,19.7,Yes,Yes,0,6,Home,0,0,0.4931033934473399
69,Male,128/81,218,31.6,No,Yes,7,7,Home,0,0,0.4335689313571483
19,Female,122/90,292,33.6,No,Yes,7,7,Home,1,0,0.4391373961950586
59,Other,157/96,217,34.5,Yes,Yes,9,3,Nursing_Facility,0,1,0.6092600293059599
56,Other,157/95,201,32.5,Yes,Yes,1,5,Home,1,0,0.47447687856380466
61,Male,135/82,155,36.3,No,No,2,5,Rehab,0,1,0.5497661986241172
63,Female,135/93,152,18.3,No,No,7,6,Rehab,0,1,0.5788475785454817
45,Other,154/79,167,27.7,Yes,No,10,3,Home,0,0,0.45064976415378327
80,Female,115/79,218,35.3,No,No,10,10,Home,0,0,0.388541373460054
51,Other,137/76,176,28.3,Yes,Yes,6,3,Home,0,0,0.47260999994720776
46,Female,149/87,184,31.8,No,No,7,8,Home,0,0,0.39281766366188686
77,Female,112/72,195,34.8,Yes,No,5,10,Rehab,1,1,0.5896356916337377
88,Male,122/83,236,37.7,Yes,No,1,4,Home,0,0,0.4215655469780235
60,Female,142/77,213,20.2,No,No,3,8,Rehab,0,1,0.5693035963993407
37,Male,128/97,230,30.1,No,No,4,10,Home,0,0,0.39649730933417904
20,Male,131/98,192,18.6,No,No,0,3,Home,0,0,0.41738821814059
62,Male,115/87,291,36.5,No,Yes,0,3,Home,0,0,0.4405053865491113
87,Other,140/89,235,39.0,No,Yes,8,5,Home,0,0,0.42723008866108136
81,Female,158/82,297,30.6,No,Yes,2,5,Home,0,0,0.4486083894685839
28,Female,155/76,299,27.8,Yes,Yes,10,1,Rehab,0,1,0.6415530564407045
62,Other,155/73,218,27.7,Yes,Yes,3,2,Home,0,0,0.4757581067192162
53,Male,141/81,152,22.8,Yes,No,6,10,Home,0,0,0.44048803101217254
84,Male,136/71,204,35.0,No,No,8,4,Home,0,0,0.3972478111276621
45,Male,113/96,210,27.9,No,No,1,8,Home,0,0,0.40646722963642246
76,Other,142/89,168,25.2,Yes,Yes,3,6,Home,1,0,0.466485289878715
31,Other,138/71,215,26.0,Yes,No,2,8,Home,0,0,0.43721717964846946
50,Female,159/75,245,20.8,No,Yes,3,8,Home,0,0,0.4479107594634316
38,Male,110/100,236,32.2,No,Yes,8,9,Rehab,0,1,0.5856134218632708
37,Male,124/97,182,33.8,No,No,4,7,Nursing_Facility,0,1,0.5396124861508776
60,Female,122/72,260,18.7,Yes,Yes,4,8,Rehab,0,1,0.6526394391032311
83,Other,111/88,237,24.3,Yes,No,5,3,Home,0,0,0.45313688618982073
33,Male,155/75,295,34.9,No,No,10,5,Home,0,0,0.3991950224506384
69,Other,137/78,184,22.4,Yes,Yes,6,7,Home,0,0,0.4883608272627092
77,Female,150/97,201,39.4,No,No,4,2,Home,0,0,0.3943568895369617
63,Male,132/73,235,20.7,No,Yes,8,1,Home,1,0,0.4675790844259452
47,Other,153/96,276,29.6,No,No,1,3,Rehab,0,1,0.5805909587192094
81,Other,136/78,194,35.3,No,Yes,9,8,Home,0,0,0.44033606043856727
54,Male,115/77,293,20.9,Yes,No,4,7,Home,0,0,0.4560969180535045
59,Male,120/84,204,32.4,Yes,No,10,10,Home,0,0,0.42567593855977787
53,Other,135/90,257,18.3,Yes,Yes,4,8,Rehab,0,1,0.6556947549787339
32,Other,110/97,279,25.4,No,No,5,5,Home,0,0,0.425341949613415
59,Other,145/77,287,35.0,Yes,Yes,4,7,Nursing_Facility,0,1,0.6249421736096108
87,Other,136/96,192,34.1,No,No,6,10,Rehab,0,1,0.5598093817850958
31,Female,129/73,271,27.6,Yes,Yes,2,2,Rehab,0,1,0.6474469636352972
58,Male,122/91,217,21.9,No,Yes,4,9,Home,0,0,0.44132003849677937
82,Other,120/86,205,22.8,No,Yes,5,1,Home,0,0,0.4617960827673307
51,Other,157/87,263,37.5,Yes,Yes,8,9,Rehab,0,1,0.6315422800903806
51,Other,148/79,200,39.2,Yes,Yes,3,9,Home,0,0,0.44731263290615825
42,Other,152/97,227,21.9,No,No,7,4,Home,0,0,0.43066274199856164
61,Other,131/96,188,23.7,No,Yes,7,7,Home,0,0,0.4458657166933948
24,Male,135/73,171,33.0,No,No,1,4,Rehab,0,1,0.5775820670176683
22,Female,160/75,260,28.7,No,No,5,1,Rehab,0,1,0.5724359173222081
66,Female,136/80,295,25.7,No,No,10,3,Home,0,0,0.4326734972098936
51,Male,110/100,299,23.9,Yes,Yes,2,5,Home,0,0,0.48128395378403466
32,Male,115/90,264,25.0,No,Yes,7,3,Home,0,0,0.450712748186323
88,Female,128/73,177,36.5,No,No,2,6,Home,0,0,0.3866277455356116
67,Male,156/89,222,30.4,Yes,No,8,6,Home,0,0,0.4365207528743342
81,Male,152/87,222,37.3,No,No,2,8,Home,0,0,0.3820202698413203
85,Male,142/84,260,34.4,Yes,Yes,9,5,Home,1,0,0.47131314263996976
69,Male,123/90,158,33.4,No,No,2,3,Home,0,0,0.38323932889318785
56,Female,148/71,169,34.5,No,Yes,8,7,Home,0,0,0.42790711853412505
66,Other,157/83,188,22.2,Yes,Yes,3,1,Rehab,0,1,0.6402504340957761
27,Male,123/70,251,38.0,No,No,1,10,Home,0,0,0.3874475207376621
83,Other,133/87,174,29.2,Yes,Yes,3,4,Home,0,0,0.46802448492997445
70,Male,135/92,174,27.8,Yes,No,4,9,Home,0,0,0.429475978862022
73,Female,157/86,261,35.1,No,No,0,9,Home,0,0,0.39789616188801585
66,Other,114/87,172,39.2,Yes,Yes,6,9,Rehab,0,1,0.6230262197305605
44,Female,159/78,288,34.7,Yes,No,7,9,Rehab,0,1,0.605243661232613
74,Other,135/85,282,28.4,Yes,No,9,1,Rehab,0,1,0.6231535943024702
64,Female,123/82,276,29.9,Yes,Yes,0,8,Home,1,0,0.4748048198395391
20,Other,150/75,225,22.1,No,Yes,2,5,Home,1,0,0.46197168862812565
73,Male,134/80,258,33.1,No,Yes,5,5,Nursing_Facility,0,1,0.5789714924874921
42,Male,148/96,183,38.9,Yes,Yes,10,6,Rehab,1,1,0.6022078040943246
39,Female,121/94,300,35.3,Yes,Yes,7,10,Home,0,0,0.4807809904736686
67,Male,118/96,163,38.3,No,No,10,3,Rehab,0,1,0.5571689988254651
45,Other,124/89,203,19.8,Yes,Yes,5,8,Home,0,0,0.48692021252944406
28,Male,148/89,170,40.0,Yes,No,1,1,Home,1,0,0.4077989479005614
73,Male,154/76,170,28.7,No,Yes,10,4,Rehab,1,1,0.6092420321930837
25,Male,139/99,244,36.6,No,No,9,10,Home,0,0,0.3998332585140943
36,Female,140/76,208,24.0,No,Yes,3,4,Home,0,0,0.4434607792190377
78,Male,111/77,151,25.1,Yes,Yes,0,6,Home,0,0,0.46979436766846183
64,Male,124/92,262,29.9,No,No,5,6,Home,1,0,0.41720355269529785
65,Other,134/95,168,34.2,Yes,No,10,6,Rehab,0,1,0.6009413089364142
81,Male,121/82,207,28.6,No,No,8,6,Home,0,0,0.4074769399611719
75,Male,116/71,191,24.3,No,No,1,2,Home,0,0,0.4132895386219781
24,Female,113/82,214,18.3,Yes,No,1,9,Home,0,0,0.45178454332721474
27,Female,155/70,235,36.8,No,No,7,10,Home,0,0,0.3978574044771561
84,Male,133/81,300,29.8,Yes,Yes,6,7,Home,1,0,0.47172028035637453
25,Male,128/73,154,22.8,No,Yes,6,10,Home,0,0,0.43294560880095784
74,Female,110/85,275,39.3,Yes,Yes,6,2,Rehab,0,1,0.6291368936074313
55,Other,155/99,272,37.5,No,Yes,3,7,Home,0,0,0.4447817966845714
81,Other,157/77,297,35.4,No,No,0,1,Home,0,0,0.40599817749496375
25,Female,154/71,253,37.8,No,Yes,6,3,Nursing_Facility,1,1,0.5746942710077698
84,Male,145/74,182,31.9,Yes,No,10,6,Rehab,0,1,0.6072501003463053
24,Male,142/99,169,22.8,No,No,7,3,Home,0,0,0.4024753699678356
85,Other,126/97,154,24.3,No,No,9,5,Home,0,0,0.42686234419709973
60,Other,146/83,178,24.3,Yes,Yes,10,10,Home,0,0,0.48612854975755126
60,Male,147/92,166,21.3,Yes,Yes,2,4,Home,0,0,0.4728671480972061
83,Female,129/84,237,29.8,No,No,0,1,Rehab,0,1,0.5756698617652779
48,Male,135/94,244,23.1,Yes,No,6,1,Home,0,0,0.4493483383934356
49,Other,148/71,278,38.8,Yes,Yes,8,1,Home,0,0,0.47812308601254133
73,Female,131/71,200,22.8,Yes,Yes,1,4,Home,0,0,0.48237430717497237
78,Female,127/93,255,33.0,Yes,No,2,1,Home,0,0,0.444795464802617
50,Male,142/86,277,20.7,Yes,No,2,7,Home,0,0,0.44750077710915304
22,Female,145/82,211,19.9,Yes,No,0,2,Rehab,0,1,0.6131140184693539
45,Female,155/72,171,34.3,No,Yes,8,8,Home,0,0,0.421025809818779
70,Female,137/89,198,28.6,Yes,Yes,0,4,Home,0,0,0.4701872035843843
81,Male,128/88,221,20.9,No,No,6,3,Rehab,0,1,0.5941379227012471
54,Female,136/84,286,28.2,Yes,Yes,1,1,Home,1,0,0.48469060892800475
53,Other,150/95,277,26.8,Yes,Yes,0,4,Nursing_Facility,1,1,0.6183036235859477
78,Male,111/72,285,32.5,Yes,No,7,4,Home,0,0,0.44219681377891373
30,Male,114/79,288,38.4,No,No,3,5,Home,0,0,0.3981067174566787
50,Female,110/88,226,39.8,No,Yes,1,4,Home,1,0,0.41301801738429367
44,Male,152/86,199,39.9,Yes,No,2,1,Home,0,0,0.42297647802958555
73,Female,137/73,210,19.8,Yes,No,3,10,Home,1,0,0.44534820498908956
67,Male,151/92,263,35.3,No,No,6,2,Home,0,0,0.3966511042313484
59,Other,124/100,269,32.8,No,Yes,4,7,Home,0,0,0.44094037137040043
26,Female,158/76,283,18.4,No,No,1,7,Home,0,0,0.4226898715185754
33,Male,152/71,280,33.6,No,Yes,2,7,Home,0,0,0.4287300242919248
80,Male,138/85,213,27.1,Yes,No,0,4,Home,0,0,0.43499365206918195
73,Male,124/97,238,21.5,Yes,Yes,8,7,Home,0,0,0.49709313083234286
70,Male,136/95,239,21.4,No,No,8,8,Home,1,0,0.41588806197113976
71,Other,115/70,193,18.1,Yes,Yes,5,2,Home,0,0,0.4958738935310683
80,Male,127/81,234,25.8,Yes,Yes,4,2,Home,0,0,0.47682597383435904
67,Male,119/91,262,24.9,No,No,8,8,Rehab,0,1,0.57993790786962
45,Male,130/85,232,22.4,Yes,Yes,4,3,Home,0,0,0.47248358684806635
34,Other,131/92,268,35.5,No,No,0,4,Rehab,0,1,0.5592494008800789
83,Male,152/95,265,28.2,Yes,Yes,1,8,Rehab,0,1,0.6291485266389543
76,Other,159/78,244,38.2,Yes,Yes,1,10,Home,0,0,0.47289220611473576
60,Male,148/92,232,32.6,No,Yes,1,9,Home,0,0,0.4342891738001632
75,Other,115/76,228,33.5,Yes,No,5,5,Nursing_Facility,0,1,0.5786064388817306
24,Female,137/85,290,34.1,Yes,No,0,8,Home,0,0,0.4453445218952255
56,Female,150/95,183,35.6,No,Yes,0,8,Home,0,0,0.4112050748571525
66,Other,151/95,249,36.8,Yes,No,3,7,Home,0,0,0.43387303960174384
64,Female,137/72,154,36.3,Yes,Yes,6,1,Nursing_Facility,1,1,0.59014011233042
60,Other,146/92,159,24.8,Yes,No,2,4,Home,0,0,0.4429737693259083
48,Male,126/72,232,20.8,No,No,0,3,Home,1,0,0.43217699031321105
19,Other,112/70,253,31.0,No,No,8,3,Home,0,0,0.4082880861924947
90,Female,127/92,235,36.1,Yes,Yes,7,8,Home,0,0,0.4722538760979688
31,Male,155/94,228,38.2,Yes,No,1,4,Rehab,0,1,0.5795657805040468
20,Other,157/94,171,18.5,No,No,10,7,Home,0,0,0.42595857684595523
87,Male,150/79,257,24.5,No,No,2,1,Home,0,0,0.42325873514209955
20,Female,116/73,207,33.4,No,No,0,4,Rehab,0,1,0.5547419738349988
82,Other,121/84,205,32.8,Yes,No,3,6,Home,0,0,0.4276147508385372
74,Male,160/79,223,31.3,No,No,4,10,Home,0,0,0.40194295499249866
49,Female,132/93,179,27.5,Yes,No,0,7,Rehab,1,1,0.5920801304511779
77,Female,143/87,282,18.2,No,No,0,10,Rehab,0,1,0.5843100714544105
21,Female,115/75,182,34.1,Yes,Yes,2,2,Rehab,1,1,0.6215058339542062
60,Other,116/96,281,33.5,No,Yes,0,1,Home,0,0,0.44083010942592277
62,Other,114/91,158,21.1,Yes,Yes,8,4,Rehab,0,1,0.6423836677137061
62,Other,146/96,154,32.2,Yes,Yes,7,4,Home,0,0,0.48345860268268465
64,Female,160/97,266,21.6,No,No,0,2,Home,0,0,0.4379459851044076
44,Other,119/96,279,21.3,No,No,9,8,Rehab,0,1,0.5823795687127132
38,Female,121/82,216,19.6,No,No,5,9,Rehab,0,1,0.5785903573758477
77,Other,122/89,180,28.6,Yes,Yes,3,9,Rehab,0,1,0.6276169275802076
42,Male,154/97,233,32.5,Yes,Yes,9,2,Home,0,0,0.4682372928596022
81,Female,111/98,198,23.4,Yes,No,5,3,Rehab,0,1,0.6039638747448122
25,Other,114/94,279,30.9,Yes,No,2,3,Home,0,0,0.44085356436128836
35,Male,139/79,176,31.1,No,Yes,5,5,Home,0,0,0.4252918798061607
73,Female,146/73,164,36.5,Yes,No,3,4,Home,0,0,0.43646976617336625
22,Other,126/74,279,37.8,No,No,0,1,Nursing_Facility,0,1,0.5432618275912516
41,Female,113/75,229,25.7,Yes,Yes,7,4,Nursing_Facility,0,1,0.6228262256583136
46,Male,143/82,250,39.3,Yes,No,0,1,Home,0,0,0.43759825405198294
18,Female,148/88,175,30.5,Yes,No,8,8,Home,0,0,0.4213832413221987
53,Other,120/92,288,18.8,Yes,No,10,3,Home,0,0,0.4743495204111277
30,Other,144/98,202,28.8,Yes,Yes,0,9,Home,0,0,0.4675178581416433
27,Male,138/89,248,38.2,No,Yes,7,7,Home,0,0,0.43792019076953004
40,Male,160/91,193,39.1,No,Yes,5,5,Nursing_Facility,0,1,0.5602161018669684
41,Female,149/96,225,36.4,No,Yes,5,3,Rehab,0,1,0.5811303652556014
71,Male,123/89,170,25.6,No,No,1,6,Rehab,0,1,0.5554145845720417
72,Other,143/99,286,22.2,Yes,Yes,10,6,Home,0,0,0.4911090749361368
71,Male,154/80,261,34.9,No,No,6,4,Home,0,0,0.38646746778231367
88,Female,128/88,162,22.6,Yes,Yes,3,2,Home,1,0,0.4948609842776091
26,Male,151/91,185,24.1,No,Yes,7,1,Home,0,0,0.4357271422173458
69,Male,118/99,205,19.5,No,Yes,3,4,Home,0,0,0.4399990518512177
21,Male,136/90,181,32.1,No,Yes,3,10,Home,0,0,0.41898245167451975
46,Male,116/75,236,39.1,Yes,Yes,1,3,Home,1,0,0.45799626989977377
22,Female,146/75,289,34.9,Yes,No,10,10,Nursing_Facility,1,1,0.5733258562114597
47,Other,117/91,231,31.4,No,Yes,7,3,Home,0,0,0.4525326759968582
90,Other,141/74,194,22.6,No,Yes,3,6,Home,1,0,0.45479936987210706
73,Other,126/97,211,36.9,Yes,No,5,4,Home,0,0,0.44731508854119256
67,Male,119/99,210,39.3,Yes,No,0,9,Home,0,0,0.42782381816071985
55,Female,142/89,167,29.2,Yes,Yes,1,10,Home,0,0,0.4507040759076449
46,Female,154/74,254,32.9,Yes,No,4,1,Nursing_Facility,0,1,0.5737146717983893
65,Female,132/97,285,35.1,Yes,Yes,3,5,Rehab,0,1,0.6355657008766888
63,Female,158/94,194,38.9,No,No,9,1,Home,0,0,0.39915314574588096
47,Other,118/97,258,25.6,Yes,Yes,2,1,Home,0,0,0.4849276666840624
36,Other,154/78,195,20.2,Yes,No,10,4,Nursing_Facility,0,1,0.6035289551709205
37,Female,137/87,265,31.1,No,No,4,1,Home,0,0,0.41450182067733904
36,Female,119/77,156,39.9,Yes,No,3,4,Rehab,0,1,0.566391248437819
74,Other,138/75,247,25.1,Yes,Yes,5,7,Home,0,0,0.4749833162422132
42,Other,158/82,175,18.9,Yes,No,1,10,Home,1,0,0.4523029822851762
83,Other,127/82,172,32.0,Yes,No,1,1,Home,1,0,0.4292110921035378
54,Male,127/88,256,20.6,No,Yes,4,7,Home,0,0,0.45239746017917976
71,Other,113/90,203,21.4,Yes,No,3,9,Home,0,0,0.4484019766966201
19,Female,156/77,247,20.7,No,Yes,5,6,Home,0,0,0.44868512058042337
73,Male,147/91,223,29.6,Yes,Yes,6,5,Rehab,0,1,0.6359430925105595
61,Other,140/97,164,28.1,Yes,No,2,4,Home,0,0,0.4356971812335221
50,Female,134/96,260,21.1,Yes,Yes,10,7,Home,0,0,0.4911318825263896
37,Other,123/74,210,27.7,Yes,Yes,10,3,Home,0,0,0.49592572983234723
56,Female,143/85,286,31.4,Yes,No,9,1,Home,0,0,0.4441757600883944
22,Other,125/79,295,18.4,Yes,Yes,3,3,Home,0,1,0.5003487381263303
74,Other,145/71,153,32.2,No,No,0,4,Rehab,1,1,0.5695482549410927
87,Female,134/88,180,32.5,Yes,Yes,2,9,Home,0,0,0.4642746754555305
87,Female,133/94,243,24.5,Yes,No,4,2,Home,0,0,0.4486294594033473
57,Female,123/84,163,19.0,No,Yes,9,7,Rehab,0,1,0.5986115092873392
18,Female,116/75,156,18.5,Yes,No,0,3,Home,0,0,0.4453944666759334
18,Other,137/76,223,31.2,Yes,Yes,0,7,Home,0,0,0.46765482005505493
80,Male,124/79,233,21.9,No,No,8,5,Rehab,0,1,0.5845749143887581
30,Male,160/92,266,27.8,No,No,1,7,Home,0,0,0.4042500223908516
40,Female,120/78,239,27.8,No,Yes,4,2,Home,0,0,0.4453866171753369
54,Male,131/88,298,23.7,Yes,No,3,8,Home,1,0,0.4580133211969332
78,Female,146/73,244,38.8,No,Yes,4,2,Home,0,0,0.44427686976053665
86,Male,122/75,288,36.9,No,No,7,3,Home,0,0,0.3938540891885597
87,Other,159/87,191,20.6,No,Yes,9,6,Rehab,0,1,0.6164268036727156
54,Male,153/73,265,33.6,Yes,Yes,5,10,Home,0,0,0.4752828874423973
83,Other,153/93,211,33.0,No,Yes,9,10,Rehab,0,1,0.5982822906072438
88,Male,159/96,235,20.7,No,No,1,8,Home,0,0,0.416937367231698
67,Female,127/94,162,32.9,No,No,3,9,Home,0,0,0.39381643157063806
75,Male,136/94,267,20.4,Yes,No,1,8,Home,0,0,0.45441117937258396
60,Female,122/70,293,39.2,Yes,No,9,8,Home,0,0,0.4221995605970047
48,Other,152/93,214,24.9,Yes,No,1,3,Home,0,0,0.4464749014832516
85,Male,152/71,267,28.8,No,No,10,10,Rehab,0,1,0.564947781752549
50,Other,123/95,268,38.8,No,Yes,4,8,Rehab,0,1,0.5936346312968659
55,Male,155/98,278,29.2,Yes,Yes,10,2,Home,0,0,0.4921929378577332
71,Other,148/85,265,38.0,Yes,No,8,1,Home,1,0,0.44323968338406244
57,Male,111/73,166,39.9,Yes,No,7,5,Home,0,0,0.4216358393045866
35,Male,138/87,206,29.9,Yes,No,10,6,Rehab,0,1,0.6006931459457648
60,Male,160/86,289,33.9,Yes,No,1,5,Rehab,0,1,0.6045231459715783
75,Male,126/92,205,18.9,Yes,No,9,1,Home,0,0,0.4590341512371313
77,Female,126/87,264,35.6,Yes,Yes,6,1,Rehab,0,1,0.6184124917725854
79,Male,157/93,255,34.1,Yes,Yes,5,2,Home,0,0,0.4731480706430478
85,Female,130/81,300,36.4,No,No,4,5,Home,0,0,0.4151967572819451
32,Male,147/100,177,39.4,Yes,Yes,4,10,Home,0,0,0.4366495057017544
46,Other,152/100,239,36.2,Yes,No,10,6,Home,1,0,0.43218752170109526
56,Female,143/80,280,27.7,Yes,Yes,8,5,Home,0,0,0.4880829348471792
66,Other,150/75,269,22.8,No,Yes,6,2,Home,0,0,0.4721701359252857
85,Female,118/88,259,23.0,No,Yes,3,1,Home,0,0,0.4517175590442893
27,Male,146/85,152,36.8,Yes,Yes,5,3,Home,0,0,0.4586924240069375
65,Other,125/97,245,25.9,Yes,No,5,9,Nursing_Facility,0,1,0.591602120083065
40,Female,139/82,195,26.1,Yes,No,10,6,Home,0,0,0.44035394131962385
89,Female,156/70,238,26.9,Yes,No,2,10,Home,1,0,0.4598020717090639
34,Other,127/79,270,22.1,No,Yes,10,4,Rehab,1,1,0.6272097561971474
36,Other,118/92,247,23.1,Yes,Yes,10,2,Home,0,0,0.48779837685103183
86,Other,132/87,292,38.2,No,No,8,10,Rehab,0,1,0.5666164453468525
75,Female,138/94,221,26.2,Yes,No,7,5,Home,0,0,0.46027463524320544
80,Female,144/79,197,26.9,No,Yes,2,4,Home,0,0,0.4357800453843966
74,Other,112/94,218,26.6,No,Yes,5,6,Home,0,0,0.4384087453936015
73,Other,130/92,223,18.3,Yes,No,3,6,Nursing_Facility,1,1,0.609027832717281
41,Female,124/72,292,27.6,No,No,5,8,Rehab,0,1,0.5763868024703219
20,Other,133/82,210,27.7,Yes,Yes,4,4,Nursing_Facility,1,1,0.6146307977970497
72,Male,160/91,154,37.1,Yes,No,0,2,Nursing_Facility,1,1,0.5593500969727414
85,Other,149/100,178,24.2,No,Yes,3,6,Home,0,0,0.449899569557864
67,Other,135/90,254,35.5,No,Yes,3,2,Home,1,0,0.4415385608198346
33,Other,126/85,189,25.5,No,No,0,7,Home,0,0,0.4065341012846194
69,Male,148/82,181,27.2,Yes,No,0,9,Home,0,0,0.4273591927592788
53,Female,159/90,284,35.5,No,No,6,7,Home,0,0,0.4058735965458727
35,Other,120/70,218,39.6,No,Yes,6,4,Rehab,0,1,0.5897298950530209
28,Female,144/89,224,21.1,Yes,No,1,4,Home,0,0,0.45344850978721
37,Female,141/98,228,19.6,Yes,No,5,4,Home,0,0,0.4631945279217066
30,Female,146/86,268,37.0,No,Yes,4,10,Home,0,0,0.415416564580792
80,Female,142/98,212,27.7,Yes,Yes,0,7,Nursing_Facility,0,1,0.6181055861041831
38,Female,110/82,254,26.2,Yes,No,0,5,Home,0,0,0.4313852511693919
19,Male,135/85,243,28.0,No,Yes,0,2,Home,0,0,0.44508535669198884
68,Male,146/71,209,37.9,No,Yes,5,4,Home,0,0,0.42989206942387576
72,Other,129/70,255,38.0,No,Yes,9,5,Nursing_Facility,1,1,0.5832211259723894
36,Other,146/90,286,34.2,No,Yes,5,1,Home,0,0,0.44445523471778026
47,Other,119/98,187,36.7,No,Yes,1,8,Nursing_Facility,0,1,0.5825656925779228
37,Male,145/88,264,36.3,No,No,8,3,Nursing_Facility,0,1,0.5378271297583727
26,Other,122/74,175,37.0,Yes,No,4,8,Home,0,0,0.4316974542858275
54,Other,136/92,204,27.7,No,No,10,8,Rehab,0,1,0.5658204336254826
71,Other,146/93,257,37.9,Yes,Yes,2,7,Home,0,0,0.47471014785007937
79,Other,155/76,165,25.7,No,Yes,2,6,Home,0,0,0.43733682733145046
43,Female,121/79,270,21.9,No,No,3,2,Home,1,0,0.4242945021981115
57,Other,154/96,192,21.6,No,No,2,5,Home,1,0,0.4090687017422513
77,Other,151/94,235,39.0,Yes,Yes,1,5,Home,0,0,0.4660740064281037
25,Female,125/100,286,38.9,No,Yes,2,6,Home,0,0,0.41850430934681565
54,Other,151/79,255,35.4,No,No,5,8,Home,0,0,0.4014369267182165
29,Male,152/87,174,29.0,No,Yes,4,5,Home,0,0,0.4216254253101833
68,Male,157/74,171,30.7,No,Yes,6,8,Home,0,0,0.4354320313308217
58,Female,120/80,189,25.3,Yes,Yes,3,2,Home,1,0,0.4797184364830587
85,Male,130/70,234,31.1,Yes,Yes,8,5,Home,0,0,0.47314048051653856
31,Male,138/81,268,33.0,Yes,No,2,4,Home,0,0,0.44290352279330975
47,Male,156/75,238,29.1,No,Yes,5,9,Home,0,0,0.4252533899896132
40,Female,152/70,169,20.7,No,Yes,9,10,Home,0,0,0.44750646018362494
75,Female,157/99,187,31.2,No,No,10,8,Home,0,0,0.4054291025377633
25,Female,119/87,195,19.2,No,No,6,7,Home,0,0,0.4078132234491667
34,Male,133/93,264,22.9,Yes,No,4,5,Home,0,0,0.45663474190332204
70,Male,141/74,233,36.2,No,No,9,2,Home,0,0,0.40209358696957553
84,Other,131/96,173,24.8,No,Yes,8,8,Home,0,0,0.44331536406705924
49,Male,119/93,209,31.9,Yes,Yes,3,5,Home,0,0,0.4703539245161857
51,Female,157/72,241,27.5,Yes,No,6,8,Home,0,0,0.43411971672485444
70,Other,143/78,278,39.5,Yes,No,10,1,Home,0,0,0.43941461191916104
57,Female,160/73,221,29.0,No,No,2,9,Home,0,0,0.4010095351308176
66,Male,134/87,189,26.5,Yes,No,8,2,Rehab,1,1,0.6020895643229308
70,Male,139/94,153,38.1,Yes,No,4,2,Home,0,0,0.4199336990796477
83,Male,124/75,170,28.3,Yes,Yes,4,9,Home,0,0,0.46080675206578275
22,Female,159/83,150,34.3,No,Yes,2,4,Home,1,0,0.4087837864205036
60,Male,130/91,228,20.7,Yes,No,7,8,Rehab,0,1,0.60777938204122
49,Other,112/99,277,34.5,Yes,Yes,1,10,Home,0,0,0.4674306490944903
49,Female,132/78,221,25.9,No,Yes,1,6,Home,0,0,0.4467921388688448
73,Other,130/77,273,23.9,No,Yes,10,5,Rehab,0,1,0.6169452110353518
77,Female,117/76,276,27.8,Yes,Yes,5,5,Rehab,0,1,0.6401037219159663
77,Other,123/100,248,23.0,Yes,No,10,6,Rehab,0,1,0.6156547324931804
57,Male,130/86,266,20.1,No,Yes,3,9,Home,0,0,0.44928908429711495
54,Other,122/82,175,22.4,Yes,No,0,3,Home,0,0,0.4445653961859712
60,Other,133/88,258,31.4,No,Yes,6,1,Home,1,0,0.4471855327968001
36,Other,124/77,228,31.9,No,Yes,10,9,Nursing_Facility,1,1,0.5928910547455921
66,Other,123/86,212,24.8,No,Yes,6,6,Rehab,0,1,0.6146696691993043
30,Male,118/92,271,37.4,Yes,Yes,9,8,Home,0,0,0.45755566795499414
30,Female,116/72,273,20.4,No,No,2,8,Home,0,0,0.42992405072694634
50,Male,111/76,172,33.1,Yes,No,9,8,Home,0,0,0.4173931084335613
50,Other,145/78,159,23.4,Yes,Yes,8,1,Home,0,0,0.4995351347065894
80,Female,130/89,249,32.1,No,No,6,9,Home,0,0,0.4056594867437941
39,Other,135/86,272,21.3,No,Yes,0,10,Home,0,0,0.46645510891184944
37,Other,134/83,165,18.3,Yes,No,7,3,Home,0,0,0.45000642854817974
55,Male,121/93,286,23.6,No,No,10,4,Home,1,0,0.42465140045996724
43,Other,139/86,276,20.5,No,Yes,6,4,Rehab,0,1,0.6163464374618235
23,Other,146/90,166,35.0,Yes,No,7,10,Home,0,0,0.424532263128458
37,Male,124/99,150,33.3,Yes,No,6,10,Home,0,0,0.42110934508190256
48,Female,132/98,244,37.6,No,No,10,3,Home,0,0,0.4004763524903855
88,Other,135/100,242,38.5,Yes,No,1,10,Home,0,0,0.42974948459717466
38,Other,124/91,265,37.5,No,No,4,8,Home,0,0,0.39332099097145523
68,Male,131/86,184,28.2,No,Yes,6,6,Home,0,0,0.4356530477430454
64,Other,143/84,191,35.7,No,No,6,10,Rehab,0,1,0.5600683901333446
46,Male,119/84,226,35.2,Yes,Yes,0,9,Rehab,0,1,0.6314557426834747
73,Male,150/82,165,29.7,Yes,Yes,10,1,Nursing_Facility,1,1,0.6083778743196587
19,Other,136/72,232,34.8,Yes,No,4,8,Home,0,0,0.4311404665148197
22,Other,122/86,202,37.5,No,Yes,2,9,Home,0,0,0.4134672060940032
22,Male,125/93,240,28.2,Yes,Yes,2,9,Home,0,0,0.48989832534246414
80,Female,128/79,222,28.9,No,No,9,9,Home,0,0,0.40294515880391585
62,Male,149/80,292,29.3,No,No,4,7,Home,0,0,0.41430781547889284
42,Male,155/70,216,20.1,No,No,7,1,Home,1,0,0.4237653304190056
53,Female,132/76,293,32.3,No,No,5,9,Rehab,0,1,0.5724910772152852
22,Other,125/86,251,36.6,No,Yes,4,9,Home,0,0,0.4386850133726657
34,Other,128/94,260,36.9,No,Yes,3,8,Rehab,0,1,0.5856370130082577
59,Male,123/83,216,34.5,No,Yes,9,3,Home,0,0,0.43032695586928815
44,Other,154/98,218,23.9,No,No,2,6,Home,0,0,0.41999545987064524
21,Female,130/98,153,25.3,No,Yes,2,1,Nursing_Facility,0,1,0.5668302089979995
45,Male,120/92,159,18.3,No,Yes,6,1,Home,0,0,0.44916861791264756
80,Other,137/77,280,35.2,Yes,Yes,3,3,Home,0,0,0.4930782831292725
45,Female,159/77,201,29.0,No,Yes,2,6,Rehab,0,1,0.5916251732059773
64,Female,157/72,182,20.2,No,No,8,7,Rehab,0,1,0.5649721168741776
86,Other,148/90,254,29.8,No,No,5,5,Nursing_Facility,0,1,0.5433811253137381
42,Other,125/82,275,34.6,Yes,No,3,4,Nursing_Facility,0,1,0.5898701986847257
59,Female,123/98,171,26.6,No,Yes,8,10,Home,0,0,0.43255498361698824
20,Male,141/99,230,19.9,No,No,6,6,Home,0,0,0.409803550331236
44,Other,118/80,299,26.9,No,No,2,2,Nursing_Facility,0,1,0.5641683173551589
84,Male,153/96,283,36.3,No,No,9,4,Rehab,0,1,0.5691260924477708
22,Female,134/80,226,27.7,Yes,No,7,10,Home,0,0,0.44072293612101665
19,Other,142/79,244,35.2,No,No,5,3,Home,0,0,0.4116219582659573
48,Male,158/100,283,28.2,Yes,Yes,4,9,Rehab,1,1,0.6384343643821556
58,Female,137/98,283,27.2,No,No,2,10,Home,0,0,0.42398709298026155
82,Male,138/94,162,34.0,Yes,No,3,5,Rehab,0,1,0.5964837521192278
58,Male,134/84,153,24.6,No,Yes,6,8,Home,0,0,0.44251560767767034
42,Other,128/93,291,20.6,No,No,3,1,Home,1,0,0.43820956886109086
21,Other,125/95,158,21.2,No,No,4,3,Rehab,0,1,0.5843878549705906
81,Other,138/73,254,33.2,Yes,Yes,4,4,Nursing_Facility,0,1,0.6104437297046817
53,Female,112/70,158,29.5,Yes,No,10,10,Home,1,0,0.4263428735252316
87,Female,153/73,192,28.2,Yes,No,1,2,Home,0,0,0.44540876405479296
27,Other,119/86,248,35.9,Yes,No,5,2,Rehab,0,1,0.5999959441355196
70,Male,138/88,171,29.2,Yes,No,10,10,Home,0,0,0.4254449920485026
72,Male,122/74,172,37.8,Yes,No,1,10,Rehab,0,1,0.5818668716278992
57,Male,146/89,265,39.4,No,Yes,8,10,Rehab,0,1,0.5979898591601368
69,Other,144/81,188,21.1,No,Yes,1,7,Home,1,0,0.45029206769345703
89,Female,151/81,209,23.7,No,Yes,9,3,Home,0,0,0.4411075598000192
63,Female,111/89,263,30.3,No,No,2,3,Home,0,0,0.41014281414152715
26,Other,123/100,162,36.3,No,No,7,2,Home,0,0,0.39014532854217815
19,Female,154/81,234,35.2,No,No,7,3,Home,0,0,0.40352417037198607
70,Other,159/75,247,31.5,No,Yes,8,1,Home,0,0,0.4441394697385167
46,Female,118/98,188,32.8,Yes,Yes,6,7,Home,0,0,0.45787347682826235
47,Male,155/80,238,39.2,No,Yes,8,1,Nursing_Facility,0,1,0.5717440230065138
31,Other,144/98,269,37.3,No,Yes,4,6,Home,0,0,0.43190694301125315
78,Other,118/87,262,32.7,No,Yes,5,3,Home,0,0,0.44940738718004136
82,Female,118/73,297,25.5,Yes,No,1,5,Home,0,0,0.46005112183980135
23,Female,112/81,250,31.5,Yes,No,2,9,Home,0,0,0.432266057149573
34,Male,151/88,260,26.1,Yes,No,3,8,Home,0,0,0.4469104538654661
66,Female,151/75,262,30.6,No,No,6,3,Home,0,0,0.41130638094093713
83,Other,138/92,193,20.2,Yes,Yes,8,9,Rehab,0,1,0.6478157585539805
67,Female,113/88,237,25.7,Yes,No,1,5,Nursing_Facility,0,1,0.5769582920339695
37,Female,124/76,261,27.1,No,Yes,7,4,Home,1,0,0.4525336468301332
26,Female,128/89,206,38.0,Yes,Yes,0,4,Home,0,0,0.4599344021415121
51,Male,138/98,182,27.0,Yes,Yes,7,1,Home,0,0,0.4787371064346753
76,Male,111/74,227,19.7,No,No,8,8,Home,0,0,0.41543161606456935
68,Female,119/87,285,26.5,No,Yes,7,8,Home,0,0,0.44371938047136195
56,Female,128/91,299,38.6,Yes,Yes,10,2,Home,0,0,0.48096688551755423
35,Female,160/97,282,36.3,No,No,0,2,Home,0,0,0.4163422985404274
85,Female,158/95,184,18.6,Yes,Yes,4,3,Rehab,0,1,0.6428735812301686
88,Other,154/98,193,31.5,No,Yes,9,8,Nursing_Facility,1,1,0.5845101910246258
55,Female,124/86,283,39.4,No,No,5,4,Home,0,0,0.39883080014019534
87,Other,114/76,235,31.1,Yes,Yes,5,2,Rehab,0,1,0.6444389429075406
82,Other,147/96,260,31.5,No,Yes,9,2,Home,0,0,0.44353315095692825
90,Female,113/82,268,24.3,Yes,Yes,4,5,Home,0,0,0.4903097944663246
39,Male,140/80,189,22.5,No,No,1,6,Home,0,0,0.40872421736380576
48,Other,111/93,191,31.1,Yes,No,8,2,Nursing_Facility,0,1,0.5837874026427812
49,Male,148/84,167,20.6,No,Yes,7,6,Home,0,0,0.4376958534275474
37,Male,158/89,269,36.6,Yes,Yes,6,10,Rehab,0,1,0.6224584956942206
82,Female,119/90,174,33.4,No,Yes,4,5,Home,0,0,0.42397867235546305
57,Other,115/89,255,22.3,Yes,Yes,6,6,Rehab,0,1,0.6439289668372822
73,Female,147/75,207,28.5,Yes,No,7,6,Home,0,0,0.43100058035487776
46,Female,149/95,214,27.6,No,No,1,5,Nursing_Facility,1,1,0.5564664228426163
57,Male,112/76,162,38.6,No,Yes,2,9,Home,0,0,0.4128423260919366
59,Male,136/99,294,26.8,Yes,No,4,3,Home,0,0,0.4382536904106543
70,Male,135/92,217,33.2,No,No,3,5,Home,0,0,0.39427946402804476
77,Male,126/70,156,26.5,Yes,No,9,10,Rehab,1,1,0.5994274895242541
32,Male,115/82,290,22.7,Yes,Yes,1,8,Home,0,0,0.47835413244316627
31,Female,134/71,220,18.6,Yes,Yes,6,5,Rehab,1,1,0.645371780713787
26,Female,153/93,201,40.0,No,No,7,8,Rehab,0,1,0.5446610693187676
19,Male,125/91,292,30.9,Yes,No,5,6,Home,0,0,0.44809501911268224
74,Male,132/82,275,23.0,Yes,No,10,3,Nursing_Facility,0,1,0.5913369132507696
42,Male,110/92,158,25.9,No,Yes,3,6,Home,0,0,0.4388002209564708
83,Female,149/96,197,22.5,No,Yes,7,3,Home,0,0,0.44217559426944086
29,Female,124/87,234,31.8,Yes,No,1,10,Rehab,0,1,0.5806038764927257
90,Other,115/95,218,28.3,Yes,Yes,0,4,Home,1,0,0.4866236833840743
31,Male,129/95,216,32.8,Yes,No,0,6,Rehab,0,1,0.5788999483209443
48,Female,121/73,224,21.4,Yes,No,2,7,Home,0,0,0.46690586144698554
63,Other,120/91,295,35.0,No,Yes,9,10,Home,0,0,0.44309036754564074
58,Other,119/85,182,37.7,Yes,No,1,1,Home,0,0,0.4176741712977118
70,Female,139/94,237,37.6,Yes,Yes,9,2,Home,0,0,0.46975633894522945
74,Female,134/93,183,27.7,Yes,No,3,7,Home,0,0,0.42978872146093755
70,Female,130/94,159,39.3,No,No,10,8,Home,0,0,0.3968664293565233
88,Male,139/75,189,37.6,Yes,Yes,7,6,Nursing_Facility,0,1,0.5997952208874399
86,Other,121/97,280,24.5,Yes,Yes,7,4,Home,0,1,0.5048010090611301
23,Male,124/79,240,37.3,No,Yes,3,4,Rehab,0,1,0.5911713649980379
86,Female,130/73,232,24.3,No,Yes,8,9,Home,0,0,0.4453469048176969
40,Female,117/72,253,34.7,No,Yes,9,3,Home,0,0,0.4460016108865327
88,Female,147/88,234,26.2,Yes,Yes,0,5,Home,0,0,0.4973743506716956
36,Other,118/79,294,27.5,Yes,Yes,9,1,Home,0,0,0.48227260085869184
40,Other,147/89,169,35.5,No,No,2,8,Home,0,0,0.38857705895910133
34,Female,154/77,196,35.8,No,Yes,10,6,Nursing_Facility,0,1,0.5547895459180912
77,Female,159/100,172,32.8,No,No,9,9,Nursing_Facility,0,1,0.5432960380471664
40,Male,144/95,294,19.1,Yes,Yes,10,7,Home,0,0,0.49523285814369084
89,Female,148/73,187,19.6,No,Yes,9,5,Nursing_Facility,0,1,0.5947590135304202
60,Male,147/81,236,30.3,No,No,4,2,Home,0,0,0.40654316194157786
28,Female,152/82,165,18.6,Yes,No,7,9,Home,0,0,0.43617340294982293
19,Male,142/89,298,21.6,Yes,No,1,6,Rehab,0,1,0.6026273632623733
40,Male,122/81,267,25.9,Yes,No,5,1,Home,0,0,0.46033968918892154
89,Other,149/81,285,22.4,Yes,Yes,4,4,Home,0,0,0.4982088512125445
19,Female,147/100,293,29.9,Yes,Yes,4,1,Nursing_Facility,0,1,0.61198280967229
72,Female,122/79,265,32.9,No,No,6,2,Home,0,0,0.40661373406520984
75,Male,118/82,193,23.6,No,No,1,6,Home,1,0,0.4017993201063051
68,Other,154/93,180,18.4,Yes,Yes,8,5,Home,0,0,0.4885896861265985
25,Other,139/82,157,23.5,Yes,Yes,0,7,Home,0,0,0.47300458136833234
83,Female,129/84,247,37.5,Yes,Yes,1,9,Home,0,0,0.4707610921920434
43,Female,156/70,256,35.8,No,Yes,1,3,Home,0,0,0.44871166867347617
52,Male,143/81,172,32.0,No,Yes,9,3,Home,0,0,0.43891142867922966
71,Male,117/97,220,31.5,Yes,No,9,8,Home,0,0,0.4368370042253218
33,Other,151/79,279,28.0,No,Yes,6,3,Home,0,0,0.4513465606569588
57,Other,121/86,207,19.0,No,No,8,1,Home,0,0,0.4334303345685376
38,Female,154/82,221,36.8,No,Yes,5,10,Home,0,0,0.4145782723963468
46,Male,111/83,243,30.0,No,Yes,6,4,Home,0,0,0.44562684175677875
43,Female,150/76,260,30.3,No,No,4,3,Home,0,0,0.4150971210928597
73,Male,113/72,271,31.9,No,Yes,3,10,Home,0,0,0.4372039910907209
68,Male,160/93,244,20.9,No,No,3,4,Rehab,1,1,0.5718329787933256
48,Female,147/99,186,24.2,Yes,Yes,0,7,Home,0,0,0.4742664634234232
42,Other,154/88,242,19.4,No,Yes,3,9,Home,1,0,0.4607998493478049
45,Other,129/91,245,22.7,No,No,10,9,Nursing_Facility,0,1,0.5601339914745939
78,Female,128/83,158,30.2,No,No,6,8,Home,0,0,0.40253327983673426
26,Other,154/90,178,39.3,Yes,No,10,7,Home,0,0,0.42182548121867114
80,Female,131/86,281,24.7,Yes,Yes,8,5,Nursing_Facility,0,1,0.6311697827026357
40,Female,130/94,227,18.3,Yes,No,1,3,Home,0,0,0.468401409316692
29,Male,141/74,182,21.1,Yes,Yes,2,1,Nursing_Facility,0,1,0.621765679013864
80,Other,133/78,219,19.3,No,Yes,4,7,Home,0,0,0.4719657808966753
47,Female,147/73,293,24.6,No,Yes,10,6,Home,0,0,0.46528023701128135
42,Other,124/91,260,35.7,Yes,Yes,7,1,Home,0,0,0.46851706295373396
28,Male,140/91,252,29.0,No,Yes,3,1,Home,0,0,0.4453718549505623
54,Male,152/83,195,29.2,Yes,Yes,7,1,Home,0,0,0.4677091036187716
90,Female,120/78,209,27.7,Yes,No,10,6,Nursing_Facility,0,1,0.5865368133989739
22,Male,153/82,173,21.5,No,No,1,10,Rehab,0,1,0.5664122400876093
73,Male,113/84,242,18.1,Yes,No,9,10,Home,0,0,0.4447483573459563
54,Female,124/79,288,21.9,No,No,4,6,Home,0,0,0.43031423371337607
18,Male,157/77,154,27.6,Yes,Yes,10,7,Home,0,0,0.4596750502907934
59,Female,135/90,234,36.3,Yes,Yes,8,1,Rehab,0,1,0.627496783866754
84,Male,110/71,158,38.2,No,Yes,0,6,Home,1,0,0.4382682187437014
76,Other,117/92,195,20.1,Yes,No,0,3,Home,0,0,0.4612070915587515
20,Other,141/91,261,38.7,No,Yes,8,1,Rehab,1,1,0.5865598267915445
26,Male,145/92,257,37.9,No,No,6,2,Home,0,0,0.3927098135142224
78,Male,137/81,294,30.2,Yes,Yes,6,2,Home,0,0,0.4822103890976495
77,Other,122/98,169,31.6,No,Yes,0,8,Home,1,0,0.42665124790673736
57,Other,151/100,245,27.4,Yes,No,2,10,Rehab,0,1,0.609179919260102
71,Female,131/83,172,18.9,No,Yes,8,8,Rehab,0,1,0.602858016584909
77,Male,119/99,161,26.1,Yes,No,4,5,Home,0,0,0.4461510449299684
29,Male,155/98,162,39.2,Yes,Yes,0,7,Home,0,0,0.4530844117004969
19,Male,131/73,286,21.7,No,No,0,1,Rehab,0,1,0.5793909506307362
54,Other,116/70,272,22.8,Yes,Yes,6,1,Rehab,0,1,0.6554975448191654
38,Male,118/78,150,24.3,Yes,No,5,3,Nursing_Facility,0,1,0.579270110891622
90,Female,143/94,164,34.9,No,No,1,8,Home,1,0,0.3760872209892291
51,Female,120/97,170,26.4,Yes,Yes,4,4,Home,0,0,0.48067387092870945
38,Other,150/86,238,33.1,No,No,4,1,Home,0,0,0.40157408667570427
63,Other,117/76,185,28.4,No,Yes,3,3,Home,0,0,0.4406109133251713
45,Male,132/98,248,38.7,Yes,No,6,3,Home,0,0,0.4293977956113834
81,Other,127/77,255,38.7,Yes,Yes,2,6,Home,0,0,0.47941274239446036
82,Other,143/70,221,23.5,Yes,Yes,9,7,Home,0,0,0.4789427166478995
35,Other,159/71,184,26.9,No,No,1,1,Home,0,0,0.4097840323473116
55,Male,120/85,173,19.3,No,Yes,6,3,Home,0,0,0.4562882275726702
37,Female,113/91,199,30.5,No,No,3,4,Rehab,0,1,0.5653152353936989
77,Male,126/84,171,30.0,No,No,10,9,Rehab,0,1,0.5670620059291711
69,Male,138/74,276,27.8,Yes,Yes,4,8,Nursing_Facility,0,1,0.6100680928818546
53,Male,121/71,229,28.0,Yes,Yes,10,3,Rehab,0,1,0.6416053546664413
70,Male,133/97,176,36.9,No,No,3,2,Home,0,0,0.3888727919694137
54,Male,112/76,210,21.8,No,Yes,7,3,Nursing_Facility,0,1,0.5906466119153456
58,Female,119/87,262,27.7,No,No,2,2,Home,1,0,0.4053968056492777
72,Female,122/88,173,36.2,No,No,4,8,Nursing_Facility,0,1,0.5517394751340203
57,Female,111/75,181,37.0,Yes,Yes,5,1,Home,0,0,0.4590754490923746
80,Male,155/75,213,32.7,No,Yes,2,2,Rehab,0,1,0.5847042305301233
35,Female,140/100,228,19.7,Yes,Yes,8,8,Home,0,0,0.4923137047278751
40,Other,115/86,177,22.1,No,Yes,2,10,Nursing_Facility,0,1,0.5881649308926269
65,Female,120/77,205,33.4,Yes,Yes,2,3,Rehab,0,1,0.6224189417462407
30,Other,114/83,256,28.3,No,Yes,9,9,Home,0,0,0.45655628399718423
77,Other,151/96,298,27.4,No,No,5,4,Rehab,0,1,0.5788211980956885
33,Other,141/85,249,39.2,Yes,Yes,8,2,Home,0,0,0.46103439884178143
58,Other,126/91,287,21.1,No,No,3,6,Rehab,0,1,0.6008751215984014
82,Other,134/89,190,19.1,No,No,9,6,Home,0,0,0.43276535100870084
87,Female,139/72,184,32.1,Yes,Yes,4,1,Rehab,0,1,0.6408715651573841
28,Female,119/94,203,28.8,Yes,Yes,1,3,Home,0,0,0.4661905713219547
71,Female,141/81,189,29.9,Yes,Yes,2,10,Home,0,0,0.46916496625723003
25,Other,130/83,225,37.7,No,Yes,5,10,Nursing_Facility,0,1,0.5593862895545095
55,Male,148/76,253,30.7,Yes,Yes,7,8,Home,0,0,0.46723825233801
26,Male,157/85,264,38.8,No,No,10,7,Home,0,0,0.39344069808767623
62,Other,118/85,257,23.8,Yes,No,10,5,Home,0,0,0.4566012697671949
39,Male,156/76,193,35.3,No,No,6,1,Rehab,0,1,0.5496597203451453
46,Female,119/73,279,23.3,No,No,3,4,Home,0,0,0.421390560267242
41,Other,138/96,221,28.7,Yes,Yes,8,2,Home,0,0,0.48390645676716304
32,Male,118/71,271,34.3,Yes,No,0,8,Home,0,0,0.41932942151191965
53,Other,133/82,157,26.6,No,Yes,2,2,Rehab,0,1,0.5956288265560526
88,Female,146/74,158,29.8,No,No,5,4,Home,0,0,0.3937179714972708
41,Female,140/76,240,35.0,Yes,Yes,4,5,Rehab,0,1,0.6237532759334984
21,Male,155/82,194,37.9,Yes,Yes,6,5,Nursing_Facility,0,1,0.588802385947709
24,Other,152/70,286,37.5,Yes,No,6,10,Home,0,0,0.44057101204997656
55,Male,126/97,280,19.4,Yes,Yes,4,8,Home,0,1,0.5068124065592596
74,Female,160/83,187,39.0,Yes,Yes,7,8,Rehab,0,1,0.605869061419029
34,Female,121/87,156,18.7,No,Yes,7,9,Home,0,0,0.44586263715088437
45,Male,113/91,218,36.4,Yes,Yes,8,8,Home,1,0,0.46666111572342334
69,Female,112/97,278,22.8,No,Yes,7,5,Nursing_Facility,0,1,0.5979424714704735
67,Male,132/97,197,26.1,No,Yes,9,6,Rehab,0,1,0.6056959608144594
72,Other,124/91,195,27.4,Yes,Yes,10,5,Home,1,0,0.47386019358625825
47,Female,128/95,208,36.4,Yes,Yes,7,6,Home,0,0,0.4662295692155977
25,Female,131/75,192,21.7,No,Yes,3,2,Rehab,0,1,0.6123837106057856
72,Male,124/81,246,21.8,Yes,Yes,1,6,Rehab,0,1,0.6512055858474161
29,Female,157/94,264,40.0,No,Yes,4,10,Nursing_Facility,0,1,0.5704252180637247
45,Other,110/85,186,27.5,Yes,Yes,0,6,Rehab,0,1,0.6347294897531242
46,Male,138/96,218,19.5,Yes,No,1,8,Home,0,0,0.44974826741886653
72,Male,139/82,238,37.2,No,Yes,7,3,Home,0,0,0.4279022930224042
68,Male,159/95,223,32.2,Yes,No,10,6,Rehab,0,1,0.5940774745051176
83,Female,156/89,238,37.7,No,Yes,7,3,Home,0,0,0.43042134947596733
85,Male,159/92,225,30.6,Yes,Yes,6,10,Home,0,0,0.4730588302181686
84,Male,115/74,283,25.8,Yes,No,10,6,Home,0,0,0.45818510334011603
61,Female,131/85,244,34.5,Yes,No,9,6,Rehab,0,1,0.5852494740511687
44,Female,110/81,179,24.7,No,Yes,1,4,Nursing_Facility,0,1,0.5695514683443652
62,Male,134/100,177,19.3,Yes,No,8,9,Home,0,0,0.4511630127295262
37,Male,117/96,186,38.9,No,Yes,9,10,Home,0,0,0.4129050171618759
79,Female,131/84,296,39.8,Yes,No,3,6,Home,1,0,0.4262795854488034
69,Other,113/91,256,23.3,No,No,5,6,Home,0,0,0.43089803568089363
71,Female,131/73,151,39.0,No,Yes,2,8,Home,1,0,0.41210217569767904
85,Other,142/95,223,39.8,Yes,Yes,1,10,Rehab,1,1,0.6228810299431814
22,Male,149/85,189,28.2,Yes,No,0,5,Home,0,0,0.44437829160356396
57,Female,142/94,243,28.5,No,Yes,7,4,Home,1,0,0.4431364888071138
79,Male,113/100,178,34.0,Yes,No,3,6,Rehab,0,1,0.5991918635922414
23,Other,158/74,184,32.0,Yes,Yes,3,2,Home,0,0,0.4703787961418931
52,Male,144/89,170,18.0,Yes,Yes,3,9,Home,1,0,0.4832957143549038
29,Other,147/89,237,38.8,No,No,2,8,Rehab,1,1,0.5504931266259768
21,Other,131/77,245,26.6,No,No,7,10,Home,0,0,0.4210762006407716
41,Female,157/81,165,22.2,No,No,1,9,Home,0,0,0.4058744927241384
20,Female,118/96,276,24.6,Yes,No,8,5,Rehab,0,1,0.6234200031075315
55,Male,138/84,253,22.6,Yes,No,7,2,Home,0,0,0.45214032432343815
54,Male,152/75,291,26.3,No,Yes,4,4,Home,0,0,0.4502276141394203
36,Other,142/78,300,33.3,Yes,No,10,9,Home,0,0,0.4424745726403332
68,Female,135/74,165,36.6,Yes,No,4,3,Home,0,0,0.40946872001714696
40,Male,125/92,260,19.4,No,Yes,2,8,Home,0,0,0.45305185258596553
72,Female,158/83,219,19.4,Yes,Yes,1,9,Home,1,0,0.4867738866104614
43,Male,118/99,230,23.6,No,No,5,5,Home,0,0,0.40270133623487303
53,Other,137/73,184,31.2,No,No,0,2,Nursing_Facility,1,1,0.5381995462246524
20,Male,150/75,156,39.3,No,Yes,4,4,Rehab,0,1,0.5804578002245867
23,Female,157/93,151,18.7,No,Yes,4,6,Home,0,0,0.4455573404173907
53,Other,141/78,200,27.7,No,No,4,1,Home,1,0,0.4201024789691103
66,Female,144/88,257,22.4,Yes,Yes,1,10,Home,0,0,0.4831375121399402
69,Male,157/74,212,20.8,No,Yes,5,3,Rehab,0,1,0.6164327848173559
25,Female,129/78,180,28.2,Yes,No,6,10,Nursing_Facility,0,1,0.5766169608323289
26,Male,117/79,245,33.4,Yes,Yes,4,2,Home,0,0,0.46571639198907766
71,Male,126/73,278,35.5,No,No,6,9,Home,0,0,0.3978012660551153
38,Male,111/75,213,37.5,No,Yes,0,6,Home,0,0,0.42020712295527674
60,Female,143/100,217,23.1,No,Yes,2,1,Home,0,0,0.4423258605415066
74,Other,148/89,162,22.2,No,Yes,7,2,Home,0,0,0.44505339884445866
71,Female,159/82,169,37.1,No,No,5,7,Home,0,0,0.3854097105132661
65,Other,110/98,197,39.8,Yes,No,10,4,Home,0,0,0.4241359441239914
80,Female,147/89,270,29.0,No,Yes,4,2,Home,0,0,0.4447697390324325
54,Female,157/98,298,21.1,Yes,No,2,6,Home,0,0,0.45847711970742683
43,Other,147/88,295,27.8,Yes,No,6,8,Home,0,0,0.4733705447538099
75,Male,153/99,207,24.4,No,No,10,5,Home,0,0,0.41394963550721575
29,Other,151/96,170,32.2,Yes,No,8,2,Nursing_Facility,0,1,0.5715557345338953
87,Male,144/95,291,19.2,No,Yes,7,10,Home,1,0,0.45891118709443246
86,Male,149/81,155,25.7,Yes,No,9,3,Home,0,0,0.43758423787627876
43,Other,129/86,256,24.3,Yes,Yes,6,8,Rehab,0,1,0.6418624599677052
29,Female,160/94,292,21.4,Yes,No,6,6,Home,1,0,0.4596657783400568
47,Male,150/86,267,38.0,Yes,No,0,5,Home,0,0,0.4210410390834568
81,Female,157/90,281,26.0,Yes,No,5,1,Home,0,0,0.45863825662858226
21,Male,147/73,228,22.1,No,Yes,2,10,Home,0,0,0.4517248434466482
64,Male,158/78,249,24.1,Yes,Yes,0,4,Rehab,1,1,0.6352748213422281
48,Female,121/75,177,30.3,No,No,6,5,Home,0,0,0.4026568362188131
72,Other,112/91,254,28.3,No,No,4,10,Rehab,0,1,0.5919680898902335
54,Female,140/71,239,23.5,Yes,Yes,1,4,Nursing_Facility,0,1,0.6224925844719911
68,Male,155/79,198,36.6,No,No,10,9,Home,0,0,0.3847493491944452
43,Male,138/90,290,18.0,No,No,1,4,Rehab,0,1,0.5813412373038434
83,Male,121/98,208,25.1,No,No,10,7,Home,0,0,0.4113074279472829
88,Female,140/72,244,32.3,No,No,8,2,Home,0,0,0.42371454678281656
52,Female,156/85,206,19.2,No,No,7,4,Home,0,0,0.41386551818017336
87,Other,144/76,196,24.8,No,Yes,0,5,Home,0,0,0.4524498627745735
81,Female,158/92,292,24.3,Yes,No,2,9,Home,1,0,0.461734508712029
84,Female,146/79,289,30.3,Yes,Yes,4,8,Home,0,0,0.4822462540264701
67,Female,155/94,206,19.5,Yes,No,3,4,Home,0,0,0.4503145233182701
20,Other,123/95,203,35.7,No,Yes,7,8,Home,1,0,0.4309000168616639
84,Male,138/75,299,21.0,No,No,10,6,Home,0,0,0.4154088091664373
30,Male,160/92,295,28.0,No,Yes,4,7,Home,0,0,0.44269061403666604
84,Male,147/78,295,23.1,No,Yes,8,5,Home,0,0,0.4541169025173808
21,Other,153/88,225,22.8,No,Yes,10,5,Rehab,0,1,0.6058726698638024
89,Male,157/95,181,28.3,No,Yes,4,1,Home,0,0,0.44120208852653264
77,Male,134/79,268,23.3,No,Yes,2,2,Home,0,0,0.4458687231143927
69,Male,122/73,243,37.6,Yes,No,6,9,Home,0,0,0.43103732724794924
49,Male,159/93,202,28.9,Yes,Yes,2,5,Rehab,0,1,0.6240923767677006
32,Other,111/89,201,20.2,Yes,Yes,1,10,Home,0,0,0.48640530187516684
20,Female,157/90,235,27.0,No,Yes,2,1,Nursing_Facility,1,1,0.587289241569049
65,Other,141/72,158,28.7,No,No,4,6,Home,0,0,0.3989054645727586
63,Female,132/85,220,25.1,Yes,Yes,0,3,Home,0,0,0.47143945483076666
57,Male,135/86,169,37.8,Yes,Yes,3,8,Home,0,0,0.45849263759312975
85,Female,136/83,242,26.0,No,Yes,9,1,Home,0,0,0.45739788823569855
87,Male,149/90,192,33.5,Yes,No,2,9,Home,0,0,0.4323176954822651
38,Male,113/76,287,21.7,Yes,Yes,8,5,Rehab,1,1,0.6515402578424293
61,Female,115/90,245,20.1,No,Yes,0,6,Home,0,0,0.45403717777658925
50,Female,133/74,182,36.1,No,Yes,9,7,Rehab,0,1,0.5850257140603551
30,Other,155/86,152,27.5,Yes,Yes,4,8,Home,0,0,0.47555028913375585
69,Other,146/70,282,37.1,Yes,Yes,1,5,Home,0,0,0.4653957739772404
21,Other,122/98,244,27.3,Yes,Yes,3,5,Home,0,0,0.47795328551897315
87,Male,144/84,179,27.8,No,No,9,4,Home,0,0,0.40633504587765146
48,Other,120/79,185,21.6,No,Yes,8,9,Nursing_Facility,0,1,0.5968215346744427
19,Female,155/97,175,34.2,Yes,No,3,2,Home,0,0,0.42003688098229214
27,Other,127/78,151,29.3,No,Yes,1,5,Home,1,0,0.42827765314063315
82,Male,142/99,226,30.0,Yes,No,9,3,Home,1,0,0.4364654407413314
62,Male,127/73,151,31.8,No,No,8,1,Rehab,0,1,0.5595287231481076
85,Female,154/82,157,29.5,No,Yes,0,1,Home,1,0,0.4216106709471377
88,Female,121/70,275,30.6,No,Yes,3,10,Home,0,0,0.4328147659316985
83,Female,130/88,215,25.6,No,Yes,9,5,Rehab,0,1,0.5945017054850011
51,Male,152/99,171,31.9,Yes,No,9,6,Rehab,0,1,0.5797527130949217
41,Male,127/87,300,26.9,Yes,Yes,2,5,Rehab,0,1,0.6302690128330405
53,Male,128/88,223,22.9,No,Yes,10,4,Home,0,0,0.46630721282077225
61,Female,131/97,239,39.6,Yes,No,9,4,Rehab,0,1,0.5951766143925071
38,Female,160/72,184,25.3,No,No,10,7,Home,0,0,0.40295554984307463
61,Other,147/88,293,18.6,Yes,Yes,1,6,Home,0,1,0.5211054318672449
39,Other,135/80,274,23.7,No,No,0,10,Home,0,0,0.42766655987375285
53,Female,135/73,281,23.1,No,No,6,4,Home,0,0,0.45285178070441673
90,Other,156/88,204,39.3,No,Yes,3,9,Home,0,0,0.43504427070651286
29,Male,116/100,153,28.1,No,Yes,5,1,Nursing_Facility,0,1,0.5770616852846346
31,Other,124/93,155,18.4,No,No,1,2,Rehab,0,1,0.5774277535628698
89,Female,115/84,232,19.3,No,Yes,1,2,Rehab,0,1,0.6131665017453948
45,Female,158/79,299,38.4,Yes,No,3,2,Home,0,0,0.43116958032101543
68,Female,141/76,230,30.8,No,Yes,5,1,Home,0,0,0.44846659948651335
28,Female,144/78,223,36.8,No,No,6,4,Nursing_Facility,0,1,0.5347059394672509
54,Other,137/83,241,25.2,No,Yes,7,2,Home,0,0,0.46480143308191446
74,Male,124/92,235,30.1,Yes,Yes,7,8,Home,0,0,0.48257044321011716
48,Female,118/96,245,29.6,No,No,10,3,Home,0,0,0.4223391502339198
85,Male,136/90,212,35.2,Yes,Yes,6,3,Home,0,0,0.46054813997386346
56,Other,159/84,285,29.6,No,Yes,9,2,Home,0,0,0.4586816143712052
81,Other,118/84,212,27.0,No,Yes,3,3,Rehab,0,1,0.6041879344111036
89,Female,127/78,178,31.8,Yes,Yes,0,1,Home,0,0,0.46129178860011955
19,Male,144/77,193,27.4,No,No,10,6,Home,0,0,0.4044481573105012
22,Female,135/83,220,38.2,No,No,10,1,Home,0,0,0.4181692235560867
22,Male,111/85,218,38.0,No,No,2,8,Home,0,0,0.3810902783199629
50,Female,142/89,212,27.1,No,No,5,2,Home,0,0,0.3974244682220037
79,Male,155/73,168,23.2,No,Yes,9,5,Rehab,0,1,0.5956905368941006
39,Female,143/88,258,21.4,No,No,1,5,Home,0,0,0.413552144924627
76,Other,143/74,245,20.5,No,Yes,9,3,Home,0,0,0.4568058704149381
80,Other,116/95,238,18.7,Yes,Yes,4,3,Home,0,1,0.5035979142151651
28,Female,138/85,153,29.2,Yes,Yes,1,10,Rehab,0,1,0.6138312780301145
86,Female,139/94,269,22.3,Yes,Yes,9,7,Home,0,0,0.49582057177988653
47,Female,122/72,177,37.0,Yes,Yes,6,1,Home,0,0,0.46171314090008675
49,Other,140/99,235,30.1,No,Yes,6,1,Home,0,0,0.4426775429288876
64,Male,133/76,251,39.9,Yes,Yes,8,4,Home,0,0,0.46284940166228955
65,Other,115/77,266,33.2,Yes,No,8,3,Home,0,0,0.44562423536016266
86,Other,136/70,239,29.4,No,Yes,10,8,Home,0,0,0.45752104132622284
79,Male,160/91,190,24.4,Yes,No,5,6,Home,0,0,0.4430027469088804
68,Female,157/94,180,35.1,No,No,9,9,Home,0,0,0.3974340214724342
70,Other,126/83,253,20.2,No,Yes,0,7,Rehab,0,1,0.6172818776680272
63,Male,125/70,295,35.2,No,No,4,6,Rehab,0,1,0.5747389645908232
65,Male,159/88,232,35.2,Yes,No,2,2,Home,0,0,0.4270501950373488
19,Other,126/99,153,20.8,Yes,No,9,4,Home,0,0,0.44988165789631424
22,Male,156/72,238,27.4,Yes,Yes,5,9,Home,0,0,0.48534986550129183
86,Female,157/84,226,33.0,Yes,Yes,6,5,Home,0,0,0.4678775562517609
37,Male,153/73,278,18.9,Yes,Yes,10,4,Home,0,1,0.50448840371323
52,Male,143/95,186,21.3,No,No,0,9,Home,0,0,0.4006883528683127
27,Other,157/89,257,28.7,No,No,2,8,Home,1,0,0.40952905063590506
25,Male,139/95,211,39.5,No,Yes,2,6,Home,0,0,0.4292736110429853
45,Male,136/71,194,21.8,Yes,Yes,10,1,Home,0,0,0.48512906585377585
30,Other,144/97,281,32.6,Yes,No,2,3,Home,0,0,0.45269758054388237
25,Male,139/76,214,35.7,No,No,1,1,Nursing_Facility,0,1,0.5390084543226608
34,Female,131/91,285,31.6,No,No,0,6,Home,0,0,0.4096699932396741
64,Male,122/74,178,35.4,No,No,9,3,Home,0,0,0.3997947125500715
76,Other,157/82,199,32.4,Yes,No,4,10,Home,0,0,0.43353090724943144
90,Female,124/83,299,36.2,No,No,8,4,Home,0,0,0.41040451015178725
25,Other,124/85,227,22.8,Yes,Yes,4,6,Home,0,0,0.4792446477651319
77,Female,112/88,208,30.9,No,Yes,9,8,Home,0,0,0.42395839001539826
67,Female,114/70,263,29.0,No,No,3,2,Home,0,0,0.41546726446356824
24,Female,115/70,292,36.2,No,No,4,10,Rehab,0,1,0.5594086518664243
32,Other,144/91,199,24.8,Yes,No,2,4,Home,0,0,0.4511058059262049
90,Male,119/98,280,26.8,No,Yes,9,10,Rehab,0,1,0.624346658720301
77,Other,128/70,154,26.1,Yes,No,4,5,Home,0,0,0.4332364663588951
23,Male,127/73,246,34.4,No,No,6,4,Nursing_Facility,0,1,0.5448585962644161
72,Female,148/77,217,19.2,No,No,7,4,Nursing_Facility,0,1,0.5690753705744084
79,Other,118/88,207,29.5,Yes,Yes,1,8,Home,0,0,0.47060058516248104
70,Other,146/82,218,19.5,No,Yes,3,1,Home,0,0,0.4679136045565324
84,Other,119/92,205,24.9,No,No,7,7,Home,0,0,0.40978144929002325
51,Female,112/76,211,38.1,No,Yes,8,7,Nursing_Facility,1,1,0.5663603238517398
60,Female,154/97,270,37.5,Yes,No,0,2,Home,0,0,0.4294573203416427
60,Female,122/84,294,22.4,Yes,No,2,6,Home,0,0,0.46475868804684345
22,Male,148/73,190,26.9,No,No,0,2,Home,1,0,0.40176534464615615
57,Male,134/75,274,25.1,No,No,8,8,Home,0,0,0.40715405170369096
83,Other,110/79,265,28.5,No,No,10,4,Home,0,0,0.4304109392412528
70,Female,146/84,234,21.1,No,No,8,2,Home,0,0,0.4222170070450019
83,Male,128/86,266,31.0,Yes,No,3,7,Home,0,0,0.44902643911077744
56,Other,160/90,287,22.6,Yes,Yes,9,5,Home,0,1,0.5046519996667862
79,Other,119/92,218,32.5,Yes,Yes,0,10,Home,0,0,0.46294994607847983
64,Female,110/77,252,39.0,No,Yes,7,2,Home,0,0,0.4265532216044129
31,Other,114/92,171,28.3,No,No,5,4,Home,0,0,0.40127142491714796
36,Other,130/90,241,39.2,Yes,No,8,8,Rehab,1,1,0.5916698354787517
28,Male,143/92,213,33.7,No,Yes,1,3,Home,0,0,0.4208106277029651
54,Male,114/78,194,29.4,Yes,Yes,9,5,Nursing_Facility,0,1,0.5974774396238335
30,Female,113/84,159,37.5,No,No,6,2,Home,0,0,0.37386837958625835
44,Male,159/87,206,20.7,No,No,6,9,Home,1,0,0.4135283455388616
24,Female,147/92,239,33.5,Yes,Yes,0,7,Rehab,1,1,0.619540158801347
62,Other,139/79,289,34.6,No,No,6,7,Home,0,0,0.40871678964023683
52,Other,132/99,200,36.3,Yes,No,0,9,Home,0,0,0.4319303595365818
45,Female,126/78,239,21.6,No,Yes,5,5,Rehab,1,1,0.6232732418187176
63,Male,117/82,168,29.3,Yes,Yes,6,5,Home,0,0,0.46368395588732053
41,Female,116/73,215,20.2,Yes,Yes,7,8,Home,1,0,0.4875963260222758
51,Female,122/94,179,31.3,No,Yes,10,3,Rehab,0,1,0.5974674617435521
82,Other,131/73,283,38.4,No,Yes,9,5,Rehab,0,1,0.5997518433638537
82,Female,141/70,278,38.8,No,No,1,2,Home,0,0,0.40295366578373604
25,Other,141/80,216,39.4,Yes,Yes,0,5,Home,0,0,0.45944503260878966
49,Male,156/79,202,19.6,No,No,8,6,Home,0,0,0.415870391878494
26,Other,134/76,160,18.3,Yes,Yes,10,2,Home,0,0,0.4862221561411615
23,Other,159/100,249,27.9,Yes,No,7,9,Home,0,0,0.4561114186297716
40,Male,119/85,220,24.7,No,No,0,6,Home,0,0,0.3971450106005224
38,Female,119/86,217,31.3,Yes,Yes,8,5,Rehab,0,1,0.6307570079227766
73,Female,130/78,256,20.2,No,Yes,9,5,Home,0,0,0.45751979057290565
34,Female,147/99,231,20.4,Yes,Yes,10,7,Home,0,0,0.4903384631627565
70,Female,148/97,259,30.0,No,No,10,8,Rehab,0,1,0.5594766834404652
86,Other,124/85,281,36.5,Yes,Yes,5,10,Home,0,0,0.4663227903822279
71,Male,128/97,217,39.9,Yes,No,6,2,Home,0,0,0.42039870121502465
47,Female,146/82,254,30.3,Yes,Yes,0,7,Home,0,0,0.4796513448031137
64,Male,157/96,207,30.9,Yes,No,6,2,Nursing_Facility,1,1,0.572153315334948
60,Other,150/75,253,22.0,No,Yes,8,4,Home,0,0,0.47107136938657
71,Female,158/78,228,29.4,No,Yes,6,3,Rehab,0,1,0.5972469717100769
51,Other,121/71,228,34.8,No,No,6,1,Home,0,0,0.4119100424610653
59,Female,152/88,155,36.7,No,No,0,4,Nursing_Facility,0,1,0.5218511783591124
86,Other,141/72,176,23.3,No,No,1,2,Home,1,0,0.4106362702729214
78,Other,131/75,285,36.7,No,No,1,2,Home,0,0,0.41565025448099197
69,Female,140/86,254,25.0,No,Yes,3,9,Home,0,0,0.44555024598084686
31,Female,156/85,239,24.7,No,Yes,9,4,Home,0,0,0.4434475926005594
24,Other,136/95,189,36.9,No,Yes,5,6,Home,0,0,0.42443301825137686
19,Other,145/98,194,27.8,No,Yes,3,7,Home,0,0,0.43281046058003
81,Other,144/80,228,30.5,Yes,Yes,0,1,Home,0,0,0.4915909753349936
67,Other,159/70,233,31.1,No,No,1,9,Home,0,0,0.39617050293397044
24,Female,151/70,177,29.7,No,Yes,9,10,Home,0,0,0.43576443876538323
54,Other,139/82,270,34.8,Yes,No,1,4,Home,0,0,0.4392657595193829
78,Male,143/74,255,23.9,Yes,No,4,9,Home,0,0,0.4406842128313005
83,Other,159/88,258,38.9,Yes,No,8,9,Home,0,0,0.432367560334734
44,Female,113/76,152,36.0,Yes,No,0,3,Home,1,0,0.42136596011610367
80,Male,147/83,285,37.7,Yes,No,4,5,Home,0,0,0.4362613736884056
26,Female,137/96,240,34.9,Yes,No,8,1,Home,0,0,0.4441819469763294
75,Female,157/70,271,31.0,Yes,No,4,6,Home,0,0,0.4417891978062851
26,Female,160/72,241,20.1,No,No,9,4,Rehab,0,1,0.5777834915248271
64,Other,132/80,265,34.9,Yes,No,10,7,Home,0,0,0.4529328732468098
49,Female,158/97,277,32.9,No,No,1,4,Home,0,0,0.4160752990125316
68,Male,130/70,180,20.7,Yes,No,8,1,Home,0,0,0.4492290780791106
45,Other,120/90,260,30.8,No,No,7,7,Nursing_Facility,0,1,0.5484554915097518
73,Male,145/70,164,28.1,Yes,Yes,8,3,Home,0,0,0.4706129421138644
73,Male,142/88,216,32.5,No,No,10,6,Home,0,0,0.3958260108709781
44,Other,159/97,258,29.8,Yes,No,7,9,Nursing_Facility,0,1,0.5944018928300463
54,Female,120/97,263,32.9,Yes,Yes,0,7,Home,0,0,0.47923459970902416
62,Female,110/87,214,34.4,No,No,9,9,Home,0,0,0.39385020836775514
65,Male,126/83,288,19.2,Yes,No,2,3,Home,0,0,0.4607384827411644
53,Other,138/77,173,30.8,Yes,Yes,2,3,Home,0,0,0.4742423830635406
45,Other,115/92,186,32.1,No,Yes,8,1,Home,0,0,0.43468727613654623
84,Female,117/90,162,22.4,Yes,Yes,9,6,Nursing_Facility,1,1,0.6130948221656061
19,Female,118/71,226,19.7,Yes,No,2,5,Home,0,0,0.43955504318683436
57,Female,119/73,300,25.1,Yes,No,9,10,Home,0,0,0.4563083295852615
60,Male,157/76,200,24.5,No,Yes,2,3,Home,0,0,0.44732694014301005
42,Other,158/73,254,31.6,No,Yes,4,3,Home,0,0,0.4428512505720438
40,Female,121/88,282,31.6,Yes,Yes,2,2,Rehab,0,1,0.6337085518601325
57,Female,112/77,164,29.5,No,Yes,6,4,Home,0,0,0.43350830606746005
24,Other,155/75,212,38.3,Yes,Yes,10,2,Rehab,0,1,0.6183571539085709
77,Male,143/80,270,33.8,No,No,2,5,Home,0,0,0.4050819832563101
30,Male,119/78,289,29.4,Yes,Yes,5,4,Home,0,0,0.4818630742695846
35,Male,118/94,253,20.7,Yes,No,9,9,Rehab,0,1,0.602075412675355
32,Other,145/77,258,23.5,No,No,2,9,Rehab,0,1,0.5868892847814776
70,Male,157/70,249,23.1,No,No,3,10,Home,0,0,0.4121908292415788
32,Male,124/75,284,24.0,No,Yes,9,1,Home,0,0,0.4514319844192087
73,Male,126/85,295,25.3,Yes,Yes,4,5,Rehab,0,1,0.6430175519959902
47,Other,146/89,240,27.8,No,No,3,8,Home,0,0,0.4248427714091068
61,Other,129/83,173,32.3,Yes,Yes,9,8,Home,1,0,0.4619142284561963
41,Female,133/85,289,21.9,No,No,3,3,Home,0,0,0.4298559206866731
70,Female,127/81,216,23.7,No,Yes,1,4,Rehab,0,1,0.6010514763181247
65,Female,151/92,227,30.0,No,Yes,1,6,Nursing_Facility,0,1,0.5719869364405498
76,Male,139/91,224,22.1,No,Yes,3,7,Home,0,0,0.46054813586780985
19,Male,139/70,205,31.4,No,Yes,3,10,Home,0,0,0.4338478008638397
55,Female,140/86,166,32.7,Yes,No,9,7,Rehab,0,1,0.5859446148928726
76,Male,147/93,183,25.2,No,No,8,3,Home,0,0,0.4050172827239092
69,Female,140/99,183,33.4,No,No,5,6,Home,0,0,0.3902965883735883
18,Other,116/82,182,24.1,No,Yes,5,8,Nursing_Facility,0,1,0.5789362059554072
27,Male,114/93,271,23.1,No,Yes,6,10,Home,0,0,0.45005000941603857
90,Other,159/82,185,39.9,No,No,8,6,Home,0,0,0.3912870779337026
67,Female,111/91,258,21.1,Yes,No,1,10,Home,0,0,0.44651747586609203
29,Female,123/72,196,29.8,Yes,No,7,6,Home,0,0,0.44706696823101677
46,Male,159/78,174,38.1,Yes,No,5,6,Home,0,0,0.42526370258691687
63,Male,115/87,163,38.1,No,No,7,9,Rehab,0,1,0.5479920773706598
27,Male,155/84,264,23.2,No,No,9,6,Rehab,0,1,0.5785931413044942
39,Female,139/71,191,33.2,No,Yes,8,7,Nursing_Facility,0,1,0.5592357303108321
62,Male,112/92,184,26.5,Yes,No,2,5,Home,0,0,0.42978409562983044
73,Male,113/91,272,23.9,Yes,Yes,2,10,Home,0,0,0.490256722430246
45,Female,159/94,288,37.9,Yes,No,6,4,Home,0,0,0.445267439722151
90,Other,140/71,225,39.5,No,Yes,5,6,Home,0,0,0.43002005695504647
76,Male,119/97,265,33.0,No,Yes,10,7,Home,0,0,0.4414642711396563
40,Female,114/90,186,35.8,No,No,4,7,Home,0,0,0.3873939734291021
77,Other,153/83,198,30.5,No,No,6,4,Rehab,0,1,0.5602959374708685
75,Female,111/83,169,24.9,Yes,Yes,5,10,Home,1,0,0.47851955580738365
84,Male,147/86,260,31.0,Yes,Yes,5,5,Home,0,0,0.4785333262058532
88,Female,149/79,251,26.6,No,Yes,7,9,Nursing_Facility,0,1,0.5805633551194039
31,Other,158/91,295,35.6,No,No,0,2,Nursing_Facility,0,1,0.5464700004946075
21,Male,149/88,204,20.3,No,No,9,6,Home,0,0,0.4132752057295621
68,Other,111/99,211,27.3,No,No,10,3,Home,0,0,0.4188382797531114
66,Female,126/97,162,25.4,Yes,No,7,5,Home,0,0,0.4533685827662799
40,Female,113/93,205,19.7,Yes,Yes,9,7,Home,1,0,0.4753734378757601
24,Other,131/100,288,24.1,Yes,Yes,0,2,Rehab,0,1,0.6551990460568731
64,Other,118/88,184,26.9,Yes,No,7,5,Home,0,0,0.44129160564172676
79,Other,131/91,269,37.3,Yes,No,1,7,Home,0,0,0.44071780971554125
20,Female,124/80,245,25.9,Yes,Yes,9,1,Home,0,0,0.47861867503405103
61,Male,140/87,255,30.6,Yes,No,3,9,Home,0,0,0.43616099739821274
47,Other,159/100,255,22.7,No,Yes,5,6,Rehab,1,1,0.6240442410624379
57,Female,128/84,205,18.7,No,No,7,8,Nursing_Facility,0,1,0.5494920009582644
58,Other,160/82,296,26.6,Yes,No,9,1,Home,0,0,0.4592252643122022
83,Female,144/92,267,26.6,No,Yes,9,3,Home,0,0,0.4525074379535216
77,Other,151/79,226,24.9,Yes,No,4,9,Home,0,0,0.44794514212542214
79,Male,145/88,235,32.8,No,No,1,9,Home,0,0,0.3945339488578202
85,Male,122/73,270,26.1,Yes,Yes,0,4,Home,0,0,0.4865979359487584
22,Other,112/94,298,22.2,No,Yes,1,1,Rehab,0,1,0.6122410113518262
84,Female,122/85,227,24.9,Yes,No,9,9,Home,0,0,0.4396141794927022
75,Other,115/86,159,34.9,No,Yes,6,7,Nursing_Facility,0,1,0.5715516063835248
89,Other,126/91,241,29.9,No,No,1,6,Home,0,0,0.4228984203774794
55,Other,153/76,153,26.7,No,Yes,0,10,Nursing_Facility,0,1,0.5818470536501399
89,Male,132/98,300,23.7,No,No,5,3,Rehab,0,1,0.5853988451038526
38,Male,154/76,270,18.6,No,No,8,4,Home,0,0,0.4419998888268775
86,Female,152/87,211,32.3,No,Yes,2,1,Home,0,0,0.4266992195626934
84,Other,110/89,218,37.2,No,Yes,3,2,Home,0,0,0.44327448819468557
88,Female,130/76,225,27.5,No,Yes,1,5,Rehab,0,1,0.6028495215377184
90,Female,116/98,198,22.9,Yes,No,10,10,Rehab,0,1,0.6022225819317567
41,Male,145/88,218,39.4,Yes,Yes,4,2,Home,1,0,0.4533591815959747
71,Male,155/91,175,36.5,Yes,No,10,6,Home,0,0,0.41853009231453375
75,Female,114/96,219,38.5,No,Yes,5,2,Nursing_Facility,0,1,0.5621263456657166
54,Other,147/90,180,36.7,Yes,Yes,6,3,Home,0,0,0.4553738828953341
40,Male,128/87,252,26.5,No,Yes,6,6,Home,0,0,0.44261176551483045
42,Female,124/88,160,21.9,Yes,Yes,2,6,Home,0,0,0.4682228828190928
71,Male,117/71,161,34.6,Yes,No,2,6,Home,0,0,0.4201406311609648
31,Other,155/88,299,29.7,No,No,8,2,Nursing_Facility,0,1,0.5691978977025465
60,Female,131/100,164,32.8,No,Yes,8,1,Home,0,0,0.4360780058556803
77,Other,126/92,225,33.8,No,No,7,6,Rehab,0,1,0.5678375646784432
81,Male,125/76,203,37.9,Yes,Yes,2,10,Home,0,0,0.44404324725301225
86,Other,119/72,161,29.9,Yes,Yes,2,1,Home,0,0,0.4799721505930517
83,Female,142/84,236,34.4,Yes,No,6,6,Home,0,0,0.43392301486987056
75,Female,147/87,209,22.7,Yes,No,0,9,Home,0,0,0.4485507486682422
56,Other,136/93,250,27.3,No,No,6,5,Home,1,0,0.4255732234978385
41,Male,153/100,294,19.4,No,No,7,1,Home,0,0,0.4335466148820621
42,Male,121/81,230,23.7,No,Yes,5,3,Home,0,0,0.4439924077178036
79,Male,150/78,168,18.2,Yes,No,6,7,Home,0,0,0.4449272175778674
44,Male,149/88,152,19.6,Yes,No,0,2,Home,1,0,0.4406081634735107
65,Female,130/89,240,28.2,Yes,Yes,2,4,Nursing_Facility,0,1,0.6184428471828873
38,Male,134/85,213,19.6,No,Yes,1,9,Rehab,0,1,0.6130307304692779
26,Other,158/86,196,34.9,No,Yes,5,6,Home,0,0,0.43134305451463495
32,Male,134/76,282,21.5,Yes,Yes,0,4,Rehab,0,1,0.640724589200719
88,Female,129/72,233,26.6,Yes,Yes,4,2,Home,1,0,0.48595068731966223
68,Other,132/86,268,35.7,No,No,6,1,Home,1,0,0.4076804513257165
46,Male,156/79,184,29.0,Yes,Yes,9,1,Rehab,0,1,0.6283829553463738
19,Female,141/84,270,22.9,Yes,No,10,4,Rehab,1,1,0.6138733678010215
72,Other,125/84,219,26.1,No,Yes,1,9,Nursing_Facility,0,1,0.5864415480511725
68,Female,118/77,150,30.2,No,Yes,8,7,Rehab,0,1,0.5780119735145872
62,Other,152/72,293,21.1,No,Yes,5,6,Home,0,0,0.45725632547225376
72,Other,140/77,233,18.9,No,Yes,4,1,Home,0,0,0.4794904556625408
70,Male,159/75,164,29.9,Yes,Yes,8,8,Home,0,0,0.45979163059649153
34,Other,144/94,277,25.0,No,No,4,3,Rehab,0,1,0.5943532806680657
64,Female,151/83,166,25.2,Yes,Yes,2,7,Home,0,0,0.48123388026811703
64,Male,152/84,256,24.0,No,Yes,0,1,Home,0,0,0.4408968035551502
24,Other,114/81,185,20.0,Yes,Yes,9,8,Home,0,0,0.49021778564337026
56,Other,157/91,218,20.3,Yes,No,7,5,Home,1,0,0.4607880075417303
29,Male,133/83,175,36.0,No,Yes,3,6,Rehab,0,1,0.5823119840441967
39,Male,136/87,189,23.7,Yes,No,8,2,Home,0,0,0.4462581177133686
76,Female,127/96,265,33.7,Yes,Yes,3,5,Home,1,0,0.4809219694687284
88,Male,135/77,173,36.7,No,No,7,7,Home,1,0,0.39549199933269397
64,Other,160/94,219,29.5,Yes,No,10,4,Rehab,0,1,0.6069334184817763
49,Female,149/85,209,33.8,No,Yes,0,4,Home,0,0,0.4413700333128913
83,Female,152/74,291,29.1,Yes,Yes,10,9,Home,0,0,0.4892275363156566
56,Male,112/85,190,32.1,Yes,Yes,2,10,Rehab,1,1,0.6143665846646046
66,Female,143/93,266,33.0,Yes,Yes,6,5,Nursing_Facility,0,1,0.6267683561241
26,Female,134/76,241,26.4,No,No,8,4,Home,0,0,0.4081290176454037
59,Male,119/70,173,30.3,No,Yes,5,2,Rehab,0,1,0.5803152529531342
50,Other,128/78,262,21.6,Yes,Yes,9,6,Home,0,0,0.49936465868298613
63,Female,156/83,166,21.7,No,Yes,5,1,Rehab,0,1,0.6093729188905705
42,Female,141/82,153,36.2,No,Yes,2,1,Home,0,0,0.4111962597051123
74,Male,119/71,183,36.3,No,Yes,5,7,Home,0,0,0.42035873769177257
77,Female,126/88,185,32.0,No,Yes,0,3,Home,0,0,0.4267945465536619
84,Female,111/83,284,23.3,No,Yes,0,3,Home,1,0,0.46231156906235726
80,Male,153/98,235,33.1,No,Yes,3,4,Home,0,0,0.43557290210179583
46,Other,141/83,271,28.2,Yes,Yes,9,5,Home,0,0,0.482930432562981
76,Male,126/81,297,27.7,Yes,Yes,7,8,Home,0,0,0.4835438351154856
44,Male,125/95,286,20.7,Yes,Yes,2,7,Nursing_Facility,1,1,0.6399653160983317
79,Other,115/72,298,30.6,No,No,2,6,Home,0,0,0.4316299968922387
79,Male,124/96,221,36.8,No,No,3,4,Rehab,0,1,0.5455990550878345
75,Male,132/80,242,19.7,Yes,Yes,10,6,Home,0,1,0.5013794848382344
71,Male,147/96,179,32.3,Yes,Yes,2,4,Home,0,0,0.4542359041861883
39,Other,123/83,211,36.9,No,Yes,4,4,Home,0,0,0.4295029594062478
67,Female,145/88,197,27.7,No,No,3,6,Home,0,0,0.40110050114620655
85,Other,140/73,226,24.5,Yes,No,4,1,Nursing_Facility,0,1,0.5970760808916107
39,Other,114/75,158,22.7,Yes,No,4,9,Home,0,0,0.4387778038842072
28,Other,121/89,250,34.1,Yes,Yes,8,4,Home,0,0,0.4736063219815235
37,Male,114/91,154,20.1,No,Yes,3,9,Rehab,0,1,0.5975241871645901
50,Female,128/95,294,24.5,No,Yes,5,7,Home,0,0,0.4594473272174139
81,Female,146/74,275,33.1,No,No,7,2,Home,0,0,0.4049332784454458
53,Female,139/74,248,30.9,No,Yes,3,10,Rehab,0,1,0.5965948738897956
50,Other,118/80,197,29.5,Yes,No,4,5,Home,0,0,0.44033470624480897
37,Other,158/73,295,28.2,No,No,6,3,Home,1,0,0.42019957618818105
67,Other,140/93,154,38.6,Yes,Yes,6,8,Home,0,0,0.4620611765610261
19,Male,133/97,270,23.6,Yes,No,2,2,Home,0,0,0.452086727043262
23,Other,123/83,199,33.3,No,No,3,7,Home,0,0,0.39735786696870784
22,Female,157/100,179,20.2,No,No,8,8,Home,0,0,0.40211964600776184
76,Other,115/95,271,32.0,No,No,7,3,Home,0,0,0.4222758834758808
23,Female,156/73,250,29.3,No,Yes,8,5,Home,0,0,0.4345995779868367
81,Male,133/100,231,32.1,Yes,Yes,3,8,Rehab,0,1,0.6156165570786826
70,Male,112/84,224,33.6,Yes,No,9,2,Home,0,0,0.44420986031450715
50,Female,160/94,291,22.2,No,Yes,8,5,Nursing_Facility,0,1,0.6007593379688301
21,Male,152/90,171,25.4,No,No,2,7,Rehab,0,1,0.5476410423842696
68,Other,134/77,245,39.5,No,Yes,2,1,Home,0,0,0.4370017736358455
44,Other,122/96,257,24.8,Yes,Yes,5,6,Home,0,0,0.48789007573391713
69,Male,152/93,171,32.6,No,Yes,1,2,Home,0,0,0.42280077156676255
30,Female,140/78,193,34.8,No,No,2,8,Nursing_Facility,1,1,0.5218473083799283
47,Other,113/98,179,38.1,No,No,8,2,Home,0,0,0.391858734545426
28,Other,128/81,261,23.3,Yes,Yes,1,1,Rehab,1,1,0.6484279266638432
72,Other,124/80,202,38.3,Yes,Yes,7,2,Nursing_Facility,0,1,0.6009353992947202
73,Female,143/78,227,22.0,Yes,No,2,4,Rehab,0,1,0.6078172950512156
75,Female,130/91,279,30.4,Yes,No,4,8,Rehab,0,1,0.6007239704723915
58,Other,150/77,292,33.3,Yes,Yes,3,7,Home,0,0,0.4741966906664535
45,Other,143/96,270,26.9,No,No,10,1,Home,0,0,0.4269236657468142
58,Male,118/86,194,24.7,No,No,2,5,Home,0,0,0.4019874607526561
70,Male,130/75,193,31.9,Yes,No,9,9,Home,0,0,0.42163670590665675
40,Male,134/95,296,32.7,Yes,Yes,0,7,Home,0,0,0.48068395013540116
22,Other,119/70,239,38.8,Yes,Yes,8,2,Home,0,0,0.4579293657589326
60,Other,157/85,218,31.4,No,No,9,8,Home,0,0,0.40646531003614866
35,Other,130/77,253,28.1,No,No,8,9,Home,0,0,0.4109741513950804
42,Female,118/81,194,30.4,Yes,Yes,3,2,Home,0,0,0.4628261397661234
75,Other,114/73,294,31.7,Yes,No,8,1,Rehab,0,1,0.6078894763705585
23,Female,142/97,198,26.7,No,No,6,1,Home,1,0,0.40417758791653885
70,Male,143/91,174,32.1,Yes,No,5,7,Rehab,1,1,0.5831362262069444
48,Other,124/87,293,38.5,Yes,Yes,8,2,Rehab,0,1,0.6243090701599956
21,Male,157/89,211,32.8,No,No,1,10,Home,0,0,0.38884990357439275
33,Male,139/94,250,32.4,Yes,Yes,3,8,Nursing_Facility,0,1,0.6100645801376937
48,Male,129/73,275,32.1,Yes,No,1,6,Rehab,1,1,0.6058127515248465
75,Other,159/95,246,25.7,No,Yes,9,3,Home,0,0,0.4557612831505297
61,Male,150/90,193,27.7,Yes,Yes,2,2,Nursing_Facility,0,1,0.6254316378709881
65,Other,118/84,173,32.4,No,No,5,9,Rehab,0,1,0.5549130612051666
39,Other,111/83,259,22.8,Yes,Yes,2,8,Home,0,0,0.4968032619373235
68,Female,156/96,250,19.6,No,No,1,6,Nursing_Facility,0,1,0.5564321731006711
75,Male,157/70,167,31.1,Yes,No,8,6,Home,0,0,0.42853490426952423
59,Other,134/73,156,31.8,No,Yes,10,3,Home,1,0,0.4345440339822659
43,Other,112/100,291,21.4,Yes,Yes,2,7,Nursing_Facility,0,1,0.6357358783492028
80,Female,156/85,243,19.4,No,Yes,0,7,Rehab,1,1,0.6073090566459187
69,Male,130/85,292,27.9,Yes,Yes,5,9,Home,0,0,0.4703134400698824
84,Female,138/92,241,33.1,Yes,Yes,7,6,Nursing_Facility,0,1,0.6132653633572647
43,Other,142/94,228,38.9,No,Yes,10,8,Home,0,0,0.4297128056423102
89,Male,115/82,192,31.2,Yes,No,7,8,Rehab,0,1,0.5837312630212407
55,Male,148/91,171,27.8,No,Yes,9,4,Rehab,0,1,0.5848531815661827
50,Other,126/83,296,23.9,No,Yes,0,6,Rehab,0,1,0.6167111436005427
45,Other,135/78,182,31.8,Yes,No,6,7,Home,1,0,0.4440310393671192
38,Male,137/83,173,31.5,Yes,No,1,3,Home,0,0,0.4354063039323755
54,Other,141/90,273,19.3,Yes,No,7,5,Home,0,0,0.4713787644720222
62,Male,127/93,171,20.4,Yes,No,8,7,Home,1,0,0.45078974149801054
35,Female,113/87,191,18.4,No,No,9,5,Rehab,0,1,0.5736663712074777
70,Female,137/75,291,25.0,Yes,Yes,2,1,Home,0,0,0.4882287364552612
19,Female,121/94,234,22.9,No,No,1,7,Home,0,0,0.4202628837778633
33,Female,118/98,300,29.4,Yes,Yes,8,1,Nursing_Facility,0,1,0.6205812100583413
34,Other,147/94,230,19.6,No,Yes,7,4,Home,1,0,0.47100126259805764
72,Male,127/97,203,19.7,No,No,10,2,Nursing_Facility,1,1,0.5559238245633732
64,Male,119/84,191,39.2,No,Yes,8,10,Home,0,0,0.432792659783915
80,Other,155/84,168,38.8,No,Yes,5,6,Home,0,0,0.4247321007352173
56,Female,156/82,226,21.4,Yes,Yes,5,1,Home,0,0,0.4874575776244208
55,Male,117/89,254,25.9,Yes,No,6,2,Rehab,0,1,0.6038330244012445
73,Male,132/98,165,18.3,No,No,8,3,Home,0,0,0.4178640708736356
79,Male,138/75,207,39.2,No,Yes,9,2,Rehab,0,1,0.5705281515416102
25,Male,153/83,207,27.1,Yes,No,3,7,Home,0,0,0.4288297840714622
25,Other,141/73,269,33.0,No,No,6,8,Home,0,0,0.4023375399739194
40,Female,135/100,214,33.3,Yes,Yes,1,5,Home,0,0,0.4629544574700695
51,Other,154/81,201,25.7,Yes,No,6,3,Home,0,0,0.45447481351843316
74,Male,147/92,276,37.0,No,Yes,8,5,Home,0,0,0.4312741770395769
46,Female,132/76,226,21.0,No,No,2,8,Home,0,0,0.42040018960635067
50,Other,115/72,224,39.7,No,Yes,10,8,Nursing_Facility,0,1,0.5848672073107678
84,Male,140/84,211,19.1,No,Yes,5,8,Home,0,0,0.44383630654917494
47,Male,139/82,151,20.8,No,Yes,7,2,Home,1,0,0.44121341488235055
87,Other,117/81,277,26.7,Yes,No,10,7,Home,0,0,0.4537689543941368
30,Other,115/99,292,24.7,No,No,3,5,Home,1,0,0.41812680702650845
70,Female,138/94,191,29.4,Yes,No,10,1,Rehab,0,1,0.6134528594378371
25,Female,149/70,282,32.1,Yes,Yes,0,7,Home,1,0,0.47589090847561044
61,Male,122/73,266,39.2,No,No,7,9,Home,0,0,0.39765737042248417
83,Female,147/72,235,28.3,Yes,Yes,2,5,Rehab,0,1,0.6422448352763193
69,Male,125/78,222,21.9,Yes,Yes,7,5,Home,1,0,0.4918696164581607
54,Female,140/91,198,30.9,Yes,No,4,7,Home,0,0,0.43674407667075643
45,Male,128/91,256,21.0,Yes,No,0,9,Home,0,0,0.4574232074897878
56,Other,157/81,198,30.3,Yes,No,10,8,Home,0,0,0.44300859115715396
47,Female,121/99,174,19.9,No,No,7,3,Rehab,0,1,0.5722447816857616
50,Other,115/81,251,28.7,No,No,8,3,Home,0,0,0.4183574322036717
90,Other,127/86,239,31.5,Yes,No,1,9,Nursing_Facility,0,1,0.5798036095379212
86,Male,138/83,165,18.8,Yes,No,5,10,Rehab,0,1,0.6124831891426185
55,Male,155/75,169,19.1,Yes,Yes,3,9,Home,0,0,0.4710066423615305
79,Other,130/79,198,21.4,No,Yes,1,7,Home,0,0,0.4481254653920107
31,Female,135/81,246,19.6,No,Yes,4,9,Home,0,0,0.44915141952224696
31,Other,136/95,276,28.8,Yes,Yes,3,2,Home,0,0,0.48401960496879537
49,Male,111/76,237,33.3,No,Yes,10,1,Home,0,0,0.4285919182112303
24,Other,158/71,167,20.9,No,Yes,7,1,Nursing_Facility,0,1,0.5903435053211277
34,Other,128/87,230,26.8,No,Yes,7,6,Rehab,1,1,0.605942153372518
64,Other,130/85,285,20.6,No,Yes,3,5,Home,0,0,0.45404071315390393
46,Male,140/72,278,22.6,No,Yes,10,8,Home,0,0,0.4711854152417201
69,Female,143/91,248,34.9,No,Yes,5,4,Rehab,0,1,0.5908803524789793
30,Other,116/88,161,27.2,No,No,6,4,Nursing_Facility,0,1,0.5465940055197195
49,Male,112/73,297,35.5,Yes,No,2,2,Home,0,0,0.4449940860057199
51,Other,151/71,160,37.6,No,No,9,7,Home,0,0,0.40082484514947847
46,Female,130/97,170,31.8,No,No,5,8,Nursing_Facility,1,1,0.5341775719627595
45,Male,111/74,172,38.2,No,Yes,7,6,Home,0,0,0.4131972374219856
60,Other,141/99,232,25.9,Yes,No,4,7,Rehab,0,1,0.6019710808122051
37,Female,145/84,253,34.1,No,Yes,9,7,Rehab,1,1,0.6032223666090788
61,Male,125/70,266,33.9,No,No,3,5,Home,0,0,0.413527867424168
35,Other,131/94,188,34.7,No,No,6,1,Home,0,0,0.39128063298905463
39,Other,112/84,156,33.2,Yes,Yes,0,4,Home,0,0,0.47078638232103853
44,Other,140/79,252,25.2,Yes,Yes,9,6,Rehab,0,1,0.6467060091661612
21,Male,135/95,154,27.4,Yes,No,1,5,Nursing_Facility,1,1,0.5944076006484659
60,Female,110/86,286,29.3,Yes,Yes,1,10,Home,0,0,0.4858802114560805
67,Female,121/90,231,31.8,Yes,Yes,3,7,Home,0,0,0.47548065016573665
81,Male,111/80,293,22.4,No,No,2,4,Rehab,0,1,0.5888017932736148
88,Male,157/74,251,28.6,No,No,7,9,Home,0,0,0.4159597821574326
58,Female,146/88,183,25.7,No,No,3,2,Home,0,0,0.4032053399732649
32,Other,135/90,238,35.1,No,Yes,10,3,Home,1,0,0.44149308473149956
43,Other,131/88,226,18.3,Yes,No,2,5,Home,0,0,0.46500620328162184
84,Female,140/80,173,30.7,No,No,2,2,Home,0,0,0.40072142306310865
22,Male,139/85,161,31.5,No,No,2,9,Home,0,0,0.38522349559461144
87,Male,140/77,175,20.3,Yes,Yes,3,1,Home,0,0,0.4975591814261765
65,Other,143/86,271,33.6,Yes,Yes,10,2,Home,0,0,0.47683955132492456
44,Female,116/93,255,35.5,No,Yes,2,1,Nursing_Facility,0,1,0.5676518246348793
27,Male,129/76,258,24.6,Yes,No,8,7,Home,0,0,0.4440849256039785
66,Male,132/82,155,34.0,Yes,No,8,1,Home,0,0,0.4181086412241394
41,Female,139/93,217,34.1,Yes,Yes,0,9,Home,0,0,0.4765919911580006
50,Male,135/95,237,38.5,Yes,No,1,2,Home,0,0,0.4500128466466714
52,Male,132/83,152,36.4,No,Yes,8,7,Rehab,0,1,0.5751471702698181
70,Female,157/93,276,30.2,No,No,3,7,Home,0,0,0.41133284720518876
74,Male,112/73,199,22.5,No,No,6,6,Home,0,0,0.41911812691520817
72,Other,135/72,174,25.8,No,No,4,2,Home,0,0,0.4032908157240846
54,Female,122/78,252,36.2,Yes,No,5,8,Home,0,0,0.4301596288347542
75,Female,121/97,224,23.4,No,Yes,8,6,Rehab,0,1,0.6163177832953477
61,Female,156/88,195,31.8,No,Yes,2,3,Home,0,0,0.44101858853003945
27,Male,137/98,269,18.4,Yes,No,1,3,Home,0,0,0.46998297021538005
24,Other,159/100,268,21.1,Yes,Yes,10,9,Rehab,1,1,0.6600004280907186
50,Male,117/90,239,24.4,Yes,No,4,3,Home,0,0,0.44123327054309763
73,Male,139/97,293,35.4,No,No,2,7,Home,0,0,0.40667267273088087
44,Other,155/94,188,39.0,No,No,6,6,Rehab,0,1,0.5482378253366528
84,Other,147/80,277,19.1,No,No,2,5,Home,0,0,0.42673270623718945
50,Other,131/74,156,24.0,No,Yes,10,2,Home,0,0,0.4477748970507504
46,Female,149/93,203,27.7,No,Yes,2,9,Home,0,0,0.43906759682862107
67,Other,119/75,225,33.6,Yes,No,2,10,Home,0,0,0.43895044686221535
40,Male,155/70,288,19.4,No,Yes,7,7,Home,0,0,0.4649499795049587
77,Male,158/78,247,35.2,Yes,No,3,10,Home,0,0,0.42563693660797564
49,Other,147/77,210,25.1,Yes,No,3,6,Home,0,0,0.46673390663906333
72,Female,129/99,263,38.4,Yes,No,10,2,Home,1,0,0.4303418125862222
75,Other,123/98,168,31.1,No,No,10,3,Rehab,0,1,0.5616790870587436
49,Female,146/79,171,33.6,Yes,No,5,6,Home,0,0,0.4278270704090983
65,Male,141/91,225,28.5,No,No,7,2,Home,0,0,0.3983843144784946
43,Female,147/97,242,31.0,Yes,Yes,8,3,Home,0,1,0.5019414996821238
60,Male,123/96,239,37.2,No,Yes,3,9,Home,0,0,0.4212698982253593
83,Other,116/72,164,24.0,No,Yes,4,7,Home,0,0,0.45388434933724137
88,Other,116/99,274,31.5,Yes,No,7,3,Home,0,0,0.4546547563844565
86,Other,134/71,164,39.7,Yes,No,2,4,Nursing_Facility,0,1,0.5627850108560394
27,Female,131/71,259,37.9,Yes,No,0,9,Nursing_Facility,0,1,0.5686194971081879
32,Male,125/87,278,37.7,No,No,7,5,Home,0,0,0.39079235965948905
77,Male,125/71,202,22.8,No,No,5,6,Nursing_Facility,0,1,0.5508522970375158
48,Male,114/75,287,31.8,Yes,No,9,1,Rehab,0,1,0.5999657904427254
40,Female,134/91,219,31.5,Yes,Yes,7,9,Home,0,0,0.47815788535934817
71,Other,142/74,206,39.2,No,No,6,2,Rehab,0,1,0.5475555045094496
57,Other,112/77,220,20.8,No,Yes,6,8,Home,0,0,0.4575156062812602
74,Other,139/95,185,29.4,No,No,2,2,Home,0,0,0.4191228891331218
54,Male,132/89,177,36.2,No,No,6,8,Home,0,0,0.3863073153612548
74,Other,147/98,295,25.9,Yes,No,2,7,Nursing_Facility,0,1,0.5986774212857481
27,Female,117/75,173,24.0,Yes,No,9,2,Rehab,0,1,0.6122891380969052
45,Female,126/95,222,33.3,No,Yes,3,10,Home,0,0,0.44394461352983733
30,Female,157/90,197,20.4,Yes,No,5,3,Nursing_Facility,0,1,0.5939469002567588
42,Other,150/93,184,29.2,Yes,No,7,4,Home,0,0,0.43434333175673423
52,Male,136/72,208,31.1,Yes,No,2,3,Home,0,0,0.42937259115779636
63,Female,114/81,200,39.5,No,No,0,6,Rehab,0,1,0.5458435805283499
33,Other,139/75,214,25.0,No,No,3,5,Home,0,0,0.4166086201466048
53,Male,125/90,256,32.5,Yes,No,8,6,Home,0,0,0.4503500205894218
42,Male,123/74,244,31.7,Yes,Yes,0,8,Home,0,0,0.47935043538242894
38,Male,137/79,231,25.6,No,Yes,10,5,Home,0,0,0.4491014814883555
87,Female,149/74,182,32.2,No,Yes,7,3,Rehab,1,1,0.5854844281724463
56,Female,155/86,262,38.8,Yes,Yes,1,10,Home,0,0,0.46538916187427026
85,Male,156/71,172,33.2,Yes,No,3,9,Home,0,0,0.4270557911732955
38,Other,156/82,286,24.1,Yes,Yes,6,1,Home,0,0,0.49626670694679326
61,Female,160/91,293,20.9,No,No,2,2,Home,0,0,0.42852522865579706
47,Male,138/91,246,39.6,Yes,No,1,4,Home,0,0,0.41810530581111555
64,Male,146/79,251,19.7,Yes,No,9,2,Nursing_Facility,0,1,0.6026239702056584
85,Other,119/91,257,21.4,Yes,Yes,1,2,Home,0,1,0.5018425544583148
51,Other,150/88,252,37.0,Yes,Yes,3,1,Home,0,0,0.4724690837605422
37,Male,117/90,204,20.6,Yes,Yes,2,2,Home,0,0,0.475684324264933
52,Female,158/91,270,26.9,Yes,Yes,10,4,Home,0,0,0.4837000465640909
74,Female,131/70,171,35.4,Yes,Yes,7,6,Home,0,0,0.44871970684831086
54,Male,141/79,190,37.9,Yes,No,2,9,Nursing_Facility,1,1,0.5484982973530969
55,Female,129/90,208,35.4,No,No,8,9,Home,0,0,0.3939545892458101
31,Other,151/72,233,37.7,Yes,No,8,9,Home,0,0,0.433438395641603
83,Male,122/71,172,25.1,No,No,5,8,Home,0,0,0.41836761354642404
78,Female,130/88,237,31.8,No,Yes,10,4,Rehab,0,1,0.588702341075136
26,Other,135/89,191,28.2,Yes,Yes,5,6,Rehab,0,1,0.6229487853115101
36,Other,140/74,256,30.1,Yes,No,7,6,Rehab,0,1,0.607818254750225
78,Male,135/84,152,21.7,No,No,5,1,Nursing_Facility,0,1,0.542560506557591
83,Male,124/100,200,27.3,Yes,Yes,10,6,Nursing_Facility,1,1,0.6125644268521521
25,Male,123/88,280,18.4,Yes,Yes,0,5,Home,0,0,0.49204349640092276
29,Other,136/71,286,29.3,No,Yes,5,10,Home,0,0,0.45021692736743923
39,Male,116/88,191,31.9,Yes,Yes,10,1,Home,0,0,0.46723026607193363
39,Male,141/78,253,33.7,No,No,4,5,Home,0,0,0.4078945186047555
51,Female,124/77,271,24.5,Yes,No,0,7,Home,0,0,0.4607238818823439
86,Female,122/98,158,29.8,Yes,No,0,7,Home,0,0,0.42401626987823754
61,Other,128/75,177,38.4,No,Yes,1,4,Home,0,0,0.4212681035708771
36,Other,155/96,245,39.9,No,No,8,2,Home,0,0,0.39828732502459874
76,Other,115/77,279,30.5,Yes,Yes,3,10,Home,0,0,0.48020568360240534
44,Male,152/77,187,26.5,No,Yes,6,8,Home,0,0,0.43274580536176993
61,Male,136/82,248,35.1,No,Yes,9,5,Home,0,0,0.4281294550438581
83,Female,110/70,285,28.9,Yes,No,1,9,Nursing_Facility,0,1,0.5828412205192127
72,Male,154/82,214,20.8,Yes,Yes,9,10,Home,0,0,0.4743858046074043
57,Other,158/81,218,24.0,Yes,No,0,8,Rehab,0,1,0.6030018007169118
86,Female,111/98,196,36.0,Yes,Yes,5,7,Home,0,0,0.45763134203908123
57,Male,147/83,222,32.5,No,No,0,9,Home,0,0,0.39721289525255066
60,Other,148/88,201,29.7,Yes,No,3,4,Home,0,0,0.43274429864822533
32,Male,152/90,214,33.5,No,Yes,7,4,Home,1,0,0.419619215942176
25,Female,126/72,210,20.1,Yes,Yes,2,6,Nursing_Facility,0,1,0.6381722129595859
77,Female,155/76,175,28.9,Yes,No,8,3,Nursing_Facility,0,1,0.5742895574523345
34,Male,147/78,261,19.7,No,Yes,4,10,Home,0,0,0.44822305507918164
75,Male,144/80,196,21.6,Yes,Yes,7,7,Home,0,0,0.49402348699118154
72,Other,155/81,157,35.2,Yes,Yes,9,3,Nursing_Facility,0,1,0.6033287366514717
67,Female,149/95,198,23.4,Yes,Yes,9,3,Home,0,0,0.49455610067137895
58,Male,114/77,179,26.2,Yes,Yes,1,5,Home,0,0,0.47746747091233604
22,Female,111/88,295,25.0,Yes,Yes,9,8,Nursing_Facility,0,1,0.6243570719554606
82,Other,130/73,182,36.1,No,Yes,0,8,Rehab,0,1,0.5822995388058353
44,Female,139/78,285,19.0,Yes,No,4,8,Rehab,0,1,0.6188711613378386
77,Female,126/87,220,31.3,No,No,5,10,Home,1,0,0.3882895128986333
51,Female,112/70,281,30.2,Yes,Yes,0,6,Home,0,0,0.4719696131639352
22,Female,134/89,291,35.7,No,Yes,9,9,Rehab,1,1,0.603553762684305
35,Male,127/81,182,30.2,Yes,Yes,7,5,Rehab,0,1,0.6196490036292239
33,Female,145/100,299,29.2,Yes,Yes,3,5,Rehab,0,1,0.6414084330600954
23,Male,117/85,164,38.0,No,Yes,0,1,Nursing_Facility,0,1,0.5520141347274174
35,Male,137/89,263,36.4,No,No,8,1,Home,0,0,0.40035527637638835
44,Female,113/85,197,26.3,Yes,No,0,3,Home,0,0,0.4414595915548293
63,Female,146/78,185,34.1,No,Yes,7,2,Home,0,0,0.4280845990548209
89,Other,138/98,151,26.0,No,No,4,2,Nursing_Facility,0,1,0.5558450257946966
22,Male,146/90,207,24.6,No,Yes,6,9,Nursing_Facility,1,1,0.5786816016621373
68,Male,127/77,237,27.9,Yes,No,10,7,Home,0,0,0.45496505752286154
27,Other,134/72,197,23.7,No,Yes,6,10,Rehab,0,1,0.6054310709885099
46,Male,139/75,217,26.7,Yes,Yes,4,8,Rehab,1,1,0.6327380458923434
58,Female,158/95,282,31.8,No,No,7,10,Rehab,0,1,0.5660478168860454
62,Other,122/86,212,37.9,Yes,Yes,4,7,Home,0,0,0.452290123429964
89,Other,120/80,222,20.5,No,Yes,3,6,Home,0,0,0.46146538838687917
52,Other,146/89,185,31.9,Yes,Yes,10,8,Home,1,0,0.4840214759226381
73,Other,115/89,150,22.4,No,No,3,4,Home,0,0,0.4054785343710241
52,Male,141/93,214,38.5,Yes,Yes,4,8,Home,0,0,0.4507357119101043
57,Male,139/99,293,24.3,Yes,Yes,9,9,Home,0,0,0.4953210003337142
90,Other,127/93,230,20.0,No,Yes,0,3,Home,0,0,0.4650904614070252
57,Male,119/80,247,23.7,Yes,No,6,6,Nursing_Facility,0,1,0.5932321140072453
44,Male,126/72,156,32.6,No,No,4,9,Home,0,0,0.4036615129030286
84,Female,134/89,169,28.4,No,No,8,10,Home,0,0,0.4082723927521835
53,Other,157/100,170,31.6,Yes,No,8,9,Home,0,0,0.42411336001954714
19,Male,129/98,198,38.6,Yes,Yes,7,2,Home,0,0,0.4747009699420449
54,Female,120/84,218,37.7,No,No,2,8,Home,1,0,0.38445171523563815
82,Male,150/92,188,30.9,Yes,Yes,3,4,Nursing_Facility,0,1,0.6028976020740153
55,Male,112/73,204,32.3,Yes,Yes,3,2,Rehab,0,1,0.6306579454211519
60,Male,113/76,300,38.2,Yes,Yes,7,7,Rehab,0,1,0.629060089627235
69,Other,137/99,290,23.6,No,No,10,1,Rehab,0,1,0.6011719526578178
83,Male,156/88,169,25.5,Yes,No,8,4,Rehab,0,1,0.6084589901591426
56,Other,155/87,170,19.7,No,No,4,1,Home,0,0,0.41858696983454996
50,Male,157/75,211,26.3,No,No,1,5,Nursing_Facility,0,1,0.5539570515599389
70,Male,130/87,191,37.3,No,Yes,0,3,Rehab,0,1,0.585943634387548
40,Female,145/75,185,37.3,No,No,6,6,Rehab,0,1,0.5317350029375337
43,Female,145/100,205,21.9,No,No,4,5,Home,0,0,0.41601938508393616
44,Female,120/79,250,27.2,No,Yes,5,9,Home,0,0,0.4486264977376299
61,Male,135/86,160,23.1,No,No,1,2,Home,0,0,0.41363779351949204
54,Male,132/81,290,31.2,Yes,Yes,7,7,Rehab,0,1,0.6389673584469558
75,Other,125/73,245,36.7,Yes,No,10,10,Home,0,0,0.4253535025811766
22,Male,116/73,292,21.6,No,Yes,5,5,Home,0,0,0.4581716667070453
68,Other,132/84,283,34.1,No,Yes,1,8,Nursing_Facility,0,1,0.5782501117880531
55,Other,152/91,245,19.3,No,Yes,7,1,Home,0,0,0.4581451874740747
35,Other,129/91,174,37.6,No,Yes,5,3,Home,0,0,0.42120717896873466
27,Other,130/84,165,36.6,Yes,Yes,8,8,Home,1,0,0.4536240216831665
86,Female,119/88,202,36.9,No,Yes,1,2,Rehab,0,1,0.5942772751865554
53,Male,155/76,273,26.4,No,No,6,3,Home,0,0,0.4112393262477432
33,Male,154/98,266,21.8,Yes,Yes,7,5,Home,0,0,0.4932694554714146
46,Male,143/72,161,19.5,Yes,Yes,3,4,Home,1,0,0.47601861854143174
77,Other,144/80,273,33.2,Yes,Yes,6,5,Home,0,0,0.49404298842935845
20,Other,129/87,196,37.2,No,Yes,1,9,Nursing_Facility,0,1,0.5632907118571848
83,Male,130/96,196,35.3,No,No,2,8,Home,1,0,0.4047452533966769
57,Male,156/93,231,37.8,Yes,No,5,4,Home,0,0,0.4362381242361732
52,Other,126/85,230,27.5,Yes,Yes,4,2,Home,0,0,0.4824904617232274
47,Male,127/71,155,31.8,Yes,Yes,1,2,Home,0,0,0.4526013895085271
43,Other,117/72,239,28.3,No,Yes,5,9,Rehab,0,1,0.613418814546634
53,Female,119/70,228,24.3,No,Yes,1,7,Home,0,0,0.4340888561973977
48,Female,119/77,273,31.7,Yes,No,10,9,Home,0,0,0.435723521003992
57,Female,151/90,263,38.1,Yes,Yes,5,5,Rehab,0,1,0.6309426920500809
56,Other,145/87,196,23.9,Yes,Yes,6,1,Nursing_Facility,0,1,0.6181550302986824
27,Male,122/99,227,27.8,No,No,10,6,Home,0,0,0.4008060869181965
31,Female,116/96,225,20.1,Yes,No,1,3,Home,0,0,0.44747195760104175
69,Other,116/78,168,24.7,Yes,No,9,3,Rehab,0,1,0.6150326297371189
80,Other,149/76,248,18.1,Yes,No,6,3,Nursing_Facility,1,1,0.6244318195767619
87,Female,112/79,162,32.1,Yes,No,8,6,Home,0,0,0.44009912995910977
21,Female,111/96,154,35.0,No,No,6,2,Home,0,0,0.39502748741770116
65,Male,132/93,198,30.1,No,No,1,2,Rehab,0,1,0.5581292347893388
55,Female,130/95,211,32.3,Yes,No,1,2,Home,0,0,0.4358259151562845
18,Male,112/97,297,34.6,No,No,0,10,Home,1,0,0.398043277442231
23,Other,154/76,223,22.8,Yes,No,3,10,Home,1,0,0.4654801564914265
52,Female,125/74,160,24.5,No,Yes,1,5,Rehab,1,1,0.5841900268283343
72,Other,150/100,156,21.4,No,Yes,8,6,Home,0,0,0.4542181630278431
47,Male,118/98,255,39.4,No,Yes,9,2,Home,0,0,0.4239308247780553
63,Male,133/93,258,20.6,Yes,Yes,1,3,Home,0,0,0.4945908626432679
26,Other,125/72,177,30.7,No,Yes,2,2,Rehab,0,1,0.5949393797464788
90,Female,113/77,251,26.3,Yes,Yes,3,5,Rehab,0,1,0.6501178031467288
23,Other,114/80,235,19.0,No,Yes,6,2,Home,0,0,0.46638634944398627
44,Other,124/82,234,23.4,No,No,2,6,Nursing_Facility,0,1,0.5576886423471917
42,Male,148/70,202,27.2,Yes,Yes,5,3,Home,1,0,0.4754093034857123
39,Other,136/85,268,35.7,No,No,4,10,Rehab,0,1,0.5687918440909625
60,Other,144/88,162,37.4,Yes,No,8,4,Home,1,0,0.4255298859321111
78,Female,153/96,220,29.3,No,No,6,8,Rehab,0,1,0.5699285890400275
81,Male,123/80,280,35.6,Yes,No,10,1,Home,1,0,0.4345777049240532
76,Other,150/71,261,35.6,Yes,No,6,9,Rehab,0,1,0.6023893240805552
42,Male,126/87,175,34.6,Yes,No,5,3,Rehab,0,1,0.5708155071254462
42,Female,157/75,152,37.7,No,No,3,6,Home,0,0,0.3906205198196199
37,Other,118/81,166,21.2,No,No,4,5,Home,1,0,0.4092994233166218
43,Male,123/85,265,35.4,No,Yes,4,5,Rehab,1,1,0.596696627590398
31,Male,120/85,294,36.4,No,No,2,10,Home,0,0,0.40537175223200017
52,Other,159/100,284,33.6,No,No,10,5,Home,1,0,0.4221457972437374
62,Female,137/73,265,27.2,Yes,No,5,1,Home,0,0,0.445984812326876
78,Male,121/76,160,31.4,Yes,Yes,8,9,Home,0,0,0.4652366005165665
56,Other,132/73,256,26.2,No,Yes,10,6,Rehab,0,1,0.6254490265116817
65,Other,148/71,204,24.1,Yes,Yes,6,6,Rehab,0,1,0.6451077845297007
78,Male,142/95,184,33.4,Yes,No,6,8,Home,0,0,0.43123463450475374
57,Male,144/95,269,24.3,No,No,1,4,Rehab,1,1,0.5725465263424333
65,Other,136/97,175,27.5,No,No,6,3,Home,0,0,0.4170483982391549
81,Male,113/71,160,24.6,No,Yes,6,10,Home,0,0,0.43683988954475683
39,Female,121/90,174,29.3,Yes,Yes,9,5,Home,0,0,0.47472103101122576
50,Female,114/95,225,27.5,Yes,No,5,8,Home,0,0,0.4466740942329042
20,Other,122/94,160,33.2,No,No,1,9,Home,0,0,0.39619689396218183
74,Male,111/84,159,35.4,No,Yes,2,5,Home,0,0,0.41117894575543984
82,Female,143/72,270,29.3,Yes,No,5,1,Home,0,0,0.446720983221838
41,Other,113/74,239,25.0,No,Yes,8,10,Rehab,0,1,0.6253148022864412
63,Male,137/74,201,20.2,No,No,6,7,Home,0,0,0.41055627300878683
26,Male,160/76,298,22.3,No,No,5,6,Rehab,0,1,0.5831195241203401
52,Male,118/89,204,19.0,Yes,Yes,10,2,Rehab,0,1,0.6424283840525132
73,Other,160/89,255,38.2,Yes,Yes,10,8,Rehab,0,1,0.6208105154009298
66,Other,153/100,182,38.4,Yes,Yes,1,2,Home,1,0,0.46383257112477216
48,Female,124/95,247,35.6,Yes,No,0,7,Home,0,0,0.4323405152809644
73,Other,145/97,253,39.9,Yes,No,10,7,Home,1,0,0.4419655060442961
76,Female,142/100,256,34.9,No,Yes,10,6,Rehab,0,1,0.5842263709766364
24,Male,138/77,261,30.8,No,Yes,8,2,Home,0,0,0.44549421136982575
63,Other,124/75,172,38.9,Yes,Yes,10,9,Rehab,0,1,0.6129487625154582
18,Other,127/92,276,26.4,Yes,No,3,1,Home,0,0,0.4619588038635519
84,Male,149/73,187,33.8,Yes,No,2,2,Home,1,0,0.42592894103605344
30,Male,132/71,244,30.4,No,No,9,7,Rehab,0,1,0.5664083057508903
27,Male,158/100,279,31.5,Yes,No,2,4,Rehab,1,1,0.6011872136039018
43,Other,119/74,300,27.5,No,Yes,6,3,Home,0,0,0.46800732543423207
61,Other,148/94,259,30.9,No,No,7,2,Home,0,0,0.4161116862737823
90,Female,117/95,217,24.1,Yes,Yes,4,4,Home,0,0,0.48153711564082297
49,Male,110/98,279,39.3,Yes,Yes,7,2,Home,0,0,0.46072646204869905
89,Male,160/96,221,29.9,No,Yes,10,8,Nursing_Facility,1,1,0.5721140895567728
65,Other,132/77,242,23.4,No,Yes,10,8,Home,0,0,0.4630884871820217
37,Female,130/79,232,19.2,Yes,No,3,6,Home,0,0,0.4504929513427617
41,Female,118/76,177,30.5,Yes,Yes,7,6,Home,0,0,0.45732877958129325
42,Other,158/99,258,20.0,Yes,No,3,8,Home,0,0,0.46004824430840613
28,Male,136/94,177,30.3,No,No,6,9,Home,0,0,0.3937503964401768
26,Male,123/89,228,28.0,Yes,Yes,5,10,Home,0,0,0.4660318763550849
56,Female,139/84,187,26.1,Yes,No,10,8,Home,0,0,0.44624133004363054
53,Male,132/93,262,20.0,Yes,Yes,7,1,Home,0,0,0.4939368517819159
39,Male,124/83,272,20.1,Yes,No,3,6,Rehab,1,1,0.6168032476171046
28,Male,144/81,163,35.9,Yes,No,6,9,Home,0,0,0.41743680601057725
54,Male,158/94,242,30.5,Yes,No,1,9,Nursing_Facility,0,1,0.5829538187327779
41,Male,140/79,263,31.6,No,Yes,7,2,Home,0,0,0.4404630619563932
70,Male,147/79,289,19.8,Yes,No,2,1,Home,0,0,0.46498074875100276
47,Female,128/73,250,26.8,No,Yes,5,7,Home,0,0,0.4429071215520815
78,Male,137/73,227,33.3,No,No,2,4,Home,0,0,0.3938392762784318
89,Other,117/71,258,32.4,No,No,4,7,Home,0,0,0.4101638238002467
42,Female,142/78,212,39.6,Yes,Yes,8,6,Rehab,0,1,0.609726363330564
75,Male,140/100,221,40.0,Yes,No,1,8,Home,0,0,0.4225390458217296
67,Other,120/85,172,24.3,Yes,No,9,8,Home,0,0,0.4560166426802008
45,Other,126/70,268,23.1,No,No,4,8,Rehab,0,1,0.5890151547500152
24,Other,151/86,275,33.5,Yes,No,0,7,Home,0,0,0.4360434378367093
81,Other,159/92,288,33.1,Yes,No,9,9,Home,0,0,0.4522999214094577
28,Other,159/87,238,21.5,Yes,No,4,6,Rehab,1,1,0.6164547956000203
80,Female,126/81,212,25.7,No,No,2,10,Home,0,0,0.4058858485852067
59,Male,152/85,189,32.8,No,Yes,5,6,Home,1,0,0.4276774721104259
39,Female,123/75,282,25.4,Yes,No,5,4,Home,0,0,0.44732016352844506
18,Other,151/79,206,30.7,Yes,No,2,3,Rehab,0,1,0.5951093072990595
24,Female,124/82,262,24.8,No,Yes,10,10,Rehab,0,1,0.606461365790867
89,Female,111/73,201,21.7,Yes,Yes,6,7,Home,1,0,0.4900489296211858
80,Other,134/89,153,20.2,No,No,0,6,Nursing_Facility,0,1,0.5629748661090704
71,Male,146/76,251,18.5,Yes,No,0,2,Rehab,0,1,0.6234666021909385
36,Other,114/77,204,19.3,No,No,10,6,Home,0,0,0.432807625551508
45,Male,158/73,278,38.2,No,No,2,3,Home,0,0,0.3943075943832633
32,Male,114/97,205,32.2,Yes,Yes,1,8,Home,0,0,0.4594941968606872
68,Male,136/100,155,32.7,Yes,No,10,5,Home,0,0,0.4190676000332806
49,Other,125/83,188,32.8,Yes,Yes,5,1,Home,0,0,0.4730596849407166
29,Male,110/84,249,22.9,No,Yes,4,2,Home,1,0,0.45239166570344086
60,Other,159/98,259,34.1,No,No,9,9,Home,0,0,0.4137019096288536
51,Other,143/98,253,32.4,No,No,5,5,Nursing_Facility,0,1,0.5526755506154707
82,Male,135/97,159,34.5,No,Yes,6,9,Home,0,0,0.4259210361677209
36,Other,121/80,196,23.0,No,Yes,10,2,Home,0,0,0.46175301291457915
83,Female,146/98,267,35.3,No,Yes,2,10,Home,0,0,0.42718872079564735
55,Other,122/83,284,39.3,No,No,7,3,Home,0,0,0.4004193938030324
37,Male,113/82,288,32.7,Yes,Yes,5,7,Rehab,0,1,0.6325994429245667
57,Other,153/99,264,34.3,Yes,No,9,1,Home,0,0,0.4484482358394239
90,Other,145/93,151,22.5,No,No,5,5,Home,0,0,0.4114345782395456
37,Male,116/88,216,21.1,No,Yes,10,5,Home,0,0,0.45020664790224896
33,Male,112/87,274,35.3,Yes,No,6,4,Home,0,0,0.45043538602802474
37,Female,149/86,213,37.0,Yes,No,9,4,Home,0,0,0.44255138260081406
34,Male,134/94,241,33.8,No,Yes,9,2,Home,0,0,0.4309671157409752
60,Other,117/86,161,24.3,No,No,7,5,Home,1,0,0.41437266605423295
36,Male,154/71,219,20.7,Yes,Yes,0,2,Home,0,0,0.4864569881778484
83,Male,114/79,163,34.1,No,No,2,3,Home,0,0,0.3918579806903112
82,Female,154/81,274,36.4,Yes,No,1,9,Home,0,0,0.4378403714384019
61,Female,127/85,168,35.9,No,Yes,0,10,Home,0,0,0.42203357084647336
90,Female,145/86,210,18.6,No,Yes,9,8,Home,0,0,0.44697944019125807
26,Male,141/91,220,21.8,Yes,Yes,6,9,Home,0,0,0.4703800352130957
37,Other,126/82,241,31.3,No,Yes,5,7,Rehab,1,1,0.6000078809888559
77,Male,156/97,270,37.2,No,Yes,5,8,Home,0,0,0.434431750299499
84,Other,129/99,181,21.4,No,No,1,10,Home,0,0,0.40923543072496554
39,Other,144/98,259,18.8,Yes,No,1,5,Home,0,0,0.4589343077287339
24,Female,154/89,151,38.4,Yes,No,1,10,Home,0,0,0.40481964858114766
38,Female,140/84,151,22.9,No,No,2,4,Home,0,0,0.39726358779648896
51,Male,120/97,163,21.9,No,No,3,7,Home,0,0,0.41422710626238446
74,Male,138/77,171,33.2,No,No,0,7,Home,0,0,0.3929421296159887
38,Other,122/88,241,35.6,Yes,Yes,7,5,Home,0,0,0.49606643879722345
43,Other,124/71,277,28.3,No,Yes,7,1,Rehab,0,1,0.6095253254066548
46,Other,135/84,157,38.2,Yes,No,0,3,Home,0,0,0.41401417779307864
49,Other,117/89,194,38.2,Yes,No,0,6,Home,0,0,0.42054635141033475
39,Other,153/77,250,37.7,Yes,No,3,1,Home,0,0,0.43072723298116977
78,Male,128/95,293,36.6,Yes,No,4,2,Home,0,0,0.44270508310365864
35,Other,156/79,161,19.6,No,No,10,3,Rehab,0,1,0.5792514691820493
41,Male,153/76,159,24.3,Yes,Yes,3,7,Home,0,0,0.4749740605846936
61,Other,116/80,299,30.4,No,Yes,5,2,Home,0,0,0.452158489957692
26,Other,151/95,266,38.1,No,No,4,10,Home,1,0,0.3972688790091196
37,Female,115/78,187,29.4,No,No,3,3,Rehab,0,1,0.5610582037890502
66,Male,157/87,257,24.2,No,No,5,7,Home,0,0,0.41774645758486745
85,Female,149/92,220,35.4,Yes,Yes,4,10,Home,0,0,0.46145656568813703
39,Other,148/95,237,24.4,Yes,No,0,8,Home,1,0,0.44924697397654856
33,Other,111/97,211,39.0,Yes,Yes,7,3,Rehab,0,1,0.6181430384021682
46,Other,157/83,220,26.2,No,Yes,8,8,Home,0,0,0.44449403489971795
33,Other,129/78,212,27.4,No,Yes,0,1,Home,0,0,0.447586445857572
47,Female,152/78,203,25.3,No,Yes,6,10,Home,0,0,0.434626493374302
78,Female,121/84,276,25.1,Yes,No,9,6,Home,0,0,0.44569903695993685
87,Other,138/100,251,26.3,No,Yes,9,6,Home,0,0,0.45581670150341674
87,Female,156/98,230,24.6,No,Yes,3,4,Home,0,0,0.4585902614970882
69,Other,142/91,215,32.4,Yes,No,9,2,Home,0,0,0.4571567472117862
88,Other,157/84,172,19.0,Yes,No,6,2,Home,0,0,0.4554247825448289
69,Female,148/76,267,22.4,No,Yes,0,3,Home,1,0,0.4485634632837124
55,Female,110/86,161,33.4,No,No,2,4,Home,0,0,0.3986020616724995
67,Female,138/95,289,26.5,No,No,6,3,Rehab,0,1,0.5881863741914135
41,Other,152/78,201,21.0,No,Yes,6,8,Rehab,0,1,0.6061514892843279
39,Other,122/88,289,34.2,Yes,No,0,1,Rehab,0,1,0.6265554756600982
41,Male,122/70,265,34.1,No,No,9,3,Home,0,0,0.39227838825727546
52,Other,122/100,214,39.6,Yes,Yes,4,4,Home,0,0,0.4613577578269602
33,Male,114/91,184,30.6,No,No,6,2,Rehab,0,1,0.5565352772109908
46,Other,110/72,293,38.0,No,Yes,8,1,Home,0,0,0.4493690965434454
42,Other,143/90,297,36.6,No,No,3,1,Home,0,0,0.3998001339464731
33,Other,122/87,220,26.1,Yes,Yes,8,10,Rehab,0,1,0.6289761106481808
48,Other,132/89,219,33.0,Yes,Yes,7,1,Home,0,0,0.4753717892799334
38,Male,149/92,216,34.0,Yes,Yes,2,3,Rehab,1,1,0.6199222777411002
57,Male,120/85,164,23.1,Yes,Yes,9,4,Home,0,0,0.4852491971660467
35,Female,112/80,153,23.8,Yes,Yes,0,1,Home,0,0,0.4745568144232544
61,Male,159/95,287,25.2,Yes,Yes,10,9,Rehab,1,1,0.6428623498562797
57,Female,143/71,198,39.2,No,No,10,5,Rehab,0,1,0.5499081510073954
24,Female,145/85,185,22.6,Yes,Yes,7,8,Home,0,0,0.4757131672635805
90,Female,144/89,238,26.9,Yes,Yes,4,9,Home,0,0,0.48243269025191754
84,Male,153/81,153,21.6,No,No,8,4,Rehab,0,1,0.5612059395008749
86,Other,132/75,183,22.1,No,Yes,0,8,Home,1,0,0.45637726281608193
86,Male,134/72,234,25.3,No,No,8,7,Home,0,0,0.41274103558857833
88,Other,137/84,261,38.4,No,No,7,2,Home,0,0,0.415451039124219
67,Male,110/94,172,23.5,No,Yes,9,8,Home,0,0,0.45647609033855935
68,Female,160/97,162,29.8,No,No,6,6,Home,1,0,0.41353265472485606
44,Male,156/75,230,31.0,No,Yes,4,9,Rehab,0,1,0.580195737092796
28,Other,122/96,288,31.6,Yes,No,5,6,Home,1,0,0.4463757122678151
61,Male,124/89,194,19.1,No,Yes,5,8,Nursing_Facility,0,1,0.5862725845695871
88,Female,112/72,267,39.7,No,No,3,6,Home,0,0,0.39936645016691036
22,Female,151/97,283,24.1,No,No,9,6,Home,0,0,0.41151164994211087
58,Female,154/80,253,22.2,Yes,No,7,8,Home,0,0,0.4382564972765322
22,Male,139/87,169,27.1,No,Yes,0,7,Rehab,0,1,0.5930261957697065
22,Other,116/98,270,25.4,No,No,10,5,Home,0,0,0.41891993675997763
81,Female,129/85,194,39.3,No,No,9,2,Rehab,0,1,0.5484814270617567
85,Male,140/86,257,38.1,Yes,Yes,0,6,Home,0,0,0.45935722264465084
38,Female,160/79,295,19.4,No,Yes,4,7,Nursing_Facility,0,1,0.6050731818479413
34,Other,126/73,277,39.4,No,Yes,3,2,Rehab,0,1,0.5921284778774594
27,Other,119/85,290,23.2,No,No,3,6,Home,0,0,0.4162062038064111
21,Male,141/78,189,21.9,No,No,5,4,Rehab,0,1,0.5772426746374293
67,Other,156/91,241,19.9,No,Yes,5,9,Home,1,0,0.4526050299546987
78,Male,128/88,178,25.9,No,Yes,1,3,Rehab,1,1,0.6118223777489987
42,Female,153/89,229,27.0,Yes,No,5,1,Rehab,0,1,0.6015474328439668
58,Other,126/75,267,32.3,Yes,Yes,7,10,Home,0,0,0.4678271061721855
48,Female,138/76,165,25.1,No,No,7,10,Nursing_Facility,1,1,0.5531638788841813
62,Other,140/77,212,33.8,Yes,Yes,2,5,Rehab,0,1,0.6420152614764625
80,Female,132/97,190,32.4,Yes,No,4,9,Home,0,0,0.43523926416281933
79,Male,116/84,221,35.2,No,Yes,6,7,Home,0,0,0.4281902199131293
53,Female,159/74,255,24.0,No,Yes,9,2,Home,0,0,0.45090642363016215
34,Male,159/74,300,19.9,Yes,Yes,3,2,Home,1,0,0.4921631868439269
54,Other,150/90,261,24.1,Yes,No,2,4,Home,0,0,0.47221138195104895
42,Male,157/71,213,28.2,Yes,No,2,8,Home,0,0,0.42341515233781485
53,Female,117/82,191,22.3,No,Yes,2,5,Nursing_Facility,0,1,0.5831299342421044
46,Male,136/93,239,27.4,No,Yes,9,9,Nursing_Facility,0,1,0.5905011277098593
47,Female,111/91,214,18.1,Yes,Yes,7,9,Rehab,0,1,0.6393538951114579
63,Other,144/79,269,21.9,No,No,7,2,Home,1,0,0.4268831447237734
42,Other,140/78,252,24.9,Yes,Yes,7,10,Nursing_Facility,0,1,0.619587644345211
41,Other,143/96,261,29.0,No,No,4,6,Home,0,0,0.4170380329885045
63,Male,123/85,266,35.8,Yes,Yes,5,2,Home,0,0,0.47459269013422856
28,Male,119/91,157,31.9,No,No,9,9,Nursing_Facility,0,1,0.5355718537007585
54,Other,135/70,298,25.9,No,Yes,7,3,Home,0,0,0.46883836689128705
33,Male,113/80,295,18.9,Yes,Yes,4,7,Rehab,0,1,0.6607405564913953
83,Male,136/77,224,23.5,No,Yes,1,4,Rehab,0,1,0.5963762730804874
36,Male,115/70,281,23.2,No,Yes,8,7,Rehab,0,1,0.6130617045324849
50,Male,127/99,254,28.7,Yes,No,8,2,Home,1,0,0.4708554549917113
51,Male,123/71,195,38.3,Yes,Yes,7,6,Rehab,1,1,0.6031895359824484
47,Male,121/84,186,18.3,Yes,No,2,6,Home,0,0,0.4378754800518607
86,Other,117/91,265,30.1,Yes,No,0,9,Home,0,0,0.4547845217492883
80,Female,148/97,233,24.0,Yes,Yes,9,3,Home,0,0,0.47682984980585685
45,Male,157/89,200,32.6,Yes,No,2,4,Rehab,0,1,0.5854826409616504
71,Male,132/99,247,32.8,Yes,No,6,8,Home,0,0,0.4402247471521425
69,Female,135/95,182,21.6,No,No,9,2,Rehab,0,1,0.6001765250783652
41,Male,150/87,294,29.2,Yes,No,4,5,Nursing_Facility,1,1,0.5839196977434178
58,Male,144/100,173,29.3,No,Yes,8,8,Home,0,0,0.4298945795009474
67,Other,124/93,255,36.6,Yes,Yes,2,1,Rehab,0,1,0.6317009569354444
38,Female,137/73,296,39.0,No,No,0,6,Home,0,0,0.3920401051482589
89,Female,128/89,289,22.7,No,No,1,10,Rehab,0,1,0.5852354055703601
83,Other,122/89,158,22.9,No,No,10,6,Home,0,0,0.4124221034428836
52,Male,135/84,186,18.1,Yes,No,1,3,Home,0,0,0.44165956126168265
65,Other,119/70,157,39.8,No,Yes,6,7,Home,0,0,0.41010971628265835
48,Other,115/83,241,39.6,No,No,0,5,Home,0,0,0.39811506862207435
40,Male,140/93,184,27.0,Yes,Yes,5,2,Nursing_Facility,0,1,0.6174801089114949
59,Male,124/74,237,33.6,Yes,Yes,6,7,Home,0,0,0.4652106239233975
23,Male,115/83,203,33.9,No,Yes,8,9,Nursing_Facility,1,1,0.5700279390109745
84,Male,113/83,231,26.0,No,No,2,4,Rehab,0,1,0.5766301806284636
88,Other,132/81,277,19.0,No,Yes,3,7,Rehab,0,1,0.6289860226812118
32,Female,133/70,229,31.6,Yes,Yes,6,8,Home,0,0,0.46284688410071717
35,Male,123/85,283,36.8,No,No,9,6,Home,0,0,0.40560739961639225
80,Female,142/76,248,34.1,No,Yes,4,10,Rehab,0,1,0.5919699212560593
63,Other,151/80,178,36.3,No,No,0,5,Rehab,0,1,0.5503687133357111
78,Male,160/79,194,20.0,Yes,Yes,0,5,Rehab,0,1,0.6414491517770581
75,Female,125/75,203,39.7,No,No,10,6,Home,0,0,0.3876303434546634
55,Other,159/74,247,30.1,Yes,No,2,7,Home,0,0,0.4407564459272927
59,Male,112/92,229,39.3,Yes,No,5,5,Home,0,0,0.4174099740677124
24,Female,112/82,163,23.0,No,No,3,1,Home,0,0,0.40622052485700144
64,Female,133/88,195,22.7,Yes,Yes,9,6,Home,0,0,0.48098862779448454
52,Female,124/89,197,25.1,Yes,Yes,1,9,Nursing_Facility,0,1,0.6103714684533068
64,Male,110/89,240,38.5,Yes,No,1,5,Home,0,0,0.4339306115096799
35,Male,127/74,299,22.6,Yes,No,3,5,Home,1,0,0.45521436950993865
80,Female,127/84,201,22.5,Yes,No,2,6,Home,1,0,0.44322095305985987
47,Male,155/81,193,23.7,No,Yes,2,10,Home,0,0,0.4349552897481316
36,Male,158/73,213,28.7,No,No,4,2,Home,0,0,0.4014255896525247
24,Female,118/79,167,23.3,No,Yes,2,10,Home,0,0,0.4237711097211397
27,Female,154/96,300,18.0,Yes,No,1,7,Rehab,0,1,0.612995883425859
76,Other,137/88,181,25.7,No,No,5,2,Home,0,0,0.43877155457431166
30,Other,155/93,160,19.7,No,Yes,0,9,Rehab,0,1,0.6095887591935373
27,Other,111/84,295,21.0,Yes,Yes,10,3,Rehab,0,1,0.6514237610496977
51,Other,153/84,177,35.3,Yes,No,5,3,Home,0,0,0.4327449450442749
41,Female,110/86,193,33.7,Yes,No,5,8,Home,0,0,0.4350978723116555
65,Female,152/78,160,25.5,No,Yes,7,6,Home,0,0,0.4321450561345024
46,Other,128/90,238,29.0,No,Yes,10,8,Home,0,0,0.4614869100600031
61,Female,130/96,221,39.7,No,No,6,2,Rehab,0,1,0.5663103490915865
73,Other,144/85,240,39.7,Yes,No,8,7,Home,0,0,0.42832055528704105
61,Male,126/98,195,25.5,Yes,No,0,7,Home,0,0,0.4357229199109556
59,Male,111/85,260,38.0,No,Yes,3,6,Home,0,0,0.4224816897851258
64,Male,139/91,198,18.3,Yes,Yes,2,9,Home,0,0,0.49596747290112997
84,Other,146/73,195,34.8,Yes,Yes,1,8,Home,0,0,0.480284891833557
43,Female,146/95,282,24.0,Yes,No,6,2,Nursing_Facility,0,1,0.5969937188827267
24,Other,132/92,245,30.9,Yes,No,7,8,Home,0,0,0.44058342723498095
75,Other,120/96,156,25.3,Yes,Yes,10,7,Home,0,0,0.47878878947086284
26,Male,157/85,254,19.4,Yes,Yes,5,9,Home,0,0,0.48653637215886714
47,Other,150/99,250,30.7,Yes,No,6,2,Home,1,0,0.4431320750413935
48,Female,136/91,249,39.7,No,Yes,0,8,Home,0,0,0.42780165560202976
63,Other,138/92,241,24.1,Yes,Yes,7,5,Home,0,0,0.49227048036516885
59,Male,131/72,182,29.3,No,Yes,6,9,Home,0,0,0.43320441074119864
66,Male,147/73,240,26.2,Yes,Yes,8,9,Home,0,0,0.4873927517788564
20,Female,144/86,288,24.9,Yes,No,1,1,Home,0,0,0.4491914826307332
35,Female,145/86,153,20.6,No,No,8,3,Rehab,0,1,0.5618476448810894
71,Other,135/71,215,28.5,No,Yes,2,5,Rehab,0,1,0.6065386671807511
52,Male,126/79,179,22.3,Yes,No,8,3,Rehab,0,1,0.6107157797833216
45,Female,123/86,220,35.8,No,Yes,6,6,Home,0,0,0.43373562534489996
82,Female,122/91,264,31.5,No,No,3,2,Home,0,0,0.40497688350686867
50,Other,116/76,234,26.3,Yes,No,3,3,Home,0,0,0.44461222464238964
73,Female,127/89,251,39.4,Yes,No,4,10,Rehab,0,1,0.5890355968210377
31,Male,141/75,191,19.0,No,Yes,6,5,Nursing_Facility,0,1,0.5854947363615334
38,Female,153/79,290,20.5,Yes,No,2,7,Home,0,0,0.4715273286294631
40,Female,139/86,220,28.8,No,Yes,9,5,Home,0,0,0.4332695779989246
61,Other,145/74,240,31.9,No,No,8,7,Home,0,0,0.426028406216623
81,Female,142/72,221,26.9,Yes,Yes,8,4,Home,0,0,0.4735387933779317
28,Female,151/75,197,24.9,No,Yes,7,5,Rehab,0,1,0.6023427518172508
89,Male,127/79,193,32.6,No,Yes,9,8,Home,1,0,0.4359114071355343
36,Female,119/96,273,21.9,Yes,No,1,2,Home,0,0,0.4488559925894959
32,Other,154/86,183,24.4,Yes,Yes,1,2,Rehab,0,1,0.6400132812969268
48,Male,140/85,187,28.7,No,Yes,5,1,Home,1,0,0.4345074482217438
70,Female,112/97,193,30.9,No,Yes,8,6,Home,0,0,0.43404344369426506
85,Male,110/87,174,20.3,No,Yes,4,7,Home,0,0,0.441281042000878
39,Other,137/89,238,33.3,No,No,2,4,Home,0,0,0.40488519341618034
55,Other,121/100,280,33.2,Yes,No,7,3,Home,0,0,0.43609902721061683
53,Female,135/76,196,24.8,Yes,Yes,1,9,Home,1,0,0.4656717287011526
89,Female,141/81,232,29.7,No,No,10,3,Home,0,0,0.41473727036151453
36,Female,133/98,160,24.1,Yes,No,5,2,Home,0,0,0.4415192121131259
35,Female,130/74,208,28.4,Yes,No,1,2,Nursing_Facility,0,1,0.5837210332807194
